nomer	otsenka_0_1_2	zapros	akt	razdel	punkty	fragment	query_id	chunk_id
1	0	Следует ли включать в расчет раздела 8 Отчета договоры, заключенные до 31.08.2019, транши по которым были предоставлены после 31.08.2019, если Указанием Банка России № 4892-У не предусмотрена необходимость расчета ПДН для указанных договоров? Если при выдаче кредита до 01.10.2019 ПДН не рассчитывался, выдачи по договору производятся регулярно, какой код ПДН следует использовать при расчете надбавки к коэффициентам риска: рассчитанный на основе имеющейся в банке информации, код 1000.i, когда банк вправе не рассчитывать ПДН; код 1007.i, когда банк не выполнил обязанности произвести расчет ПДН, если информация для расчета ПДН у банка отсутствует?	6406-У от 10.04.2023	Глава 3. Cоставление Отчета	5.2	"5.2. В графе 2 раздела 1 и раздела 2 Отчета указывается интервал, которому соответствует значение
ПДН, рассчитанное при принятии решения, предусмотренного частью 1 статьи 51 Федерального закона
№ 353-ФЗ, на наиболее позднюю дату.
В графе 3 раздела 1 и раздела 2 Отчета указывается интервал, которому соответствует значение ПДН,
рассчитанное в течение срока действия договора кредита (займа) на наиболее позднюю дату, за исключением случаев принятия решений, предусмотренных частью 1 статьи 51 Федерального закона № 353-ФЗ.
В иных случаях графа 3 раздела 1 и раздела 2 Отчета не заполняется.
В графе 2 раздела 1 и раздела 2 Отчета и графе 3 раздела 1 и раздела 2 Отчета указывается:
[0; 10] - если значение ПДН не превышает или соответствует 10 процентам;
(10; 20] - если значение ПДН превышает 10 процентов и не превышает или соответствует 20 процентам;
и далее с интервалом в 10 процентов до достижения 100 процентов;
более 100 - если значение ПДН превышает 100 процентов.
В графе 2 раздела 1 и раздела 2 Отчета и графе 3 раздела 1 и раздела 2 Отчета указывается один
интервал."	exp0013	6406-У_10042023#1802
2	0	Верно ли, что в Отчете за I квартал 2020 года необходимо отразить кредиты, выданные с 01.10.2019 по 31.03.2020, по которым был рассчитан ПДН?	5114-У от 02.04.2019	Глава 1. Общие положения	1.3	"1.3. В случае если информация, используемая при расчете ПДН и полученная из разных источников,
различается, для расчета ПДН используется информация, которая в соответствии с критериями, установленными в Методике, оценивается как достоверная и актуальная."	exp0018	5114-У_02042019#0036
3	2	Просим пояснить, по каким символам Отчета о финансовых результатах (далее — ОФР) следует отражать суммы, получаемые за счет субсидий из федерального бюджета, направляемые российским кредитным организациям на возмещение выпадающих процентных доходов по выданным физическим лицам кредитам на приобретение автотранспортных средств подпадающих под действие Постановления Правительства РФ от 01.08.2011 № 640 «Об утверждении Правил предоставления из федерального бюджета субсидий российским организациям автомобилестроения, в том числе их дочерним организациям, на возмещение части затрат на уплату процентов по кредитам, полученным на реализацию инвестиционных и инновационных проектов и (или) выплату купонного дохода по облигациям, выпущенным для осуществления расходов инвестиционного характера, а также на возмещение части затрат на уплату процентов по кредитам, привлеченным в 2009 — 2010 годах и обеспеченным государственными гарантиями Российской Федерации, в рамках подпрограммы «Автомобильная промышленность» государственной программы Российской Федерации «Развитие промышленности и повышение ее конкурентоспособности» государственной программы Российской Федерации «Развитие промышленности и повышение ее конкурентоспособности» и Постановления Правительства РФ от 16.04.2015 № 364 «О предоставлении из федерального бюджета субсидий российским кредитным организациям на возмещение выпадающих доходов по кредитам, выданным российскими кредитными организациями в 2015 году физическим лицам на приобретение автомобилей, в рамках подпрограммы «Автомобильная промышленность» государственной программы Российской Федерации «Развитие промышленности и повышение ее конкурентоспособности» (вместе с «Правилами предоставления из федерального бюджета субсидий российским кредитным организациям на возмещение выпадающих доходов по кредитам, выданным российскими кредитными организациями в 2015 году физическим лицам на приобретение автомобилей, в рамках подпрограммы «Автомобильная промышленность» государственной программы Российской Федерации «Развитие промышленности и повышение ее конкурентоспособности»).	446-П от 22.12.2014	Глава 15. Доходы, связанные с операциями	15.5–15.7	"15.5. Доходы от безвозмездно полученного имущества отражаются в ОФР по символу 29402.
15.6. Нижеперечисленные доходы отражаются
в ОФР в фактических суммах на дату их выявления
(получения):
от списания обязательств и невостребованной
кредиторской задолженности - по символу 29406;
от оприходования излишков - по символам
29404, 29405.
15.7. К другим доходам, носящим разовый, случайный характер, в том числе относятся доходы
от государственных субсидий, которые отражаются
в ОФР по символу 29407."	exp0022	446-П_22122014#0055
4	2	Просим пояснить, по каким символам Отчета о финансовых результатах (далее — ОФР) следует отражать суммы, получаемые за счет субсидий из федерального бюджета, направляемые российским кредитным организациям на возмещение выпадающих процентных доходов по выданным физическим лицам кредитам на приобретение автотранспортных средств подпадающих под действие Постановления Правительства РФ от 01.08.2011 № 640 «Об утверждении Правил предоставления из федерального бюджета субсидий российским организациям автомобилестроения, в том числе их дочерним организациям, на возмещение части затрат на уплату процентов по кредитам, полученным на реализацию инвестиционных и инновационных проектов и (или) выплату купонного дохода по облигациям, выпущенным для осуществления расходов инвестиционного характера, а также на возмещение части затрат на уплату процентов по кредитам, привлеченным в 2009 — 2010 годах и обеспеченным государственными гарантиями Российской Федерации, в рамках подпрограммы «Автомобильная промышленность» государственной программы Российской Федерации «Развитие промышленности и повышение ее конкурентоспособности» государственной программы Российской Федерации «Развитие промышленности и повышение ее конкурентоспособности» и Постановления Правительства РФ от 16.04.2015 № 364 «О предоставлении из федерального бюджета субсидий российским кредитным организациям на возмещение выпадающих доходов по кредитам, выданным российскими кредитными организациями в 2015 году физическим лицам на приобретение автомобилей, в рамках подпрограммы «Автомобильная промышленность» государственной программы Российской Федерации «Развитие промышленности и повышение ее конкурентоспособности» (вместе с «Правилами предоставления из федерального бюджета субсидий российским кредитным организациям на возмещение выпадающих доходов по кредитам, выданным российскими кредитными организациями в 2015 году физическим лицам на приобретение автомобилей, в рамках подпрограммы «Автомобильная промышленность» государственной программы Российской Федерации «Развитие промышленности и повышение ее конкурентоспособности»).	446-П от 22.12.2014	Глава 15. Доходы, связанные с операциями	15.7	"15.7. К другим доходам, носящим разовый, случайный характер, в том числе относятся доходы
от государственных субсидий, которые отражаются
в ОФР по символу 29407.
расходов"	exp0022	446-П_22122014#0056
5	2	Просим пояснить, по каким символам Отчета о финансовых результатах (далее — ОФР) следует отражать суммы, получаемые за счет субсидий из федерального бюджета, направляемые российским кредитным организациям на возмещение выпадающих процентных доходов по выданным физическим лицам кредитам на приобретение автотранспортных средств подпадающих под действие Постановления Правительства РФ от 01.08.2011 № 640 «Об утверждении Правил предоставления из федерального бюджета субсидий российским организациям автомобилестроения, в том числе их дочерним организациям, на возмещение части затрат на уплату процентов по кредитам, полученным на реализацию инвестиционных и инновационных проектов и (или) выплату купонного дохода по облигациям, выпущенным для осуществления расходов инвестиционного характера, а также на возмещение части затрат на уплату процентов по кредитам, привлеченным в 2009 — 2010 годах и обеспеченным государственными гарантиями Российской Федерации, в рамках подпрограммы «Автомобильная промышленность» государственной программы Российской Федерации «Развитие промышленности и повышение ее конкурентоспособности» государственной программы Российской Федерации «Развитие промышленности и повышение ее конкурентоспособности» и Постановления Правительства РФ от 16.04.2015 № 364 «О предоставлении из федерального бюджета субсидий российским кредитным организациям на возмещение выпадающих доходов по кредитам, выданным российскими кредитными организациями в 2015 году физическим лицам на приобретение автомобилей, в рамках подпрограммы «Автомобильная промышленность» государственной программы Российской Федерации «Развитие промышленности и повышение ее конкурентоспособности» (вместе с «Правилами предоставления из федерального бюджета субсидий российским кредитным организациям на возмещение выпадающих доходов по кредитам, выданным российскими кредитными организациями в 2015 году физическим лицам на приобретение автомобилей, в рамках подпрограммы «Автомобильная промышленность» государственной программы Российской Федерации «Развитие промышленности и повышение ее конкурентоспособности»).	810-П от 24.11.2022	Глава 15. Доходы, связанные с операциями	15.5–15.7	"15.5. Доходы от безвозмездно полученного
имущества отражаются в ОФР по символу 29402.
15.6. Нижеперечисленные доходы отражаются в
ОФР в фактических суммах на дату их выявления
(получения):
от списания обязательств и невостребованной
кредиторской задолженности - по символу 29406;
от оприходования излишков денежной наличности - по символу 29405.
15.7. К другим доходам, носящим разовый, случайный характер, относятся в том числе доходы от
государственных субсидий, которые отражаются в
ОФР по символу 29407."	exp0022	810-П_24112022#0051
6	0	Пунктом 1 Указания Банка России от 2 мая 2012 года № 2814-У «О размере значения переводов денежных средств, при превышении которого оператор по переводу денежных средств обязан обеспечить направление в Банк России заявления о регистрации оператора платежной системы» (далее — Указание № 2814-У) установлено значение переводов денежных средств, осуществляемых в течение трех месяцев подряд между банковскими счетами не менее трех операторов по переводу денежных средств, в размере 1500 миллионов рублей, при превышении которого оператор по переводу денежных средств, у которого открыты эти банковские счета, обязан обеспечить направление в Банк России заявления о регистрации оператора платежной системы. При применении указанной нормы возникают следующие вопросы: 1. Является ли верным утверждение о том, что под банковскими счетами операторов по переводу денежных средств понимаются счета только кредитных организаций-резидентов? 2. Должны ли учитываться при определении размера оборотов по счетам операторов по переводу денежных средств, переводы со счетов операторов по переводу денежных средств в адрес клиентов таких операторов по переводу денежных средств и наоборот? 3. В деятельности участников национальной платежной системы нередко возникают ситуации, когда в территориальных отделениях (филиалах, представительствах) оператора по переводу денежных средств открыты счета другим кредитным организациям? В случае превышения значения переводов денежных средств, осуществляемых в течение трех месяцев подряд между банковскими счетами не менее трех операторов по переводу денежных средств, установленного пунктом 1 Указания № 2814-У, должны ли такие территориальные отделения (филиалы, представительства) оператора по переводу денежных средств направлять в Банк России заявление о регистрации в качестве оператора платежной системы?	5325-У от 21.11.2019	Приложение. к уведомлению.		"системы “REXPAY” из реестра операторов
платежных систем, руководствуясь пунктом 1 части 31 статьи 15 Федерального закона от 27.06.2011
№ 161-ФЗ “О национальной платежной системе” и абзацем вторым пункта 2.9 Положения Банка России
от 02.05.2012 № 378-П “О порядке направления в Банк России заявления о регистрации оператора
платежной системы” (с изменениями),
ПРИКАЗЫВАЮ:"	exp0023	5325-У_21112019#0009
7	1	Рекомендованная Банком России в период пандемии коронавирусной инфекции (COVID19) (с 01.03.2020 по 30.06.2021) практика по временному послаблению обслуживания долга заемщиков оказала положительное влияние на качество портфелей заемщиков, имевших в истории обслуживания долга по кредитам продолжительный период бездефолтного обслуживания ссуды. Клиенты, воспользовавшиеся предложениями КО: — реже других заемщиков имели просроченную задолженность; — быстрее других заемщиков погашали просроченную задолженность, сохраняя положительную динамику своевременного погашения кредита в последующем. Принимая во внимание уже имеющейся опыт положительной практики в период пандемии коронавирусной инфекции (COVID19), КО и в период санкций планируют применять приведенный выше подход предоставления заемщикам льготных опций, что позволит улучшать качество платежной дисциплины заемщиков, предоставляя клиентам с длительным периодом бездефолтного обслуживания ссуды возможность временно изменять режим выплат в связи с непредвиденными жизненными обстоятельствами, например: — изменение даты получения заработной платы; — повышенные сезонные затраты; — сезонность заработка; — заболевание коронавирусной инфекцией (COVID19); — форс-мажор и т.д. С учетом изложенного просим разъяснить, вправе ли КО не признавать обесцененными ссуды в случаях применения приведенных выше опций?	1-ОР от 30.09.2020		6	"), предоставленных физическим лицам
В связи с окончанием 30.09.2020 срока, до
которого заемщики вправе обратиться с требованием об изменении условий кредитного договора
(договора займа) в порядке, предусмотренном
Федеральным законом от 03.04.2020 № 106-ФЗ
“О внесении изменений в Федеральный закон
“О Центральном банке Российской Федерации
(Банке России)” и отдельные законодательные
акты Российской Федерации в части особенностей
изменения условий кредитного договора, договора
займа” (далее - Закон № 106-ФЗ), Банк России рекомендует кредитным организациям, микрофинансовым организациям, кредитным потребительским
кооперативам, сельскохозяйственным кредитным
потребительским кооперативам (далее - кредиторы) продолжать рассматривать возможность
изменения условий ранее предоставленных кредитов (займов).
В этой связи Банк России рекомендует кредиторам в случае обращения заемщиков в период с 01.10.2020 по 31.12.2020 с заявлением
об изменении условий кредитного договора
(договора займа), по которому был установлен
предусмотренный Законом № 106-ФЗ льготный
период, в связи со снижением дохода заемщика
(совокупного дохода всех заемщиков) до уровня, не позволяющего заемщику исполнять свои
обязательства по такому потребительскому кредиту (займу), и (или) подтверждением наличия
у заемщика или совместно проживающих с ним
членов семьи COVID-19, удовлетворять заявление
заемщика и принимать решение об изменении
условий кредитного договора (договора займа)
на срок до трех месяцев с даты обращения заемщика с соответствующим заявлением на условиях, предусмотренных собственной программой
реструктуризации кредитов (займов).
Аналогичный подход рекомендуем применять в
отношении ранее проведенной реструктуризации
долга в соответствии с собственными программами реструктуризации кредитов (займов).
Кроме того, в случае обращения в период до
31.12.2020 заемщика с заявлением об изменении
условий кредитного договора (договора займа),
по которому не был установлен предусмотренный
Законом № 106-ФЗ льготный период и не была
проведена реструктуризация долга в соответствии
с собственными программами реструктуризации
кредитов (займов), в связи со снижением дохода
заемщика (совокупного дохода всех заемщиков)
и (или"	exp0030	1-ОР_30092020#0009
8	1	Рекомендованная Банком России в период пандемии коронавирусной инфекции (COVID19) (с 01.03.2020 по 30.06.2021) практика по временному послаблению обслуживания долга заемщиков оказала положительное влияние на качество портфелей заемщиков, имевших в истории обслуживания долга по кредитам продолжительный период бездефолтного обслуживания ссуды. Клиенты, воспользовавшиеся предложениями КО: — реже других заемщиков имели просроченную задолженность; — быстрее других заемщиков погашали просроченную задолженность, сохраняя положительную динамику своевременного погашения кредита в последующем. Принимая во внимание уже имеющейся опыт положительной практики в период пандемии коронавирусной инфекции (COVID19), КО и в период санкций планируют применять приведенный выше подход предоставления заемщикам льготных опций, что позволит улучшать качество платежной дисциплины заемщиков, предоставляя клиентам с длительным периодом бездефолтного обслуживания ссуды возможность временно изменять режим выплат в связи с непредвиденными жизненными обстоятельствами, например: — изменение даты получения заработной платы; — повышенные сезонные затраты; — сезонность заработка; — заболевание коронавирусной инфекцией (COVID19); — форс-мажор и т.д. С учетом изложенного просим разъяснить, вправе ли КО не признавать обесцененными ссуды в случаях применения приведенных выше опций?	5420-У от 24.03.2020		1	"1. В случае обращения к кредитору заемщика, у которого подтверждено наличие COVID-19,
с заявлением о реструктуризации его долга по
договору кредита (займа), предусматривающей
приостановление исполнения заемщиком своих
обязательств либо уменьшение размера платежей
заемщика, рекомендуется оперативно рассматривать и принимать решение об удовлетворении
такого заявления заемщика.
При определении условий реструктуризации
долга по договору кредита (займа) (в части сроков
и начисления процентов) полагаем возможным
применять порядок, аналогичный установленному
статьей 6.1-1 Федерального закона от 21 декабря
2013 года № 353-ФЗ “О потребительском кредите
(займе)” (далее - Закон № 353-ФЗ) без учета условий, определенных в части 1 указанной статьи,
в том числе не начислять неустойку (штраф, пени)
за ненадлежащее исполнение обязательств по
договорам кредита (займа). Указанную реструктуризацию рекомендуем проводить и в случае,
если ранее заемщиком было реализовано право на
льготный период, предусмотренный статьей 6.1-1
Закона № 353-ФЗ.
При этом кредиторам рекомендуется организовать дистанционное взаимодействие, в том
числе по телефону, с заемщиком с возможностью
последующего предоставления документов, включая подтверждающие заболевание COVID-19, кредитору после окончания периода временной нетрудоспособности.
Рекомендуем руководствоваться указанным
подходом и в случае обращения заемщика к кредитору после возникновения просроченной задолженности, если такое обращение поступило после
окончания периода временной нетрудоспособности заемщика, вызванной COVID-19 (при условии
предоставления подтверждающих документов).
В указанных случаях рекомендуем не начислять
неустойку (штраф, пени) за ненадлежащее исполнение обязательств по договору в период указанной нетрудоспособности.
В случаях, предусмотренных настоящим пунктом, кредитору рекомендуется также организовать взаимодействие с бюро кредитных историй в
части предоставления информации, необходимой
для включения в состав кредитной истории соответствующих заемщиков с целью недопущения
ухудшения кредитных историй указанных заемщиков."	exp0030	5420-У_24032020#0005
9	1	Изменение величины чистых активов иностранной дочерней организации банка, связанное, в том числе, с изменением курса функциональной валюты этой дочерней организации, влияет на консолидированный финансовый результат банковской группы. Для снижения волатильности финансового результата группы головной банк заинтересован в хеджировании валютного риска по вложениям в капитал дочерних организаций, но при текущем порядке учета вложений (в рублях по первоначальной стоимости) такое хеджирование не будет эффективным. Предлагаем, не меняя действующего порядка учета вложений, отражать в учете изменение величины чистых активов дочерней организации как изменение справедливой стоимости объекта хеджирования с отнесением на счета финансового результата, то есть применить порядок учета, аналогичный неотраженному на балансовых счетах твердому соглашению. Одновременно с этим, признавать хеджирующим инструментом совокупность форвардных контрактов на продажу/покупку валюты инвестиции за рубли в объеме, равном чистым активам дочерней организации. При этом для соблюдения регуляторных требований необходимо предусмотреть, что указанные контракты не включаются в расчет ОВП и рыночного риска.	496-П от 05.10.2015	Глава 3. Особенности бухгалтерского учета хеджирования справ	3.2.2	"3.2.2. В случае если объектом хеджирования
является долевой финансовый инструмент, для
которого некредитная финансовая организация
выбрала не подлежащее отмене решение отражать изменения справедливой стоимости в составе прочего совокупного дохода, такое изменение продолжает отражаться в составе прочего
совокупного дохода. Изменение справедливой
стоимости инструмента хеджирования, ранее
отраженное на счете № 715 “Доходы и расходы
(кроме процентных) от операций с финансовыми
инструментами и драгоценными металлами”, при
этом переносится в состав прочего совокупного
дохода.
Доход от увеличения справедливой стоимости
инструмента хеджирования отражается бухгалтерской записью:
Дебет счета № 715 “Доходы и расходы (кроме
процентных) от операций с финансовыми инструментами и драгоценными металлами”
Кредит счета № 10622 “Положительная переоценка финансовых активов”, № 10623 “Отрицательная переоценка финансовых активов”.
Расход в результате уменьшения справедливой
стоимости инструмента хеджирования отражается
бухгалтерской записью:
Дебет счета № 10623 “Отрицательная переоценка финансовых активов”, № 10622 “Положительная
переоценка финансовых активов”
Кредит счета № 715 “Доходы и расходы (кроме
процентных) от операций с финансовыми инструментами и драгоценными металлами”."	exp0032	496-П_05102015#0018
10	1	Изменение величины чистых активов иностранной дочерней организации банка, связанное, в том числе, с изменением курса функциональной валюты этой дочерней организации, влияет на консолидированный финансовый результат банковской группы. Для снижения волатильности финансового результата группы головной банк заинтересован в хеджировании валютного риска по вложениям в капитал дочерних организаций, но при текущем порядке учета вложений (в рублях по первоначальной стоимости) такое хеджирование не будет эффективным. Предлагаем, не меняя действующего порядка учета вложений, отражать в учете изменение величины чистых активов дочерней организации как изменение справедливой стоимости объекта хеджирования с отнесением на счета финансового результата, то есть применить порядок учета, аналогичный неотраженному на балансовых счетах твердому соглашению. Одновременно с этим, признавать хеджирующим инструментом совокупность форвардных контрактов на продажу/покупку валюты инвестиции за рубли в объеме, равном чистым активам дочерней организации. При этом для соблюдения регуляторных требований необходимо предусмотреть, что указанные контракты не включаются в расчет ОВП и рыночного риска.	496-П от 05.10.2015	Приложение 1		"50729
52601
93313
96313
99996
99997
в рублях,
иностранная валюта
и драгоценные металлы -
в рублевом эквиваленте
Остатки
в иностранной валюте - в сумме
соответствующей валюты
и в драгоценных металлах -
в натуральных показателях
25 609 000-00
2 350 000-00
4 240 000-00
343 968 000-00
25 609 000-00
6 590 000-00
294 000 000-00
284 290 000-00
284 290 000-00
294 000 000-00
10 000 000-00
30.06.20Х1.
Отражение изменения справедливой стоимости форвардного договора в последний рабочий день
квартала (изменение справедливой стоимости отражается условно в целом за квартал):
Счет № 52601 “Производные финансовые инструменты, от которых ожидается получение экономических выгод”.
Счет № 71509 “Доходы от операций с производными финансовыми инструментами и от применения встроенных производных финансовых инструментов, не отделяемых от основного договора”.
Расчет: 10 000 000 USD (28,4290 руб. - 28,6640 руб.) = -2 350 000 руб.
Счет № 50729 “Переоценка долевых ценных бумаг банков-нерезидентов - положительные разницы”.
Счет второго порядка счета № 106 “Добавочный капитал” по учету положительной переоценки финансового инструмента, изменение справедливой
стоимости которого отражается в составе прочего совокупного дохода.
Дебет счета №
Кредит счета №
52601
71509
оборот по счету (руб.)
6 502 000-00
6 502 000-00
Отражение переоценки обязательств по уплате денежных средств:
Дебет счета №
Кредит счета №
96313
99996
оборот по счету (руб.)
3 532 000-001
3 532 000-00
Отражение переоценки акций:
оборот по счету (руб.)
74 781 100-00
Дебет счета второго порядка счета № 106
“Добавочный капитал” по учету положительной
переоценки финансового инструмента, изменение
справедливой стоимости которого отражается
в составе прочего совокупного дохода
Кредит счета № 50729
74 781 100-00"	exp0032	496-П_05102015#0038
11	0	Изменение величины чистых активов иностранной дочерней организации банка, связанное, в том числе, с изменением курса функциональной валюты этой дочерней организации, влияет на консолидированный финансовый результат банковской группы. Для снижения волатильности финансового результата группы головной банк заинтересован в хеджировании валютного риска по вложениям в капитал дочерних организаций, но при текущем порядке учета вложений (в рублях по первоначальной стоимости) такое хеджирование не будет эффективным. Предлагаем, не меняя действующего порядка учета вложений, отражать в учете изменение величины чистых активов дочерней организации как изменение справедливой стоимости объекта хеджирования с отнесением на счета финансового результата, то есть применить порядок учета, аналогичный неотраженному на балансовых счетах твердому соглашению. Одновременно с этим, признавать хеджирующим инструментом совокупность форвардных контрактов на продажу/покупку валюты инвестиции за рубли в объеме, равном чистым активам дочерней организации. При этом для соблюдения регуляторных требований необходимо предусмотреть, что указанные контракты не включаются в расчет ОВП и рыночного риска.	873-П от 10.10.2025	Глава 25. Отражение на счетах бухгалтерского	25.1–25.3	"учета хеджирования риска, связанного
с финансовым инструментом
с фиксированной ставкой процента,
или риска, связанного с изменением
цен на товары
25.1. Отдельная организация должна отразить на
счетах бухгалтерского учета в соответствии с настоящей главой хеджирование следующих рисков:
риска изменения справедливой стоимости долгового финансового инструмента с фиксированной
ставкой процента, оцениваемого по амортизированной стоимости, стороной которого является
отдельная организация;
риска изменения справедливой стоимости
товаров, принадлежащих отдельной организации.
25.2. При отражении на счетах бухгалтерского учета хеджирования рисков, указанных в
пункте 25.1 настоящего Положения, отдельная
организация должна:
отразить признание связанного с объектом
хеджирования инструмента хеджирования и изменение его справедливой стоимости в составе
прибыли или убытка; и
одновременно отразить изменение справедливой стоимости объекта хеджирования, связанное
с хеджируемым риском, в составе прибыли или
убытка и в качестве корректировки балансовой
стоимости объекта хеджирования.
25.3. Отдельная организация должна отразить
связанное с хеджируемым риском увеличение
справедливой стоимости объекта хеджирования,
являющегося долговым финансовым активом с
фиксированной ставкой процента, оцениваемым
по амортизированной стоимости, или товаром,
бухгалтерской записью:
Дебет счета по учету актива, являющегося объектом хеджирования
Кредит счета № 71509 “Доходы от производных
инструментов” (далее - счет № 71509) или счета
№ 71510 “Расходы по производным инструментам”
(далее - счет № 71510) в зависимости от наличия
остатка на указанных счетах."	exp0032	873-П_10102025#0191
12	2	Правомерно ли банкам применять рейтинги, присвоенные кредитными рейтинговыми агентствами «Standard & Poor’s», «Fitch Ratings», «Moody’s Investors Service» для ценных бумаг, эмитированных резидентами Российской Федерации, при расчете рыночного риска и показателя (норматива) краткосрочной ликвидности с 14.07.17, как и ранее, в связи с тем, что согласно Федеральному закону от 13.07.2015 № 222-ФЗ «О деятельности кредитных рейтинговых агентств в Российской Федерации, о внесении изменения в статью 761 Федерального закона „О Центральном банке Российской Федерации (Банке России)“ и признании утратившими силу отдельных положений законодательных актов Российской Федерации», для российских объектов рейтинга применяются только рейтинги по национальной шкале для Российской Федерации только от внесенных в реестр кредитных рейтинговых агентств? Если да, то продолжает ли действовать Указание Банка России от 25.11.2014 № 3453-У «Об особенностях использования рейтингов кредитоспособности в целях применения нормативных актов Банка России»?	221-И от 26.05.2025	Глава 1. Общие положения	1.10	"5211-У (зарегистрировано Мин­юстом России 12 сентября 2019 года, регистрационный № 55910), от 16 октября 2019 года № 5288-У
(зарегистрировано Мин­юстом России 27 ноября 2019 года, регистрационный № 56646), от 11 января 2021 года № 5690-У (зарегистрировано Мин­юстом России 26 апреля 2021 года, регистрационный № 63238), от 18 августа 2021 года № 5889-У (зарегистрировано
Мин­юстом России 21 сентября 2021 года, регистрационный № 65077), от 15 февраля 2022 года № 6068-У (зарегистрировано Минюстом России 24 марта 2022 года, регистрационный № 67894), от 15 марта 2023 года № 6377-У (зарегистрировано Мин­юстом России
7 апреля 2023 года, регистрационный № 72915).
валюте, присвоенные иностранными кредитными
рейтинговыми агентствами “Эс-энд-Пи Глобал
Рейтингс” (S&P Global Ratings), “Фитч Рейтингс”
(Fitch Ratings) либо “Мудис Инвесторс Сервис”
(Moodyʼs Investors Service), осуществляющими
в соответствии со своим личным законом рейтинговую деятельность (далее - иностранные кредитные рейтинговые агентства), по международной
рейтинговой шкале, используются только в отношении иностранных объектов рейтинга в валюте,
в которой номинировано обязательство.
Кредитные рейтинги, присвоенные кредитными
рейтинговыми агентствами, сведения о которых
внесены Банком России в реестр кредитных рейтинговых агентств в соответствии со статьей 4 Федерального закона от 13 июля 2015 года № 222-ФЗ
“О деятельности кредитных рейтинговых агентств
в Российской Федерации, о внесении изменения
в статью 761 Федерального закона “О Центральном банке Российской Федерации (Банке России)” и признании утратившими силу отдельных
положений законодательных актов Российской
Федерации” (далее - российские кредитные рейтинговые агентства), по национальной рейтинговой
шкале для Российской Федерации используются
в отношении российских объектов рейтинга, а присвоенные по международной рейтинговой шкале"	exp0036	221-И_26052025#0006
13	1	В соответствии с пунктом 2 Порядка и сроков составления отчетности по форме 0420414 «Сведения о выданных и полученных займах», установленных в приложении 1 к Указанию № 7119-У, по показателям раздела 1 отчетности по форме 0420414 отражается на основании данных бухгалтерского учета профессионального участника информация о займах, выданных профессиональным участником и не погашенных на отчетную дату. Информация отражается без учета процентов за пользование займом. При этом: «По показателю „Просроченная задолженность по выданному займу“ указывается сумма задолженности по договору займа, срок погашения которой истек по состоянию на отчетную дату, в рублях с учетом начисленных процентов за пользование займом, штрафов, пеней». Показатель «Просроченная задолженность по выданному займу» относится к показателям раздела 1. Следует ли отражать показатель «Просроченная задолженность по выданному займу» с учетом процентов, если в целом по разделу вся информация отражается без накопленных процентов?	6406-У от 10.04.2023	Глава 3. Cоставление Отчета	5.11.6–5.11.9	"5.11.6. В графе 15 раздела 1 Отчета указывается общая задолженность по кредиту (займу) с учетом
начисленных (накопленных) процентов, по которому на отчетную дату имеются просроченные платежи
сроком свыше 360 дней, в целых тысячах рублей (с округлением по правилам математического округления).
5.11.7. В графе 16 раздела 2 Отчета указывается общая задолженность по кредиту (займу) с учетом
начисленных (накопленных) процентов, по которому на отчетную дату имеются просроченные платежи
сроком от 361 дня до 720 дней, в целых тысячах рублей (с округлением по правилам математического
округления).
5.11.8. В графе 17 раздела 2 Отчета указывается общая задолженность по кредиту (займу) с учетом
начисленных (накопленных) процентов, по которому на отчетную дату имеются просроченные платежи
сроком свыше 720 дней, в целых тысячах рублей (с округлением по правилам математического округления).
5.11.9. При наличии нескольких просроченных платежей по кредиту (займу) информация о задолженности по такому кредиту (займу) включается в одну из граф 11-15 раздела 1 Отчета, одну из граф 12-17
раздела 2 Отчета, предусматривающих наличие просроченных платежей с наибольшей продолжительностью.
При наличии одного или нескольких просроченных платежей в рамках одной операции по выдаче
физическим лицам денежных средств по кредиту (займу), предоставленному с использованием банковской карты, информация о таком платеже (таких платежах) включается в одну из граф 11-15 раздела 1
Отчета, предусматривающих наличие просроченных платежей с наибольшей продолжительностью по
указанной операции, вне зависимости от наличия просроченных платежей в рамках совершения иных
операций по такому кредиту (займу)."	exp0038	6406-У_10042023#1813
14	1	В практике работы кредитной организации заключаются сделки купли-продажи иностранной валюты, драгоценных металлов, ценных бумаг, по которым дата поставки базисного (базового) актива устанавливается не ранее третьего рабочего дня с даты заключения сделки, а оплата за указанное имущество устанавливается ранее даты поставки базисного (базового) актива. Распространяется ли с 1 января 2014 года Положение 372-П на договоры купли-продажи иностранной валюты, драгоценных металлов, ценных бумаг, не являющиеся производными финансовыми инструментами, предусматривающие обязанность одной стороны передать иностранную валюту, драгоценные металлы, ценные бумаги в собственность другой стороне не ранее третьего рабочего дня после дня заключения договора, обязанность другой стороны принять и оплатить указанное имущество в следующие сроки: в дату заключения сделки (дата Т); на следующий рабочий день после заключения сделки (дата Т+1); на второй рабочий день после заключения сделки (дата Т+2)?	6406-У от 10.04.2023	Глава 4. Отражение финансовых инструментов в разделах 1 и 2 	4.14	"ной задолженности.
Просроченные обязательства по беспоставочным (индексным) производным финансовым инструментам
оцениваются в размере чистой суммы непоставленных активов или денежных средств, но не в размере
номинальной суммы обязательств, на основе которой была определена чистая сумма непоставленных
активов.
Просроченные обязательства по поставочным производным финансовым инструментам и договорам
купли-продажи иностранной валюты, драгоценных металлов, ценных бумаг, не являющимся производными
финансовыми инструментами и предусматривающим обязанность одной стороны передать иностранную
валюту, драгоценные металлы, ценные бумаги в собственность другой стороне не ранее третьего рабочего дня после дня заключения договора, обязанность другой стороны принять и оплатить указанное
имущество, оцениваются в размере номинальной суммы обязательств.
В случае если поставочный производный финансовый инструмент или договор купли-продажи
иностранной валюты, драгоценных металлов, ценных бумаг, не являющийся производным финансовым
инструментом и предусматривающий обязанность одной стороны передать иностранную валюту, драгоценные металлы, ценные бумаги в собственность другой стороне не ранее третьего рабочего дня после
дня заключения договора, обязанность другой стороны принять и оплатить указанное имущество, не
был исполнен по вине уполномоченного банка, встречное требование к нерезиденту не является просроченной задолженностью нерезидента и должно отражаться по строке для учета прочих требований
к нерезидентам.
В случае если поставочный производный финансовый инструмент или договор купли-продажи
иностранной валюты, драгоценных металлов, ценных бумаг, не являющийся производным финансовым
инструментом и предусматривающий обязанность одной стороны передать иностранную валюту, драгоценные металлы, ценные бумаги в собственность другой стороне не ранее третьего рабочего дня после
дня заключения договора, обязанность другой стороны принять и оплатить указанное имущество, не был
исполнен по вине нерезидента, встречное обязательство перед нерезидентом не является просроченной
задолженностью уполномоченного банка и должно"	exp0039	6406-У_10042023#1359
15	1	Просим пояснить, каким образом обеспечить правильное ведение бухгалтерского учета и отражать начисленные проценты по кредитному договору, по которому предоставлен льготный период, на балансовом счете № 47427 «Начисленные проценты по предоставленным (размещенным) денежным средствам» в соответствии с требованиями пункта 1.7 Положения Банка России от 02.10.2017 № 605-П «О порядке отражения на счетах бухгалтерского учета кредитными организациями операций по размещению денежных средств по кредитным договорам, операций, связанных с осуществлением сделок по приобретению права требования от третьих лиц исполнения обязательств в денежной форме, операций по обязательствам по выданным банковским гарантиям и предоставлению денежных средств» (далее — Положение № 605-П), т.к. для сохранения структуры аннуитета, сумма части основного долга, уплата которой выпала на льготный период, должна быть каким-то образом «изъята» со счета по учету основного долга и учтена отдельно.	605-П от 02.10.2017	Глава 2. Отражение на счетах бухгалтерского	2.14–2.14.2	"2.14. Погашение (частичное погашение) финансового актива отражается в бухгалтерском учете
следующим образом.
На дату полного погашения (возврата) (частичного погашения) финансового актива осуществляется начисление процентных доходов в соответствии с пунктом 2.6 настоящего Положения, прочих доходов, связанных с размещением денежных
средств, в соответствии с пунктом 2.9 настоящего
Положения, а также затрат по сделке в соответствии пунктом 2.4 настоящего Положения, осуществляется корректировка стоимости финансового
актива до амортизированной стоимости и, если финансовый актив отражается в бухгалтерском учете
по справедливой стоимости, переоценка справедливой стоимости финансового актива.
2.14.1. Перевод (возврат) суммы основного долга по финансовому активу отражается бухгалтерской записью:
Дебет счетов по учету денежных средств.
Кредит счета по учету предоставленных (размещенных) денежных средств.
2.14.2. Перевод (уплата) суммы процентов по
финансовому активу отражается бухгалтерской
записью:
Дебет счетов по учету денежных средств
Кредит счета № 47427 “Начисленные проценты
по предоставленным (размещенным) денежным
средствам”, или № 32501 “Просроченные проценты по предоставленным межбанковским кредитам,
депозитам и прочим размещенным средствам,
предоставленным кредитным организациям”, или
счета № 32502 “Просроченные проценты по предоставленным межбанковским кредитам, депозитам и прочим размещенным средствам, предоставленным банкам-нерезидентам”, или счетов
№№ 45901-45917 “Просроченные проценты по
предоставленным кредитам и прочим размещенным средствам”."	exp0041	605-П_02102017#0048
16	0	Правильно ли понимать, что размер платежа после окончания кредитных каникул по кредитному договору (договору займа), за исключением кредитного договора (договора займа), обязательства по которому обеспечены ипотекой, может измениться (увеличиться), за счет основного долга, оплата которого была приостановлена на время кредитных каникул. Если платеж должен остаться неизменным, возможно ли изменение его состава? В соответствии с частью 13 статьи 7 Закона № 106-ФЗ по окончании льготного периода размер платежей заемщика должен быть аналогичен размеру платежей, которые были установлены в кредитном договоре до льготного периода. Правильно ли, что размер платежей по окончании льготного периода должен быть полностью идентичен ранее установленным? Верно ли, что кредитор вправе рассчитать новый график, увеличив размер платежа (по сравнению с ранее установленным) с учетом включения начисленных процентов за льготный период в основной долг?	758-П от 11.05.2021	Глава 3. Справочники сведений об изменении условий обязатель		"лимита
Уменьшение расходного лимита
Льготная процентная ставка
Пониженная процентная ставка при заключении договора страхования
Субсидированная процентная ставка
Увеличение процентной ставки
Уменьшение процентной ставки
Принято решение о неначислении процентов
Уменьшение срока
Увеличение срока
Изменение периодичности оплаты
Изменение даты платежа по основному долгу
Изменение даты платежа по процентам
Отсрочка платежа
Приостановление обязанности вносить платежи
Временное снижение размера платежей
Замена обеспечения
Прощение штрафов
Иные изменения договора
Справочник 3.5. Причины прекращения действия изменения договора
Код
Наименование
По соглашению сторон
В связи с истечением срока действия изменения договора
В связи с наступлением условия прекращения действия изменения договора
Односторонний отказ источника от изменения договора
Односторонний отказ субъекта от изменения договора
По иному основанию
Справочник 3.6. Виды соблюдения размера платежей
Код
Наименование
Платеж внесен в полном размере
Платеж внесен не в полном размере
Платеж не внесен
Справочник 3.7. Виды соблюдения срока внесения платежей
Код
Наименование
Срок внесения платежа не наступил (новый договор)
Платежи вносятся своевременно
Платежи вносятся несвоевременно
Справочник 3.8. Основания прекращения обязательства
Код
Наименование
Надлежащее исполнение обязательства
Принудительное исполнение обязательства
По соглашению сторон
Требования кредитора погашены за счет обеспечения
Код
Наименование
Односторонний отказ кредитора
Односторонний отказ должника
Отступное
Зачет
Совпадение кредитора и должника в одном лице
Новация
Прощение долга
Невозможность исполнения обязательства
На основании акта органа государственной власти или органа местного самоуправления
Смерть гражданина
Ликвидация юридического лица
Иное основание"	exp0042	758-П_11052021#0103
17	0	Вправе ли кредитная организация при применении Положения Банка России от 12.11.2018 № 659-П «О порядке отражения на счетах бухгалтерского учета договоров аренды кредитными организациями» (далее — Положение № 659-П) установить критерий существенности для признания затрат, которые будут понесены арендатором при демонтаже и перемещении базового актива, восстановлении участка, на котором он располагается, или восстановлении базового актива до состояния, которое требуется в соответствии с условиями договора аренды, первоначальных прямых затрат, понесенных арендатором и подлежащих включению в первоначальную стоимость актива в форме права пользования, первоначальных прямых затрат, понесенных арендодателем и подлежащих включению в балансовую стоимость базового актива по договорам операционной аренды или в первоначальную оценку чистой инвестиции в аренду по договорам финансовой аренды?	7118-У от 30.06.2025	Приложение		"м
субъектам, имеющим право применять упрощенные способы ведения бухгалтерского учета, договоров аренды в качестве
расходов
5.1.
Отражение на внебалансовых счетах стоимости базовых активов,
№ 99998
№ 91507
-
полученных в аренду, в случае отражения договоров аренды
или
в качестве расходов
№ 91508
5.2.
Отражение договоров аренды в сумме арендных платежей
№ 71802
№ 60311
55401
в качестве расходов
или
№ 60313
5.3.
Отражение на внебалансовых счетах выбытия базовых активов,
№ 91507
№ 99998
-
полученных в аренду
или
№ 91508
Таблица 2. Отражение на счетах бухгалтерского учета договоров финансовой аренды некредитными
финансовыми организациями, бюро кредитных историй, кредитными рейтинговыми
агентствами, являющимися арендодателями
Дебет
Кредит
Символ ОФР
счета
счета
Раздел 1. Отражение организацией, являющейся арендодателем, первоначального признания базового актива, находящегося
в финансовой аренде
1.1.
Отражение прекращения признания базового актива
№ 61209
счет
-
по учету
имущества
1.2.
Отражение списания суммы амортизации, накопленной
№ 60414
№ 61209
-
по базовому активу
или
№ 61909
1.3.
Отражение включения первоначальных прямых затрат
№ 61209
№ 60312
-
в первоначальную оценку чистой инвестиции в аренду
или
№ 60314
1.4.
Отражение суммы полученных авансом арендных платежей
№ 60331
№ 61209
-
1.5.
Отражение дебиторской задолженности в сумме, равной
№ 47701
№ 61209
-
первоначальной оценке чистой инвестиции в аренду
1.6.
Отражение базового актива по стоимости, по которой он
№ 91506
№ 99999
-
учитывался на счете по учету имущества на дату передачи
организации, являющейся арендатором, на внебалансовых счетах
Раздел 2. Отражение организацией, являющейся арендодателем, операций после первоначального признания договора"	exp0048	7118-У_30062025#0034
18	0	В соответствии с частью 13 статьи 7 Закона № 106-ФЗ по итогам окончания льготного периода в сумму обязательств заемщика по основному долгу включается сумма обязательств по процентам, которые должны были быть уплачены заемщиком в течение льготного периода, исходя из действовавших до предоставления льготного периода условий кредитного договора (договора займа), но не были им уплачены в связи с предоставлением ему льготного периода. В целях соблюдения требований Закона № 106-ФЗ после окончания льготного периода кредитор должен начать начислять проценты на увеличенную сумму обязательств заемщика по основному долгу или должен продолжить начислять проценты только на ту часть основного долга, которая была у заемщика на начало льготного периода, тем самым не начисляя проценты на сумму обязательств по процентам, за счет которой было произведено увеличение основного долга заемщика?	6869-У от 27.09.2024	Приложение 1		"ный период
Сумма задолженности по основному долгу
по предоставленным займам на конец
отчетного периода, в том числе:
Сумма задолженности по основному долгу
по договорам займа, по которым начался
льготный месячный срок, но обязательства
не погашены на конец отчетного периода
2.1
Сумма задолженности по основному долгу
по договорам займа, по которым истек
льготный месячный срок, но обязательства
не погашены или заложенная вещь еще
не реализована на конец отчетного периода
2.2
тыс. руб.
Подраздел 1.2. Задолженность по процентам по договорам займа
тыс. руб.
Сумма задолженности по процентам по предоставленным займам на конец отчетного периода,
в том числе:
Сумма задолженности по процентам по предоставленным займам,
не погашенным в установленный срок, на конец отчетного периода
3.1
Подраздел 1.3. Полученные денежные средства по договорам займа
тыс. руб.
Сумма денежных средств, поступивших
за отчетный период в погашение
задолженности по основному долгу
по предоставленным займам
Сумма фактически полученных
за отчетный период процентов
по предоставленным займам
Сумма денежных средств от реализации
невостребованных вещей, поступивших
за отчетный период в погашение
задолженности по основному долгу
по предоставленным займам
Сумма денежных средств от реализации
невостребованных вещей, поступивших
за отчетный период в погашение
задолженности по процентам
по предоставленным займам
Подраздел 1.4. Информация о договорах займа
8.1
Количество договоров займа,
по которым истек льготный месячный
срок, но обязательства по ним
не погашены или заложенные вещи
еще не реализованы на конец
отчетного периода, шт.
8.2
Количество заемщиков на конец
отчетного периода, чел.
Количество договоров займа,
заключенных за отчетный
период, шт.
Количество договоров займа,
Количество договоров займа,
по которым на конец отчетного
обязательства по которым не погашены
периода обязательства не погашены
в установленный срок и в соответствии
или заложенные вещи не реализованы, с которыми начался льготный месячный
шт., в том числе:
срок, на конец отчетного периода, шт.
тыс. руб"	exp0049	6869-У_27092024#0007
19	0	Вправе ли КО группировать в портфель обеспеченных ипотечных ссуд ссуды, выданные ФЛ на цели рефинансирования задолженности (основного долга) по кредиту (займу) под залог прав требования участника долевого строительства (при условии размещения денежных средств участников на счетах эскроу в соответствии с Федеральным законом № 214-ФЗ), в том числе при уступке прав требования, с возможностью получения дополнительных денежных средств на иные цели и формированием повышенного на 0,5 процентных пункта размером резерва?	6406-У от 10.04.2023	Глава 2. Составление Отчета	6.13	"основной строке и в дополнительных
строках по траншам в том отчетном месяце, в котором ссуда была принята на баланс);
ДП - код договора (транша), который указывается в случае фактического направления ссуды на цели
финансирования девелоперского проекта, предусматривающего строительство объектов жилой, коммерческой (офисной, торговой, складской, промышленной) либо комплексной недвижимости, реконструкцию
или качественное изменение существующего объекта недвижимости, приводящие к увеличению его
стоимости, в том числе при ином целевом назначении кредитных договоров, при условии погашения
процентных платежей и основного долга по предоставленной ссуде в основном за счет денежных средств,
поступающих от продажи или эксплуатации создаваемого (строящегося) или реконструируемого объекта недвижимости. В случае рефинансирования (в том числе неоднократного) обязательств по ранее
предоставленным ссудам, направленным на финансирование указанных проектов, необходимо также
указывать код “ДП”;
Ж - код ссуды, предоставленной на цели строительства (создание) многоквартирного дома и (или)
иного объекта недвижимости и погашения (рефинансирования) обязательств заемщика перед третьими
лицами с привлечением денежных средств граждан и юридических лиц для долевого строительства
в соответствии с Федеральным законом от 30 декабря 2004 года № 214-ФЗ “Об участии в долевом строительстве многоквартирных домов и иных объектов недвижимости и о внесении изменений в некоторые
законодательные акты Российской Федерации” (далее - Федеральный закон № 214-ФЗ) (кроме ссуд,
отражаемых с кодом “Э”) (отражается в течение срока действия договора в основной строке и в дополнительных строках по траншам, предоставленным на указанные цели);
Э - код ссуды, предоставленной на цели строительства (создание) многоквартирного дома и (или)
иного объекта недвижимости и погашения (рефинансирования) обязательств заемщика перед третьими
лицами с привлечением денежных средств граждан и юридических лиц для долевого строительства в соответствии с Федеральным законом № 214-ФЗ в случае"	exp0167	6406-У_10042023#1114
20	0	Вправе ли КО группировать в портфель обеспеченных ипотечных ссуд ссуды, выданные ФЛ на цели рефинансирования задолженности (основного долга) по кредиту (займу) под залог прав требования участника долевого строительства (при условии размещения денежных средств участников на счетах эскроу в соответствии с Федеральным законом № 214-ФЗ), в том числе при уступке прав требования, с возможностью получения дополнительных денежных средств на иные цели и формированием повышенного на 0,5 процентных пункта размером резерва?	878-П от 12.01.2026	Глава 4. Формирование резервов на возможные потери по портфе	4.3	"условные обязательства кредитного
характера) не могут быть включены в портфель, за исключением требований к контрагенту (условных
обязательств кредитного характера), величина каждого из которых не превышает 0,01 процента от величины собственных средств (капитала) кредитной организации (но не более 1 000 000 рублей), и при
этом совокупная величина указанных элементов расчетной базы резерва, относящихся к одному и тому
же контрагенту, не превышает величину, указанную в абзацах втором и третьем пункта 4.1 настоящего
Положения.
Включенные в портфель требования к контрагенту (условные обязательства кредитного характера),
по которым выявлены индивидуальные признаки обесценения, за исключением случаев, указанных в абзацах втором, пятом-седьмом настоящего пункта, исключаются из портфеля в сроки, установленные
пунктом 5.3 Положения Банка России № 590-П, кроме требований к контрагенту (условных обязательств
кредитного характера), величина каждого из которых составляет не более 0,01 процента от величины
собственных средств (капитала) кредитной организации, но не превышает 1 000 000 рублей.
Кредитная организация вправе включать в портфель требования к контрагенту (условные обязательства кредитного характера) величиной до 100 000 000 рублей, относящиеся к субъектам малого
и среднего предпринимательства, определенным статьями 3, 4 и 41 Федерального закона от 24 июля
2007 года № 209-ФЗ “О развитии малого и среднего предпринимательства в Российской Федерации” (далее соответственно - субъекты малого и среднего предпринимательства, Федеральный закон
№ 209-ФЗ), финансовое положение которого на основе требований пунктов 3.3-3.5 Положения Банка
России № 590-П оценивается не хуже, чем среднее, и по которым отсутствуют иные индивидуальные
признаки обесценения.
В случае ухудшения оценки финансового положения контрагента - субъекта малого и среднего
предпринимательства на основании требований пунктов 3.3-3.5 Положения Банка России № 590-П
до плохого включительно кредитная организация вправе не исключать из портфеля требования (условные
обязательства кредитного характера) величиной до 100 000 000 рублей, относящиеся к данном"	exp0167	878-П_12012026#0043
21	1	Верно ли, что с учетом того, что порядок оценки кредитного риска в главе 3 Положения № 590-П не относится к ссудам, сгруппированным в ПОС (п. 3.15 Положения № 590-П) у КО отсутствует необходимость проведения ежеквартальной оценки финансового положения заемщика (в том числе регулярной актуализации информации о финансовом положении) по ссудам, включенным в ПОС?	590-П от 28.06.2017	Глава 3. Оценка кредитного риска по выданной ссуде	3.2.1–3.2.2	"3.2.1. Примерный перечень информации для анализа финансового положения заемщика, которую кредитная организация может использовать в момент выдачи ссуды и в течение периода ее нахождения на
балансе, приведен в приложении 2 к настоящему Положению.
3.2.2. Перечень показателей, используемых для анализа финансового положения заемщика, и порядок
их расчета определяются кредитной организацией самостоятельно в зависимости от отрасли и сферы
деятельности заемщика, задач анализа, с учетом всей имеющейся информации как на отчетные, так и на
внутримесячные (внутриквартальные) даты.
Значения показателей, несоответствие которым позволяет оценить на основании пункта 3.3 настоящего Положения финансовое положение заемщика не лучше, чем среднее, должны быть определены в
отношении отдельных ссуд (совокупности ссуд, предоставленных одному заемщику) величиной 5 процентов и более от величины собственных средств (капитала) кредитной организации. Величина собственных
средств (капитала) кредитной организации определяется в соответствии с Положением Банка России от
28 декабря 2012 года № 395-П “О методике определения величины собственных средств (капитала) кредитных организаций (“Базель III”)”, зарегистрированным Министерством юстиции Российской Федерации
22 февраля 2013 года № 27259, 29 ноября 2013 года № 30499, 2 октября 2014 года № 34227, 11 де­кабря 2014 года № 35134, 17 декабря 2014 года № 35225, 24 марта 2015 года № 36548, 5 июня 2015 года
№ 37549, 5 октября 2015 года № 39152, 8 декабря 2015 года № 40018, 17 декабря 2015 года № 40151,
26 августа 2016 года № 43442.
Кредитная организация вправе определять значения показателей в отношении других ссуд."	exp0174	590-П_28062017#0021
22	1	В соответствии с п. 3.15 Положения № 590-П порядок оценки кредитного риска по ссуде, изложенный в гл. 3 Положения № 590-П, не относится к ссудам, сгруппированным в ПОС. Правильно ли КО понимает, что при нахождении ссуды в ПОС необходимость проводить классификацию данной ссуды в соответствии с пп. 3.9.2, 3.9.3 и п.п. 3.3 – 3.5, 3.7, 3.8, 3.12 – 3.14, 3.20 Положения 590-П отсутствует и КО вправе самостоятельно определять критерии обесценения ссуды?	590-П от 28.06.2017	Глава 3. Оценка кредитного риска по выданной ссуде	3.14.2–3.15	"3.14.2. ссуды, возникшие в результате прекращения ранее существовавших обязательств заемщика
новацией или отступным (в случае, когда предметом отступного являются векселя других лиц либо права (требования) по ссудам, предоставленным заемщиком должникам - третьим лицам), за исключением
случаев, когда качество обслуживания ссуды, возникающей в результате новации или прекращения ранее
существовавшего обязательства отступным, и финансовое положение заемщика по указанной ссуде на
протяжении последнего завершенного и текущего года обоснованно оцениваются как хорошие.
3.14.3. Классификация ссуд, указанных в подпунктах 3.14.1 и 3.14.2 настоящего пункта в более высокую, чем III категория качества, возможна, если финансовое положение заемщика в течение последнего
завершенного и текущего года оценивается не хуже, чем среднее. Если кредитная организация классифицирует ссуды, указанные в подпунктах 3.14.1 и 3.14.2 настоящего пункта, в более высокую категорию качества, чем III категория качества, то она обязана направить в Банк России (территориальное учреждение
Банка России, уполномоченное структурное подразделение центрального аппарата Банка России) обоснование такой классификации с учетом требований пунктов 1.7, 3.3-3.5, 3.7-3.10 настоящего Положения.
Непредставление указанного обоснования, наличие недостаточного обоснования являются основанием
для классификации ссуды не выше, чем в III категорию качества.
Обоснование классификации ссуд, указанных в абзаце пятом подпункта 3.14.1 настоящего пункта, в
более высокую категорию качества, чем III категория качества, должно содержать документальное подтверждение наличия между заемщиками хозяйственных связей в производственной деятельности и (или)
в предоставлении услуг или наличия общего контроля со стороны лиц (группы лиц), не входящих в группу
лиц кредитной организации.
3.15. Порядок оценки кредитного риска по ссуде, изложенный в настоящей главе, не относится к ссудам, сгруппированным в портфель однородных ссуд."	exp0175	590-П_28062017#0057
23	1	Можно ли включать в ПОС ссуду ФЛ величиной не более 100 тыс. рублей без проведения оценки финансового положения заемщика на дату выдачи ссуды, с оформлением профессионального суждения в целом по ПОС не реже одного раза в квартал в соответствии с п. 5.4 Положения № 590-П?	590-П от 28.06.2017	Глава 5. Оценка кредитных рисков по ссудам в целях формирова	5.1	"от 181 до 360 календарных дней;
портфель ссуд с просроченными платежами продолжительностью свыше 360 календарных дней.
По указанным портфелям резервы создаются в следующих минимальных размерах.
Таблица 4
№
Портфели однородных ссуд, предоставленных
п/п субъектам малого и среднего предпринимательства
Портфель ссуд без просроченных платежей
Портфель ссуд с просроченными платежами
продолжительностью от 1 до 30 календарных дней
Портфель ссуд с просроченными платежами
продолжительностью от 31 до 90 календарных дней
Портфель ссуд с просроченными платежами
продолжительностью от 91 до 180 календарных
дней
Портфель ссуд с просроченными платежами
продолжительностью от 181 до 360 календарных
дней
Портфель ссуд с просроченными платежами
продолжительностью свыше 360 календарных дней
Минимальный размер резерва,
в процентах
по портфелям
по портфелям
обеспеченных ссуд
прочих ссуд
0,5
1,5
Кредитная организация своими внутренними документами вправе предусмотреть создание в рамках
указанных портфелей соответствующих субпортфелей обесцененных просроченных ссуд, предоставленных субъектам малого и среднего предпринимательства, с соблюдением подходов к формированию резервов, вытекающих из требований настоящего пункта по минимальному размеру резервов.
В случае оценки финансового положения заемщика - физического лица не хуже, чем среднее, кредитная организация вправе включать в портфель однородных ссуд ссуду величиной до 1 миллиона рублей
(за исключением ипотечной жилищной ссуды), а также ипотечную жилищную ссуду величиной до 6 миллионов рублей. В случае ухудшения оценки финансового положения заемщика до плохого включительно
кредитная организация вправе не исключать из соответствующего портфеля однородных ссуд ссуду величиной до 1 миллиона рублей, предоставленную физическому лицу (кроме ипотечной жилищной ссуды),
либо ссуду величиной до 5 миллионов рублей, предоставленную субъектам малого и среднего предпринимательства, а также ипо"	exp0176	590-П_28062017#0072
24	1	Достаточно ли для портфельной оценки автокредитов информации о среднемесячных доходах, указанных заемщиком в Анкете-заявлении, с учетом того, что также учтены сведения из бюро кредитных историй; проанализирован рынок труда на официальных общедоступных информационных ресурсах; проведена верификация данных о работодателе, доходе и иных анкетных данных, указанная в анкете, по всем доступным КО номерам телефонов?	6043-У от 28.12.2021	Глава 3. Величина среднемесячного дохода заемщика	3.4–3.5	"3.4. Доходы, полученные заемщиком, учитываются при определении величины среднемесячного дохода
заемщика только при наличии подтверждающих доходы заемщика документов.
3.5. При определении величины среднемесячного дохода заемщика используются сведения о доходах
заемщика, содержащиеся хотя бы в одном из следующих документов:
подписанном заемщиком заявлении о предоставлении потребительского займа, содержащем информацию о величине дохода заемщика;
справке по форме 2-НДФЛ (по форме 3-НДФЛ);
справке о заработной плате с места работы, подтвержденной организацией или физическим лицом,
зарегистрированным в качестве индивидуального предпринимателя, являющимися работодателями заемщика;
выписке по счету заемщика, на который зачисляется сумма заработной платы и (или) иных доходов,
учитываемых при определении величины среднемесячного дохода заемщика, предоставленной банком,
в котором открыт данный счет, на бумажном носителе или в электронном виде (в том числе сформированной системами онлайн- и (или) мобильного банкинга);
справке о размере пенсии, ежемесячном содержании судьям или о размере ежемесячной надбавки
судьям, выданной подразделением Пенсионного фонда Российской Федерации или другим государственным органом, выплачивающим пенсию заемщику;
выписке о состоянии индивидуального лицевого счета застрахованного лица в системе обязательного
пенсионного страхования;
справке о сумме ежемесячной денежной выплаты, ежемесячной денежной компенсации, ежемесячного
дополнительного материального обеспечения, выданной государственными органами, государственными
внебюджетным фондами;
выписке из похозяйственной книги, содержащей информацию о личном подсобном хозяйстве, в том
числе земельном участке, и иные сведения, предусмотренные пунктом 2 статьи 8 Федерального закона
от 7 июля 2003 года № 112-ФЗ “О личном подсобном хозяйстве” (Собрание законодательства Российской
Федерации, 2003, № 28, ст. 2881; 2009, № 1, ст. 10);
кредитных отчетах, предоставляемых бюро кредитных историй;
иных документах, содержащих сведения о доходах заемщика, выданных государственными (муниципальными) органами"	exp0179	6043-У_28122021#0046
25	0	Может ли ссуда, направленная на рефинансирование (погашение) ранее предоставленного автокредита, классифицироваться в рамках Положения № 590-П как автокредит и включаться в портфель обеспеченных однородных ссуд «Автокредиты» при условии оформления договора залога на нового кредитора?	590-П от 28.06.2017	Глава 5. Оценка кредитных рисков по ссудам в целях формирова	5.1	"ной до 1 миллиона рублей, предоставленную физическому лицу (кроме ипотечной жилищной ссуды),
либо ссуду величиной до 5 миллионов рублей, предоставленную субъектам малого и среднего предпринимательства, а также ипотечную жилищную ссуду величиной до 6 миллионов рублей, предоставленную
физическому лицу.
В случае если в портфеле однородных ссуд имеются ссуды физических лиц или индивидуальных предпринимателей, а также ссуды юридических лиц, указанных в абзаце десятом подпункта 3.1.1 пункта 3.1
настоящего Положения, финансовое положение и (или) качество обслуживания долга, и (или) качество
обеспечения по ссудам которых ухудшилось вследствие возникновения чрезвычайной ситуации, кредитная организация вправе не исключать указанные ссуды из ранее сформированных портфелей в течение
трех лет с даты возникновения чрезвычайной ситуации."	exp0180	590-П_28062017#0073
26	0	Возможно ли включать в ПОС автокредиты ссуды, направленные заемщиком на приобретение транспортного средства и на потребительские цели, обеспечением по которым является залог приобретаемого транспортного средства, при условии, что к потребительским целям относится оплата услуг и товаров, сопутствующих приобретению транспортного средства?	431-П от 19.09.2014	Приложение 2	2	"ом:
да,
нет
Цель использования транспортного средства (отметить нужное):
личная,
учебная езда,
такси,
перевозка опасных и легко воспламеняющихся грузов,
прокат/краткосрочная аренда,
регулярные пассажирские перевозки/перевозки пассажиров по заказам,
дорожные и специальные транспортные средства,
экстренные и коммунальные службы,
прочее"	exp0182	431-П_19092014#0055
27	0	Вправе ли КО включать в портфель обеспеченных ссуд «Автокредиты» кредиты, по которым стоимость залога автотранспортного средства на момент их выдачи не покрывала полностью величину предоставленной ссуды с учетом дополнительных сопутствующих издержек, если в последующем в связи с частичным погашением долга стоимость обеспечения превысила остаток ссудной задолженности?	4212-У от 24.11.2016	Приложение 1	4.4–4.4.4	"4.4. Раздел 4 Отчета заполняется в следующем порядке.
4.4.2. В графах 2 и 3 раздела 4 указывается справедливая стоимость обеспечения I и II категорий
качества в соответствии с главой 6 Положения Банка России № 254-П, которое может быть принято в
уменьшение резерва на возможные потери по ссудам, в рублевом эквиваленте (без учета коэффициента
взвешивания) вне зависимости от категории качества ссуды. Если кредитная организация не оценивает
справедливую стоимость обеспечения по ссуде, указывается балансовая стоимость обеспечения.
В основной строке в графах 2 и 3 раздела 4 отражается общая стоимость всех видов обеспечения соответствующей категории качества.
По кредитным линиям, в случаях если обеспечение принято отдельно по траншам или договором
и (или) внутренней учетной политикой кредитной организации предусмотрено распределение обеспечения по траншам непропорционально размерам траншей, в дополнительных строках по траншам приводится расшифровка стоимости обеспечения по каждому траншу.
В случае если одно обеспечение принято по нескольким кредитным договорам, в графах 2 и 3 раздела 4 отражается та его часть, которая обеспечивает обязательства по соответствующему договору.
4.4.3. В графе 4 раздела 4 указывается общая сумма обеспечения I и II категорий качества (с учетом
коэффициента взвешивания), принимаемая в уменьшение резерва на возможные потери.
По ссудам, сгруппированным в ПОС, графы 2-4 раздела 4 не заполняются.
4.4.4. В графе 5 раздела 4 указывается информация о видах страхования по ссуде с использованием
следующих кодов:
1 - страхование залога по кредиту (в том числе риски гибели, уничтожения, утраты, повреждения имущества, риски потери права собственности на залоговое имущество и так далее);
2 - страхование рисков кредитора;
3 - страхование ответственности заемщика;
4 - иные виды страхования;
0 - страхование отсутствует.
Если кредитная организация использовала несколько видов страхования по ссуде, то указывается информация обо всех видах.
По договорам, заключенным до 1 января 2016 года, сведения по графе 5 раздела 4 могут"	exp0183	4212-У_24112016#0528
28	1	Верно ли КО понимает, что в соответствии с абз. 25 п. 5.1 Положения № 590-П КО вправе включать в ПОС ссуду величиной до 1 млн руб. при оценке ФП заемщика – ФЛ как среднее, хотя фактов обслуживания ссуды при ее выдаче еще нет и в соответствии с п. 3.8 данного Положения КОД оценивается также как среднее?	590-П от 28.06.2017	Глава 5. Оценка кредитных рисков по ссудам в целях формирова	5.1	"5.1. Кредитные организации могут формировать резерв по портфелю однородных ссуд, каждая из которых незначительна по величине. Возможность формировать резерв по портфелю однородных ссуд не
распространяется на ссуды, предоставленные одному заемщику и соответствующие признакам однородности, если величина каждой из ссуд и (или) совокупная величина таких ссуд на дату оценки риска превышает 0,5 процента от величины собственных средств (капитала) кредитной организации.
Признаки однородности ссуд (например, ссуды физическим лицам, предприятиям малого бизнеса),
а также незначительности величины ссуд в пределах до 0,5 процента от величины собственных средств
(капитала) кредитной организации определяются кредитной организацией самостоятельно. Признаки однородности ссуд не могут содержать в качестве самостоятельного признака указание на связанность с
кредитной организацией.
Кредитная организация не вправе включать в портфель однородных ссуд (должна исключать из портфеля однородных ссуд) ссуду, по которой имеются индивидуальные признаки обесценения (финансовое
положение заемщика и качество обслуживания долга по ссуде оценивается хуже, чем хорошее), за исключением случаев, предусмотренных абзацами шестым, шестнадцатым и двадцать пятым настоящего
пункта. Указанные ссуды оцениваются (классифицируются) на индивидуальной основе.
Если по ссуде, ранее включенной в портфель однородных ссуд, выявлены индивидуальные признаки
обесценения, то кредитная организация вправе не исключать указанную ссуду из портфеля однородных
ссуд в случае, когда величина ссуды не превышает 0,01 процента от величины собственных средств
(капитала) кредитной организации (но не более 1 миллиона рублей) и по ней отсутствует просроченная задолженность длительностью свыше 90 календарных дней. В случае если ссуды, предоставленные заемщику, классифицируются на индивидуальной основе и по ним имеются признаки обесценения,
иные ссуды, предоставленные данному заемщику, не"	exp0184	590-П_28062017#0065
29	1	Следует ли КО относить ссуды с индивидуальными признаками обесценения, соответствующие требованиям абз. 25 п. 5.1 Положения № 590-П, в отдельные субпортфели обесцененных ссуд с повышенным размером резерва?	590-П от 28.06.2017	Глава 5. Оценка кредитных рисков по ссудам в целях формирова	5.1	"5.1. Кредитные организации могут формировать резерв по портфелю однородных ссуд, каждая из которых незначительна по величине. Возможность формировать резерв по портфелю однородных ссуд не
распространяется на ссуды, предоставленные одному заемщику и соответствующие признакам однородности, если величина каждой из ссуд и (или) совокупная величина таких ссуд на дату оценки риска превышает 0,5 процента от величины собственных средств (капитала) кредитной организации.
Признаки однородности ссуд (например, ссуды физическим лицам, предприятиям малого бизнеса),
а также незначительности величины ссуд в пределах до 0,5 процента от величины собственных средств
(капитала) кредитной организации определяются кредитной организацией самостоятельно. Признаки однородности ссуд не могут содержать в качестве самостоятельного признака указание на связанность с
кредитной организацией.
Кредитная организация не вправе включать в портфель однородных ссуд (должна исключать из портфеля однородных ссуд) ссуду, по которой имеются индивидуальные признаки обесценения (финансовое
положение заемщика и качество обслуживания долга по ссуде оценивается хуже, чем хорошее), за исключением случаев, предусмотренных абзацами шестым, шестнадцатым и двадцать пятым настоящего
пункта. Указанные ссуды оцениваются (классифицируются) на индивидуальной основе.
Если по ссуде, ранее включенной в портфель однородных ссуд, выявлены индивидуальные признаки
обесценения, то кредитная организация вправе не исключать указанную ссуду из портфеля однородных
ссуд в случае, когда величина ссуды не превышает 0,01 процента от величины собственных средств
(капитала) кредитной организации (но не более 1 миллиона рублей) и по ней отсутствует просроченная задолженность длительностью свыше 90 календарных дней. В случае если ссуды, предоставленные заемщику, классифицируются на индивидуальной основе и по ним имеются признаки обесценения,
иные ссуды, предоставленные данному заемщику, не"	exp0186	590-П_28062017#0065
30	1	Можно ли формировать резервы на портфельной основе по ссудам, по которым выявлены индивидуальные признаки обесценения?	590-П от 28.06.2017	Приложение 3	1–5	"к Положению Банка России
от 28 июня 2017 года № 590-П
“О порядке формирования кредитными организациями
резервов на возможные потери по ссудам,
ссудной и приравненной к ней задолженности”
Порядок оценки кредитного риска
по портфелю (портфелям) однородных ссуд
1. К ссудам, группируемым в портфели однородных ссуд, относятся ссуды, которые предоставляются
всем заемщикам на стандартных условиях, определенных внутренними правилами кредитной организации, при том что величина каждой ссуды соответствует параметрам, установленным пунктом 5.1 настоящего Положения.
К таким ссудам по усмотрению кредитной организации могут быть отнесены:
ссуды физическим лицам;
ссуды предприятиям малого и среднего бизнеса и физическим лицам - индивидуальным предпринимателям;
другие категории ссуд, соответствующие указанному определению.
2. Резерв по портфелю однородных ссуд создается по потерям в целом по портфелю однородных ссуд.
3. Процедуры оценки кредитного риска по портфелю однородных ссуд устанавливаются внутренними
документами, определяющими кредитную политику кредитной организации.
4. Размер резерва по портфелю однородных ссуд определяется кредитной организацией на основе
профессионального суждения и отражает величину потерь, обусловленных общим обесценением совокупности однородных ссуд, объединенных (сгруппированных) в портфель.
5. Оценка кредитного риска по портфелю однородных ссуд и определение размера резерва по портфелю однородных ссуд могут осуществляться кредитной организацией с использованием следующих
методов:
оценка вероятности потерь по портфелю однородных ссуд на основании данных о величине потерь по
группе однородных ссуд за прошлый период при обеспечении сопоставимости всех существенных обстоятельств, касающихся характера, объема ссуд, условий деятельности заемщиков и иных обстоятельств;
учет различных факторов, относящихся к характеристике заемщиков (например, срок, на который предоставлены ссуды, и качество кредитной истории) и текущих экономических условий их деятельности.
Перечень приведенных методов не является исчерпывающим."	exp0187	590-П_28062017#0123
31	0	Следует ли КО при наличии потребительской ссуды, оцениваемой на портфельной основе, и индивидуально оцениваемой ссуды, предоставленной этому же заемщику на предпринимательскую деятельность в статусе ИП, в целях соблюдения требований п. 5.1 Положения № 590-П исключить из ПОС кредит ФЛ и оценивать его на индивидуальной основе, если по ссуде ИП имеются индивидуальные признаки обесценения (например, реструктуризация)?	4212-У от 24.11.2016	Приложение 1	4.6.5	"4.6.5. Графа 6 раздела 6 заполняется с использованием следующих кодов:
Y - ссуда оценивается на индивидуальной основе;
P - ссуда включена в ПОС, предоставленных юридическим лицам, не относящимся к субъектам малого
и среднего предпринимательства.
В случае если ссуда включена в ПОС, предоставленных субъектам малого и среднего предпринимательства, приводится буквенное обозначение портфеля с использованием следующих кодов:
B - портфель ссуд без просроченных платежей;
C - портфель ссуд с просроченными платежами от 1 до 30 дней;
D - портфель ссуд с просроченными платежами от 31 до 90 дней;
E - портфель ссуд с просроченными платежами от 91 до 180 дней;
F - портфель ссуд с просроченными платежами от 181 до 360 дней;
G - портфель ссуд с просроченными платежами свыше 360 дней."	exp0188	4212-У_24112016#0534
32	1	Следует ли КО при наличии потребительской ссуды, оцениваемой на портфельной основе, и индивидуально оцениваемой ссуды, предоставленной этому же заемщику на предпринимательскую деятельность в статусе ИП, в целях соблюдения требований п. 5.1 Положения № 590-П исключить из ПОС кредит ФЛ и оценивать его на индивидуальной основе, если по ссуде ИП имеются индивидуальные признаки обесценения (например, реструктуризация)?	590-П от 28.06.2017	Глава 5. Оценка кредитных рисков по ссудам в целях формирова	5.1	"5.1. Кредитные организации могут формировать резерв по портфелю однородных ссуд, каждая из которых незначительна по величине. Возможность формировать резерв по портфелю однородных ссуд не
распространяется на ссуды, предоставленные одному заемщику и соответствующие признакам однородности, если величина каждой из ссуд и (или) совокупная величина таких ссуд на дату оценки риска превышает 0,5 процента от величины собственных средств (капитала) кредитной организации.
Признаки однородности ссуд (например, ссуды физическим лицам, предприятиям малого бизнеса),
а также незначительности величины ссуд в пределах до 0,5 процента от величины собственных средств
(капитала) кредитной организации определяются кредитной организацией самостоятельно. Признаки однородности ссуд не могут содержать в качестве самостоятельного признака указание на связанность с
кредитной организацией.
Кредитная организация не вправе включать в портфель однородных ссуд (должна исключать из портфеля однородных ссуд) ссуду, по которой имеются индивидуальные признаки обесценения (финансовое
положение заемщика и качество обслуживания долга по ссуде оценивается хуже, чем хорошее), за исключением случаев, предусмотренных абзацами шестым, шестнадцатым и двадцать пятым настоящего
пункта. Указанные ссуды оцениваются (классифицируются) на индивидуальной основе.
Если по ссуде, ранее включенной в портфель однородных ссуд, выявлены индивидуальные признаки
обесценения, то кредитная организация вправе не исключать указанную ссуду из портфеля однородных
ссуд в случае, когда величина ссуды не превышает 0,01 процента от величины собственных средств
(капитала) кредитной организации (но не более 1 миллиона рублей) и по ней отсутствует просроченная задолженность длительностью свыше 90 календарных дней. В случае если ссуды, предоставленные заемщику, классифицируются на индивидуальной основе и по ним имеются признаки обесценения,
иные ссуды, предоставленные данному заемщику, не"	exp0188	590-П_28062017#0065
33	1	Следует ли КО при наличии потребительской ссуды, оцениваемой на портфельной основе, и индивидуально оцениваемой ссуды, предоставленной этому же заемщику на предпринимательскую деятельность в статусе ИП, в целях соблюдения требований п. 5.1 Положения № 590-П исключить из ПОС кредит ФЛ и оценивать его на индивидуальной основе, если по ссуде ИП имеются индивидуальные признаки обесценения (например, реструктуризация)?	590-П от 28.06.2017	Глава 5. Оценка кредитных рисков по ссудам в целях формирова	5.1	"ной до 1 миллиона рублей, предоставленную физическому лицу (кроме ипотечной жилищной ссуды),
либо ссуду величиной до 5 миллионов рублей, предоставленную субъектам малого и среднего предпринимательства, а также ипотечную жилищную ссуду величиной до 6 миллионов рублей, предоставленную
физическому лицу.
В случае если в портфеле однородных ссуд имеются ссуды физических лиц или индивидуальных предпринимателей, а также ссуды юридических лиц, указанных в абзаце десятом подпункта 3.1.1 пункта 3.1
настоящего Положения, финансовое положение и (или) качество обслуживания долга, и (или) качество
обеспечения по ссудам которых ухудшилось вследствие возникновения чрезвычайной ситуации, кредитная организация вправе не исключать указанные ссуды из ранее сформированных портфелей в течение
трех лет с даты возникновения чрезвычайной ситуации."	exp0188	590-П_28062017#0073
34	0	Верно ли, что ссуды, предоставленные и ФЛ, и субъектам МСП, могут быть отнесены в рамках применения п. 5.1 Положения № 590-П в ПОС, обеспеченных ипотекой?	590-П от 28.06.2017	Глава 6. Формирование резерва с учетом обеспечения по ссуде	6.5.1–6.5.2	"6.5.1. Акции кредитной организации - кредитора не могут относиться к обеспечению, учитываемому
при формировании резерва.
6.5.2. Резерв определяется с учетом суммы (стоимости) обеспечения, предоставленного третьим лицом, при условии, что:
отсутствуют обстоятельства, которые могут привести к отказу кредитной организации от намерения
реализовать права, вытекающие из предоставленного обеспечения по ссуде, включая субъективные обстоятельства (конфликт интересов сторон - участников по договору о предоставлении ссуды и (или) по
договору об обеспечении ссуды, связь (прямая или косвенная) третьего лица с кредитной организацией);
имеются достаточные основания полагать, что третье лицо, предоставившее обеспечение по ссуде
(залогодатель, гарант, авалист, поручитель), исполнит обязательства, вытекающие из предоставленного
обеспечения, и не будет препятствовать реализации прав кредитной организации;
отсутствуют обстоятельства, указанные в настоящем пункте, которые могут быть отнесены к третьему
лицу, предоставившему обеспечение."	exp0189	590-П_28062017#0093
35	0	Вправе ли КО относить лизинговые сделки к обеспеченным в целях формирования ПОС (как для заемщиков — ФЛ, так и для субъектов МСП)?	579-П от 27.02.2017	Глава 2. Бухгалтерский учет финансовой аренды (лизинга)	2.5–2.5.2	"2.5. Бухгалтерский учет у лизингополучателя осуществляется в следующем порядке.
2.5.2. Предметы лизинга, учитываемые лизингополучателем на балансовом счете № 60804 “Имущество, полученное в финансовую аренду (лизинг)”, подлежат проверке на обесценение на конец каждого
отчетного года, а также при наступлении событий, существенно влияющих на оценку их стоимости. Убытки от обесценения предметов лизинга подлежат признанию на момент их выявления.
Убытки от обесценения предметов лизинга отражаются следующей бухгалтерской записью:
Дебет счета № 70606 “Расходы” (в ОФР по символу 48611 “Другие расходы, относимые к прочим, в том
числе носящие разовый, случайный характер”)
Кредит счета № 60804 “Имущество, полученное в финансовую аренду (лизинг)”.
При наличии признаков того, что убыток от обесценения предметов лизинга, признанный в предыдущих отчетных периодах, больше не существует либо уменьшился, осуществляется его (полное или
частичное) восстановление в пределах стоимости предмета лизинга (за вычетом амортизации), которая
сложилась бы на счетах бухгалтерского учета при отсутствии признаков обесценения, следующей бухгалтерской записью:
Дебет счета № 60804 “Имущество, полученное в финансовую аренду (лизинг)”
Кредит счета № 70601 “Доходы” (в ОФР по символу 29407 “Другие доходы, относимые к прочим, в том
числе носящие разовый, случайный характер”)."	exp0191	579-П_27022017#0555
36	1	Вправе ли КО пенсионные выплаты, зачисляемые на банковские счета заемщиков — ФЛ, относить к «иным выплатам в связи с выполнением трудовых обязанностей» и включать ссуды, предоставленные заемщикам — получателям таких выплат, в целях применения п. 5.1 Положения № 590-П в ПОС заемщиков, имеющих счета в банке-кредиторе?	590-П от 28.06.2017	Глава 5. Оценка кредитных рисков по ссудам в целях формирова	5.1	"Банка России № 180-И) (далее - ипотека с пониженным уровнем риска), кредиты на покупку автотранспортных средств (далее - автокредиты), ссуды, выданные физическим
лицам, которые получают на свои банковские (депозитные) счета, открытые в кредитной организации,
заработную плату и иные выплаты в связи с выполнением трудовых обязанностей (далее - ссуды заемщиков, имеющих счета в банке-кредиторе), и прочие ссуды), минимальный размер резерва по которым
(кроме военной ипотеки, классифицированной в I категорию качества, и ипотеки, указанной в таблице
3.2 настоящего пункта) для ссуд, выданных с 1 января 2013 года, определен вариантом 1 в таблице 3
настоящего пункта, для ссуд, выданных с 1 января 2014 года, определен вариантом 1 в таблице 3.1 настоящего пункта:
портфель ссуд без просроченных платежей;
портфель ссуд с просроченными платежами продолжительностью от 1 до 30 календарных дней;
портфель ссуд с просроченными платежами продолжительностью от 31 до 90 календарных дней;
портфель ссуд с просроченными платежами продолжительностью от 91 до 180 календарных дней;
портфель ссуд с просроченными платежами продолжительностью от 181 до 360 календарных дней;
портфель ссуд с просроченными платежами продолжительностью свыше 360 календарных дней.
Кредитные организации вправе объединять ссуды без просроченных платежей и ссуды с просроченными платежами продолжительностью от 1 до 30 календарных дней в один портфель. Минимальный размер резерва для ссуд (кроме военной ипотеки, классифицированной в I категорию качества, и ипотеки,
указанной в таблице 3.2 настоящего пункта), выданных до 1 января 2013 года, определен вариантом 2
в таблице 3 настоящего пункта, выданных с 1 января 2013 года, определен вариантом 2 в таблице 3.1
настоящего пункта, для ссуд, выданных с 1 января 2014 года, определен вариантом 2 в таблице 3.2
настоящего пункта. Минимальный размер резерва для ипотеки"	exp0195	590-П_28062017#0067
37	0	Можно ли не исключать из ПОС ссуды, предоставленные субъектам МСП, оцениваемые на основании ВБОК без использования официальной отчетности и проведения оценки финансового положения в соответствии с требованиями главы 3 Положения № 590-П, включенные в соответствующий ПОС, при выявлении признаков обесценения, например, следующих факторов: – ссуда была досрочно частично погашена кредитными средствами, которые остались неиспользованными на счете заемщика от этой же ссуды; – проведена реструктуризация ссуды; – погашение ранее представленной ссуды кредитными средствами, предоставленными заемщику в целях погашения долга по такой ссуде; – часть ссуды использована на погашение долга по ранее предоставленной ссуде при условии, что такое целевое использование не предусмотрено условиями договора; – использование части ссуды на цели, прямо не предусмотренные кредитным договором?	612-П от 25.10.2017	Глава 3. Общие положения бухгалтерского	3.10	"3.10. Долевые финансовые активы, оцениваемые по себестоимости, подлежат обязательной
проверке отдельной некредитной финансовой организацией на обесценение.
Для долговых финансовых активов, оцениваемых по амортизированной стоимости, резерв под
обесценение равен разнице между балансовой
стоимостью актива до корректировки на величину резерва под обесценение и приведенной стоимостью расчетных денежных потоков, дисконтированных по первоначальной ЭСП.
Для долевых финансовых активов, которые оцениваются по себестоимости за вычетом обесценения, и для финансовых активов, оцениваемых по
недисконтированной стоимости за вычетом обесценения, резерв под обесценение равен разнице
между балансовой стоимостью актива и оценкой
денежных потоков, которые отдельная некредитная
финансовая организация получит за актив, если
он будет продан либо передан по договору уступки
требования в конце квартала.
В случае если в последующем квартале величина убытка от обесценения сокращается и это
сокращение связано с событием, произошедшим
после признания обесценения, ранее учтенный резерв под обесценение подлежит восстановлению
(уменьшению) путем корректировки счета резерва
под обесценение.
На последний календарный день каждого квартала сумму восстановления резерва под обесценение отдельная некредитная финансовая организация должна признать в составе доходов."	exp0197	612-П_25102017#0016
38	1	Применяются ли требования главы 3 Положения № 590-П, в т.ч. необходимо ли принятие решений о неухудшении качества обслуживания долга в соответствии с п. 3.10 Положения № 590-П в отношении реструктурированных ссуд, оцениваемых на основе ВБОК (без проведения оценки финансового положения заемщиков на основе официальной отчетности)?	590-П от 28.06.2017	Глава 3. Оценка кредитного риска по выданной ссуде	3.10	"3.10. Решение о признании обслуживания долга хорошим по реструктурированным ссудам, если платежи по ним осуществляются своевременно и в полном объеме, а финансовое положение заемщика в
течение последнего завершенного и текущего года оценивалось не хуже, чем среднее, в соответствии с
пунктом 3.3 настоящего Положения, а также по ссудам, выданным кредитной организацией заемщику для
погашения долга по ранее предоставленной ссуде, если финансовое положение заемщика в течение последнего завершенного и текущего года оценивалось не хуже, чем среднее, принимает уполномоченный
орган управления кредитной организации.
В случае, когда размер ссуд (совокупности ссуд, выданных одному заемщику или группе связанных
заемщиков) составляет 1 процент и менее от величины собственных средств (капитала) кредитной организации, решение о признании обслуживания долга хорошим по реструктурированным ссудам, по ссудам,
предоставленным кредитной организацией заемщику для погашения долга по ранее предоставленной
ссуде, может приниматься уполномоченным органом кредитной организации.
Кредитная организация включает в досье заемщика документально оформленное решение уполномоченного органа управления (органа) кредитной организации о признании обслуживания долга хорошим по
реструктурированным ссудам, а также по ссудам, предоставленным кредитной организацией заемщику
для погашения долга по ранее предоставленной ссуде.
Информация о принятии такого решения в отношении ссуд (совокупности ссуд, выданных одному заемщику или группе связанных заемщиков), превышающих 1 процент от величины собственных средств
(капитала) кредитной организации, и о категории качества ссуды представляется кредитной организацией
в Банк России (территориальное учреждение Банка России, уполномоченное структурное подразделение
центрального аппарата Банка России) одновременно с формой отчетности 0409115 “Информация о качестве активов кредитной организации (банковской группы)”, установленной Указанием Банка России от
24 ноября 2016 года № 4212-У “О перечне, формах и порядке составления и представления форм отчетности кредитных организаций в Центральный банк Российской Федерации”, зарегистрированным Ми­нистерством"	exp0198	590-П_28062017#0034
39	0	Применяются ли требования главы 3 Положения № 590-П, в т.ч. необходимо ли принятие решений о неухудшении качества обслуживания долга в соответствии с п. 3.10 Положения № 590-П в отношении реструктурированных ссуд, оцениваемых на основе ВБОК (без проведения оценки финансового положения заемщиков на основе официальной отчетности)?	6406-У от 10.04.2023	Глава 2. Составление Отчета	15	"том числе:
4.1.1
ссуды, классифицированные в соответствии с пунктом 3.10
Положения Банка России № 590-П1, всего
4.1.1.1
в том числе в отчетном периоде
4.1.1.2
реструктурированные в соответствии со статьей 61-1
Федерального закона от 21 декабря 2013 года № 353-ФЗ
“О потребительском кредите (займе)”2
4.1.1.2.1
в том числе в отчетном периоде
4.1.2
ссуды, классифицированные в соответствии
с подпунктом 3.14.3 пункта 3.14 Положения Банка России
№ 590-П, всего
4.1.2.1
в том числе в отчетном периоде
4.1.3
ссуды, классифицированные в соответствии
с подпунктом 3.12.3 пункта 3.12 Положения Банка России
№ 590-П, всего
4.1.3.1
в том числе в отчетном периоде
4.1.4.1
4.1.5
4.1.5.1
4.1.6
4.1.6.1
4.1.7
4.1.7.1
4.2
4.2.1
4.2.1.1
4.2.2
4.2.2.1
ссуды, классифицированные в соответствии
с подпунктом 3.20.3 пункта 3.20 Положения Банка России
№ 590-П, всего
в том числе в отчетном периоде
ссуды, классифицированные в соответствии с пунктом 4.10
Положения Банка России № 590-П, всего
в том числе в отчетном периоде
ссуды, классифицированные в соответствии с пунктом 4.11
Положения Банка России № 590-П, всего
в том числе в отчетном периоде
ссуды, классифицированные с учетом принятого
уполномоченным органом управления (органом) кредитной
организации решения о неухудшении оценки финансового
положения, качества обслуживания долга, а также категории
качества ссуды и (или) категории качества обеспечения
в связи с введением мер ограничительного характера, всего
в том числе в отчетном периоде
активы, кроме ссуд, ссудной и приравненной к ней
задолженности, в соответствии с приложением 1 к Положению
Банка России № 590-П, всего, в том числе:
активы (кроме ссуд), классифицированные в соответствии
с подпунктом 3.1"	exp0198	6406-У_10042023#0413
40	1	Верно ли КО понимает, что норма пп. 6.2.11 Положения № 590-П применима к ИП, и размещенные в депозит (вклад) денежные средства ИП, который имеет перед КО по договору поручительства либо в силу банковской гарантии обязательства по обеспечению надлежащего исполнения основных обязательств, могут быть отнесены к обеспечению I категории качества?	31-МР от 28.11.2017	Глава 4. Сведения о принятом обеспечении по предоставленным 	4.1.1–4.1.6	"4.1.1. Присвоенный основному договору идентификационный код рекомендуется использовать в качестве ключевого поля для установления логической связи с предметной областью “Сведения о договорах,
заключенных кредитной организацией с клиентами” (глава 3 настоящих Методических рекомендаций).
4.1.2. При наличии по кредитам, предоставленным физическим и юридическим лицам, обеспечения в
виде залога недвижимости, прав требования участника долевого строительства рекомендуется указывать
сведения о статусе договора о залоге недвижимого имущества (договора об ипотеке) на предмет его регистрации в уполномоченных органах государственной власти. При наличии нескольких субъектов права
рекомендуется указывать информацию обо всех субъектах права.
4.1.3. При раскрытии информации о предмете залога в виде залога прав требования участника долевого строительства рекомендуется исходить из понятия о залоге прав требования, вытекающих из договора участия в долевом строительстве, отвечающего требованиям статьи 13 Федерального закона от
30.12.2004 № 214-ФЗ “Об участии в долевом строительстве многоквартирных домов и иных объектов
недвижимости и о внесении изменений в некоторые законодательные акты Российской Федерации”.
4.1.4. Категорию качества обеспечения рекомендуется указывать с учетом того, что перечень обеспечения I и II категорий качества определен пунктами 6.2 и 6.3 главы 6 Положения Банка России № 590-П.
4.1.5. При отражении справедливой стоимости обеспечения в рублевом эквиваленте (при наличии) рекомендуется исходить из того, что справедливая стоимость обеспечения характеризует стоимость (сумму)
обеспечения, принимаемую в уменьшение резерва на возможные потери по выданному кредиту (займу),
требованию кредитного характера. Понятие справедливой стоимости (суммы) определено в пункте 2.3
главы 2 Положения Банка России № 590-П.
4.1.6. Вид разрешенного использования объекта рекомендуется применять в отношении типа объекта
права “земельный участок” (в соответствии с приказом Минэкономразвития России от 01.09.2014 № 540
“Об утверждении классификатора видов разрешенного использования земельных участков”)."	exp0200	31-МР_28112017#0034
41	1	Верно ли КО понимает, что норма пп. 6.2.11 Положения № 590-П применима к ИП, и размещенные в депозит (вклад) денежные средства ИП, который имеет перед КО по договору поручительства либо в силу банковской гарантии обязательства по обеспечению надлежащего исполнения основных обязательств, могут быть отнесены к обеспечению I категории качества?	590-П от 28.06.2017	Глава 6. Формирование резерва с учетом обеспечения по ссуде	6.2.9–6.3.5	"6.2.9. поручительства (гарантии) юридических лиц, исполнение обязательств по которым прямо либо
косвенно (через третье лицо) обеспечено гарантией Российской Федерации.
6.3. К обеспечению II категории качества могут быть отнесены:
6.3.2. гарантии (банковские гарантии) и поручительства (применительно к векселям - авали и (или) акцепты) лиц, перечисленных в подпункте 6.3.1 настоящего пункта, в пределах 50 процентов от чистых активов
(собственных средств (капитала) гаранта (поручителя), подтвержденных аудиторской проверкой за последний отчетный год, при условии, что финансовое положение гаранта (поручителя) оценивается как хорошее
в соответствии с абзацем вторым пункта 3.3 и с учетом подпункта 3.4.1 пункта 3.4 настоящего Положения;
6.3.3. поручительства (гарантии) субъектов Российской Федерации, имеющих кредитный рейтинг, присвоенный по национальной рейтинговой шкале для Российской Федерации одним из российских кредитных рейтинговых агентств, не ниже уровня, установленного Советом директоров Банка России;
6.3.4. поручительства образованных субъектами Российской Федерации фондов поддержки предпринимательства и фондов содействия кредитованию субъектов малого и среднего предпринимательства;
6.3.5. поручительства акционерного общества “Агентство по ипотечному жилищному кредитованию” по
закладным, принятым в обеспечение по предоставленным ссудам."	exp0200	590-П_28062017#0086
42	1	Вправе ли КО рассматривать залог закладных, удостоверяющих права требования к третьему лицу по обеспеченному залогом недвижимости обязательству, в качестве обеспечения II категории качества, а именно как залог имущественных прав (требований) на недвижимое имущество, соответствующий требованиям абз.10 пп. 6.3.1 Положения № 590-П?	3707-У от 30.06.2015	Глава 2. Оценка имущества (активов) и обязательств банка	2.2.3–2.3	"2.2.3. Оценка качества и стоимости обеспечения осуществляется с учетом следующих подходов.
В целях настоящей Методики не рассматриваются в качестве обеспечения I и II категории качества
залоги, предметом которых являются:
собственные векселя банка, реализованные с существенным дисконтом (более двух ключевых ставок
Банка России либо если дисконт по приобретенному залогодателем векселю банка-кредитора существенно (более чем на 20 процентов) превышает доходность по иным долговым ценным бумагам, выпущенным
(эмитированным) банком-кредитором, при этом срок, оставшийся до погашения ценной бумаги, должен
быть сопоставим со сроком векселя), а также собственные векселя банка, приобретенные залогодателем
за счет привлеченных денежных средств, в том числе предоставленных банком-векселедателем (за исключением собственных векселей, находящихся в закладе у банка-кредитора);
векселя, указанные в подпункте 2.2.2.2.5 настоящего пункта;
товары в обороте при отсутствии подтвержденных доказательств наличия предмета залога и (или) при
отсутствии информации, необходимой для оценки их справедливой стоимости с приемлемым уровнем
погрешности (не более чем 20 процентов);
паи паевых инвестиционных фондов;
поручительства юридических лиц и физических лиц;
имущественные права (требования) на недвижимое имущество.
Обеспечение I и II категории качества также не учитывается для целей настоящей Методики, в том
числе если:
отсутствуют основания полагать, что лицо, предоставившее обеспечение, не будет препятствовать
реализации прав банка на обеспечение;
предмет залога отсутствует по месту нахождения, указанному в договоре залога, и (или) не представлен для оценки;
предмет залога не может быть идентифицирован и (или) реализован по частям;
имеются обстоятельства, препятствующие реализации прав, вытекающих из наличия обеспечения.
При оценке стоимости отдельных видов обеспечения также могут быть использованы подходы к оценке
его стоимости, указанные в подпункте 2.2.2 пункта 2.2 настоящей Методики.
2.3. Оценка имущества (активов) банка, классифицируемых на портфельной"	exp0201	3707-У_30062015#0033
43	1	Вправе ли КО рассматривать залог закладных, удостоверяющих права требования к третьему лицу по обеспеченному залогом недвижимости обязательству, в качестве обеспечения II категории качества, а именно как залог имущественных прав (требований) на недвижимое имущество, соответствующий требованиям абз.10 пп. 6.3.1 Положения № 590-П?	590-П от 28.06.2017	Глава 6. Формирование резерва с учетом обеспечения по ссуде	6.3.1	"залог ценных бумаг, эмитированных (выпущенных) кредитными организациями Российской Федерации и банками стран, имеющих страновую оценку “1”, а также стран с высоким уровнем доходов, являющихся членами ОЭСР и (или) Еврозоны;
залог векселей, авалированных и (или) акцептованных указанными в подпункте 6.2.4 настоящего пункта субъектами, в части суммы, обеспеченной авалем (акцептом);
залог ценных бумаг, эмитированных юридическими лицами, если рентабельность капитала указанных
юридических лиц за последний год составляет не менее 5 процентов в пределах 50 процентов подтвержденной аудиторской проверкой величины капитала (чистых активов) этих юридических лиц;
залог вещей при наличии их устойчивого рынка и (или) иных достаточных оснований считать, что соответствующий предмет залога может быть реализован в срок, не превышающий 270 календарных дней
со дня возникновения основания для обращения взыскания на залог, при условии, что юридическая документация в отношении залоговых прав кредитной организации оформлена таким образом, что в ней не
содержится условий, препятствующих реализации залоговых прав и (или) предмета залога. Наличие или
отсутствие договора страхования предмета залога, принятого в качестве обеспечения ссуды, может рассматриваться как дополнительный фактор при оценке качества обеспечения по ссуде;
залог имущественных прав (требований) на недвижимое имущество при наличии достаточных оснований считать, что соответствующие права (требования) могут быть реализованы в срок, не превышающий
270 календарных дней со дня возникновения основания для обращения взыскания на предмет залога, при
условии, что юридическая документация в отношении залоговых прав кредитной организации оформлена
таким образом, что в ней не содержится условий, препятствующих реализации залоговых прав;"	exp0201	590-П_28062017#0085
44	0	Возможно учитывать обеспечение в целях минимизации резерва на возможные потери по ссуде, если на предмет залога наложены ограничительные меры судебным приставом в соответствии с требованием закона в рамках исполнительного производства, возбужденного по заявлению самой КО для целей дополнительной защиты прав залогодержателя и дальнейшей реализации предмета залога с торгов, при условии, что иных ограничений на предмет залога нет?	570-П от 26.12.2016	Приложение 1	1–3.2.2	"к Положению Банка России
от 26 декабря 2016 года № 570-П
“О порядке проведения Банком России экспертизы предмета залога,
принятого кредитной организацией в качестве обеспечения по ссуде”
(рекомендуемый образец)
ЗАЛОГОВОЕ ЗАКЛЮЧЕНИЕ
(дата суждения о стоимости)
(дата залогового заключения)
1. Стороны залоговой сделки
1.1. Кредитная организация - залогодержатель1.
1.2. Заемщик2.
1.3. Залогодатель2.
2. Установление фактического наличия предмета залога и его осмотр
2.1. Описание предмета залога.
2.2. Количественные и качественные характеристики предмета залога.
2.3. Сведения о результатах осмотра предмета залога (в случае проведения).
2.4. Сведения об установлении Банком России фактического наличия предмета залога (установлено
(не установлено).
2.5. Основание неустановления Банком России фактического наличия предмета залога (при наличии).
3. Установление правового статуса предмета залога
3.1. Права кредитной организации на предмет залога.
3.1.1. Право залогодателя передавать предмет залога в залог кредитной организации.
3.1.2. Согласие или разрешение другого лица либо уполномоченного органа на передачу залогодателем предмета залога в залог в случаях, предусмотренных федеральными законами или договором, и
соблюдение сторонами залоговых отношений указанного требования (при наличии).
3.1.3. Основание возникновения залога.
3.1.4. Момент возникновения залога.
3.1.5. Форма и условия договора залога, в том числе срок действия договора залога.
3.1.6. Государственная регистрация или учет залога и соблюдение сторонами залоговых отношений
требований законодательства Российской Федерации к государственной регистрации или учету залога.
3.1.7. Сведения о наличии (отсутствии) прав кредитной организации на предмет залога.
3.2. Правовые препятствия для реализации предмета залога.
3.2.1. Предшествующие и последующие залоги в отношении предмета залога, созалогодержатели,
старшинство прав залогодержателей.
3.2.2. Неделимость предмета залога (неделимый (делимый)."	exp0205	570-П_26122016#0021
45	1	Вправе ли КО при наступлении обстоятельств, указанных в ч. 1 ст. 2 Федерального закона № 377-ФЗ, признать задолженность по ссуде и процентам военнослужащих и членов их семей безнадежной к взысканию и списать ее за счет сформированного резерва в соответствии с гл. 8 Положения № 590-П?	590-П от 28.06.2017	Глава 8. Порядок списания кредитной организацией безнадежной	8.5–8.7.2	"8.5. К актам уполномоченных государственных органов могут относиться судебные акты, акты судебных приставов - исполнителей, акты органов государственной регистрации, а также иные акты, доказывающие невозможность взыскания безнадежной задолженности по ссуде.
8.6. Списание кредитной организацией безнадежной задолженности по ссуде за счет сформированного по ней резерва осуществляется по решению уполномоченного органа (уполномоченных органов) кредитной организации или в порядке, им установленном.
Порядок принятия решения о признании задолженности по ссудам безнадежной должен предусматривать условия, препятствующие возникновению конфликта интересов сотрудников кредитной организации,
принимающих решение о выдаче ссуд и принимающих решение о списании безнадежной задолженности.
8.7. Списание безнадежной задолженности по ссуде, сумма которой превышает 1 процент от величины
собственных средств (капитала) кредитной организации, осуществляется с учетом следующего.
8.7.1. Принятое кредитной организацией решение о списании безнадежной задолженности по ссуде
в размере, превышающем 1 процент от величины собственных средств (капитала) кредитной организации, кроме безнадежной задолженности по ссудам заемщиков, указанных в подпункте 8.7.2 настоящего
пункта, должно подтверждаться актами, указанными в пункте 8.5 настоящего Положения, если отсутствие
необходимости подтверждения указанными актами не предусмотрено специальным решением уполномоченного органа управления кредитной организации.
8.7.2. Принятое кредитной организацией решение о списании безнадежной задолженности по ссуде,
предоставленной акционеру (акционерам), участнику (участникам) кредитной организации и (или) их аффилированным лицам, в случае, если безнадежная задолженность по ссуде (совокупности ссуд, предоставленных одному акционеру (участнику) превышает 1 процент от величины собственных средств (капитала) кредитной организации, должно обязательно подтверждаться актами, указанными в пункте 8.5
настоящего Положения."	exp0209	590-П_28062017#0098
46	2	О каких обособленных подразделениях участников наличных расчетов идет речь при соблюдении лимита наличных выплат в день, предусмотренных абзацами 10 и 13 пункта 1 Указания Банка России № 5348-У?	5348-У от 09.12.2019		1	"выдача наличных денег работникам под отчет;
возврат денежных средств за оплаченные ранее наличными деньгами и возвращенные товары,
невыполненные работы, неоказанные услуги;
выдача наличных денег при осуществлении операций банковского платежного агента (суб­агента)
в соответствии с требованиями статьи 14 Федерального закона от 27 июня 2011 года № 161-ФЗ
“О национальной платежной системе” (Собрание
законодательства Российской Федерации, 2011,
№ 27, ст. 3872; 2018, № 27, ст. 3952) (далее -
Федеральный закон “О национальной платежной
системе”);
выдача займов, возврат привлеченных займов,
уплата процентов и (или) неустоек (штрафов, пени)
по привлеченным займам микрофинансовой организацией, ломбардом - в сумме, не превышающей
50 тысяч рублей по одному договору займа, но
не более чем 1 миллион рублей в течение одного
дня в расчете на микрофинансовую организацию
(ее обособленное подразделение), ломбард (его
обособленное подразделение);
выдача займов, возврат привлеченных займов,
возврат средств по договорам передачи личных
сбережений, плата за использование денежных
средств по договорам передачи личных сбережений, уплата процентов и (или) неустоек (штрафов,
пени) по привлеченным займам, по договорам
передачи личных сбережений, выплата сумм паенакоплений (пая) кредитным потребительским
кооперативом, сельскохозяйственным кредитным
потребительским кооперативом - в сумме, не
превышающей 100 тысяч рублей по каждому из
перечисленных договоров, по каждому паенакоплению (паю), но не более чем 2 миллиона рублей
в течение одного дня в расчете на кредитный
потребительский кооператив (его обособленное
подразделение), сельскохозяйственный кредитный
потребительский кооператив (его обособленное
подразделение)."	exp0211	5348-У_09122019#0002
47	0	Может ли участник наличных расчетов, не являющийся участником микрофинансового рынка, пополнять свою кассу за счет наличных денег, поступивших по договору займа, в целях их расходования для оплаты товаров, работ, услуг, выплаты работникам заработной платы и иные цели в соответствии с абзацами 3–9 пункта 1 Указания Банка России № 5348-У?	7092-У от 19.06.2025	Приложение 1	4	"сса
кредитных организаций”) на начало отчетного месяца;
символ 37.1. Поступления наличных денег в кассу филиала иностранного банка из кассы подразделения Банка России;
символ 39. Поступления наличных денег в кассу филиала иностранного банка из другой кредитной
организации, из филиала Объединения “РОСИНКАС”;
символ 40. Выдачи наличных денег, относящихся к фонду заработной платы и выплатам социального
характера, со счетов организаций;
символ 41. Выдачи наличных денег со счетов организаций на выплату стипендий студентам высших учебных заведений, учащимся колледжей, курсов, училищ и других учебных заведений, на выплату государственных научных стипендий, стипендий по ученическому договору на профессиональное обучение, подготовку
и переподготовку работников в связи с производственной необходимостью, стипендий за счет грантов,
предоставленных международными, иностранными некоммерческими и благотворительными организациями;
символ 42. Выдачи наличных денег со счетов организаций на расходы, связанные с содержанием
персонала, но не учитываемые в фонде заработной платы и выплатах социального характера.
Выдачи наличных денег со счетов организаций по договорам займов (включая оказание временной
финансовой помощи), заключенным с работниками данных организаций;
символ 46. Выдачи наличных денег со счетов организаций на закупку сельскохозяйственных продуктов и сырья;
символ 47. Выдачи наличных денег на операции игорного бизнеса - выдачи наличных денег со счетов
организаторов азартных игр, содержащих тотализаторы, букмекерские конторы, казино и залы игровых
автоматов, организаторов тотализаторов (взаимных пари) и других основанных на риске игр, а также
операторов лотерей, в том числе в электронной форме.
Выплаты выигрышей по лотерейным билетам;
символ 50. Выдачи наличных денег со счетов организаций для выплаты всех видов пенсий, пособий,
компенсаций и других выплат.
Выдачи наличных денег страховым организациям, имеющим лицензии"	exp0212	7092-У_19062025#0083
48	0	Вправе ли брокер в соответствии правовым регулированием, предусмотренным Указанием Банка России № 5348-У, израсходовать денежные средства на исполнение поручения клиента по брокерскому обслуживанию об отзыве наличных денежных средств за счет средств, поступивших в кассу ранее от того же или другого клиента, без предварительного зачисления таких средств на банковский счет, последующего снятия и перемещения в кассу брокера?	5436-У от 13.04.2020	Глава 2. Расчет величины высоколиквидных	2.2.5–2.2.7	"2.2.5. Денежные средства брокера и его клиентов, переданные по договору о брокерском
обслуживании брокеру и (или) иностранному
лицу, имеющему право в соответствии с его личным законом осуществлять брокерскую деятельность на рынке ценных бумаг, удовлетворяющим
условиям абзацев второго-пятого пункта 3.2
Указания Банка России № 5099-У, при условии,
что в соответствии с его личным законом и (или)
договором, заключенным с брокером, такое иностранное лицо обязано исполнить требование
клиента о возврате суммы денежных средств в
срок не позднее рабочего дня, следующего за
днем получения требования о возврате денежных
средств, в пределах суммы денежных средств,
возврата которой брокер вправе требовать от
указанного брокера или иностранного лица на
конец дня даты расчета.
2.2.6. Денежные средства, драгоценные металлы и ценные бумаги, являющиеся индивидуальным
клиринговым обеспечением, которые могут быть
получены брокером в соответствии с договором
об оказании клиринговых услуг на конец дня даты
расчета.
2.2.7. Ценные бумаги брокера, за исключением ценных бумаг, указанных в подпункте 2.2.6
пункта 2.2 настоящего Указания, которые принимаются клиринговой организацией в качестве
индивидуального клирингового обеспечения при
осуществлении клиринга с участием центрального
контрагента."	exp0214	5436-У_13042020#0006
49	0	Вправе ли брокер в соответствии правовым регулированием, предусмотренным Указанием Банка России № 5348-У, израсходовать денежные средства на исполнение поручения клиента по брокерскому обслуживанию об отзыве наличных денежных средств за счет средств, поступивших в кассу ранее от того же или другого клиента, без предварительного зачисления таких средств на банковский счет, последующего снятия и перемещения в кассу брокера?	5636-У от 26.11.2020			"УКАЗАНИЕ
О требованиях к осуществлению брокерской деятельности
при совершении брокером отдельных сделок за счет клиента
Настоящее Указание на основании абзаца
восьмого пункта 4 и пункта 41 статьи 3, пункта 3
статьи 42 Федерального закона от 22 апреля
1996 года № 39-ФЗ “О рынке ценных бумаг”
(Собрание законодательства Российской Федерации, 1996, № 17, ст. 1918; 2020, № 31, ст. 5065),
статьи 76 4 Федерального закона от 10 июля
2002 года № 86-ФЗ “О Центральном банке Российской Федерации (Банке России)” (Собрание
законодательства Российской Федерации, 2002,
№ 28, ст. 2790; 2020, № 30, ст. 4738) и в соответствии с решением Совета директоров Банка
России (протокол заседания Совета директоров
Банка России от 20 ноября 2020 года № ПСД-27)
устанавливает требования к осуществлению брокерской деятельности, требования к имуществу,
за исключением денежных средств в валюте
Российской Федерации, которое может быть передано брокеру в качестве обеспечения обязательств клиента перед брокером, в том числе по
предоставленным брокером займам, случаи, когда
сделки брокера за счет клиента без его поручения, предусмотренные пунктом 4 статьи 3 Федерального закона от 22 апреля 1996 года № 39-ФЗ
“О рынке ценных бумаг”, могут совершаться не на
организованных торгах, обязательные нормативы
брокера при совершении брокером следующих
сделок:
сделок за счет денежных средств (в валюте
Российской Федерации или в иностранной валюте) и (или) ценных бумаг и (или) драгоценных
металлов, которые в соответствии с договором
о брокерском обслуживании находятся в распоряжении брокера или должны поступить в его
распоряжение, в случае их недостаточности для
исполнения обязательств из указанных сделок;
фьючерсных договоров от имени брокера и за
счет клиента."	exp0214	5636-У_26112020#0000
50	1	В течение какого периода времени наличные денежные средства, снятые с расчетного счета и внесенные в кассу, СКПК (КПК) вправе выдавать своим клиентам по договорам займов/личных сбережений и паенакоплениям в целях исполнения требований Указания Банка России № 5348-У?	5348-У от 09.12.2019		1	"выдача наличных денег работникам под отчет;
возврат денежных средств за оплаченные ранее наличными деньгами и возвращенные товары,
невыполненные работы, неоказанные услуги;
выдача наличных денег при осуществлении операций банковского платежного агента (суб­агента)
в соответствии с требованиями статьи 14 Федерального закона от 27 июня 2011 года № 161-ФЗ
“О национальной платежной системе” (Собрание
законодательства Российской Федерации, 2011,
№ 27, ст. 3872; 2018, № 27, ст. 3952) (далее -
Федеральный закон “О национальной платежной
системе”);
выдача займов, возврат привлеченных займов,
уплата процентов и (или) неустоек (штрафов, пени)
по привлеченным займам микрофинансовой организацией, ломбардом - в сумме, не превышающей
50 тысяч рублей по одному договору займа, но
не более чем 1 миллион рублей в течение одного
дня в расчете на микрофинансовую организацию
(ее обособленное подразделение), ломбард (его
обособленное подразделение);
выдача займов, возврат привлеченных займов,
возврат средств по договорам передачи личных
сбережений, плата за использование денежных
средств по договорам передачи личных сбережений, уплата процентов и (или) неустоек (штрафов,
пени) по привлеченным займам, по договорам
передачи личных сбережений, выплата сумм паенакоплений (пая) кредитным потребительским
кооперативом, сельскохозяйственным кредитным
потребительским кооперативом - в сумме, не
превышающей 100 тысяч рублей по каждому из
перечисленных договоров, по каждому паенакоплению (паю), но не более чем 2 миллиона рублей
в течение одного дня в расчете на кредитный
потребительский кооператив (его обособленное
подразделение), сельскохозяйственный кредитный
потребительский кооператив (его обособленное
подразделение)."	exp0215	5348-У_09122019#0002
51	1	Вправе ли банк на основании пункта 4.4 Положения № 762-П установить в договоре с клиентом для зачисления денежных средств на счет получателя контроль только по одному реквизиту — номеру банковского счета получателя средств?	762-П от 29.06.2021	Приложение 15	2–3	"2. Банк плательщика контролирует наличие в распоряжении в реквизите 22 “Код” уникального идентификатора платежа при наличии в реквизите 17 “Сч. №” получателя средств номера банковского счета
получателя средств, открытого в целях идентификации платежа.
Банк плательщика контролирует уникальный идентификатор платежа посредством проверки значения
контрольного ключа.
Значение контрольного ключа рассчитывается с применением 1-5 разрядов реквизита 17 “Сч. №”
получателя средств и 1-16 разрядов реквизита 22 “Код”, а также следующих весовых коэффициентов,
установленных для каждого разряда:
Номера разрядов
Коэффициенты
Расчет значения контрольного ключа осуществляется в следующем порядке:
значение контрольного ключа приравнивается к нулю;
рассчитываются произведения значений разрядов и соответствующих весовых коэффициентов;
рассчитывается сумма значений младших разрядов полученных произведений;
значение младшего разряда вычисленной суммы умножается на три;
значение контрольного ключа принимается равным значению младшего разряда полученного произведения.
Проверка значения контрольного ключа осуществляется посредством расчета произведения значений
разрядов и соответствующих весовых коэффициентов с учетом значения контрольного ключа и последующего расчета суммы значений младших разрядов полученных произведений. Значение контрольного
ключа считается верным при получении суммы, кратной десяти.
3. При наличии в распоряжении в реквизите 17 “Сч. №” получателя средств номера банковского счета получателя средств, открытого в целях идентификации платежа, и при отсутствии в распоряжении в
реквизите 22 “Код” уникального идентификатора платежа или при ином отрицательном результате контроля уникального идентификатора платежа банк плательщика возвращает (аннулирует) распоряжение
в соответствии с пунктом 2.13 настоящего Положения."	exp0217	762-П_29062021#0133
52	2	Какая информация должна указываться в реквизите «Назначение платежа» инкассового поручения в соответствии с Положением № 762-П при взыскании налоговым органом денежных средств со счета налогоплательщика?	762-П от 29.06.2021	Приложение 12		"ельщика,
получателя, фактического получателя” настоящей таблицы.
Реквизиты не заполняются в случае отсутствия фактического получателя средств,
в том числе:
если получателем средств является банк;
если получатели средств обслуживаются одним банком (для платежного
распоряжения на общую сумму)
Назначение
Указываются реквизиты 14.1-14.6, содержащие информацию о назначении
платежа
платежа
Текстовое
Указываются назначение платежа, наименование товаров, работ, услуг, номера
назначение
и даты договоров, товарных документов, а также может указываться другая
платежа
информация, в том числе в соответствии с законодательством.
В платежном распоряжении, в реквизите 5 “Вид распоряжения” которого указано
значение “06”, указываются:
при взыскании денежных средств на основании федеральных законов -
наименование взыскания, дата, номер и статья федерального закона,
предусматривающего право взыскания денежных средств, номер и дата решения
о взыскании денежных средств, если принятие такого решения предусмотрено
федеральными законами;
при взыскании денежных средств на основании исполнительных документов -
наименование органа, выдавшего исполнительный документ, дата выдачи
исполнительного документа, номер дела или материалов, на основании которых
выдан исполнительный документ.
В платежном распоряжении на общую сумму делается ссылка на реестр
(приложение) и общее количество распоряжений, включенных в реестр
(приложение), при этом до и после слова “реестр” (“приложение”) указывается
символ “//”
14.2
Период оплаты
14.3
Ставка НДС
14.4
Сумма НДС
14.5
Взысканная сумма
14.6
Код вида операции
101.1
102.1
102.2
103.1
103.2
104.1
105.1
106.1
107.1
108.1
109.1
110.1
-
15.1
Информация
о платеже
Вид платежа
15.2
Дата платежа
15.3
Очередность
платежа
Может указываться период, за который производится платеж, следующим
образом:
при уплате за конкретную дату - в порядке, установленном для реквизита 4 “Дата”;
при уплате за период - в следующей последовательности:
1 и 2 разряды принимают значения “МС” (для месячных платежей), “КВ”
(для квартальных платежей), “ПЛ” (для полугодовых платежей), “ГД"	exp0220	762-П_29062021#0107
53	0	Какие документы могут быть представлены в банк лизингодателем согласно пункту 7.3 Положения № 762-П в качестве подтверждения права предъявления инкассового поручения к банковскому счету лизингополучателя в целях взыскания задолженности по лизинговым платежам в соответствии с Федеральным законом от 29.10.1998 № 164-ФЗ «О финансовой аренде (лизинге)»?	170-И от 11.11.2015	Глава 2. Требования к документам	2.7–2.9	"2.7. Документы, предусмотренные пунктом 9 части 3 статьи 26 Федерального закона “О клиринге
и клиринговой деятельности”, представляются на
электронном носителе (CD-диск, flash-накопитель)
в виде файла, имеющего формат, обеспечивающий возможность его сохранения на технических
средствах и допускающий после сохранения возможность поиска и копирования произвольного
фрагмента текста средствами для просмотра (doc,
docx, rtf).
Одновременно с указанными в абзаце первом
настоящего пункта документами соискатель лицензии представляет в уполномоченное структурное
подразделение:
копии решений уполномоченного органа соискателя лицензии, которыми были утверждены документы;
копии иных внутренних документов, в случае
если на них есть ссылки в документах, предусмотренных настоящим пунктом.
2.8. На титульном листе каждого документа,
указанного в пункте 2.7 настоящей Инструкции,
указываются:
наименование документа;
наименование уполномоченного органа, утвердившего документ;
дата утверждения документа;
подпись единоличного исполнительного органа
соискателя лицензии, заверенная печатью (при наличии печати).
Левый верхний угол каждого документа, указанного в пункте 2.7 настоящей Инструкции, остается пустым для проставления отметки о его регистрации уполномоченным структурным подразделением.
2.9. Документ, предусмотренный пунктом 10 части 3 статьи 26 Федерального закона “О клиринге и
клиринговой деятельности”, представляется по состоянию на последний календарный день отчетного года, на последний календарный день квартала,
предшествующего дате подачи заявления о выдаче
лицензии, и по состоянию на дату составления заявления.
Расчет величины собственных средств осуществляется в порядке, установленном нормативным
актом Банка России1.
В соответствии с пунктом 10 части 3 статьи 26 Федерального закона “О клиринге и клиринговой деятельности”.
Соискатели лицензии к документу, предусмотренному абзацем первым настоящего пункта, прилагают копии документов, на основании которых
имущество принято на баланс соискателя лицензии, документов, подтверждающих стоимость имущества, включенного в расчет размера собственных средств, и документов, удостоверяющих право
собственности соискателя лицензии на включенное
в расчет размера собственных средств имущество."	exp0221	170-И_11112015#0009
54	0	Может ли банк на основании пункта 1.15 Положения № 762-П осуществлять периодический перевод денежных средств со счета юридического лица? Применяются ли в данном случае требования пункта 1.26 Положения № 762-П о подписании распоряжения к банку в случае составления им распоряжения о переводе денежных средств в электронном виде?	762-П от 29.06.2021	Глава 1. Общие положения	1.11	"ия юридического лица о получении
наличных денежных средств с его банковского счета при недостаточности денежных средств на нем
в электронном виде или на бумажном носителе;
распоряжение физического лица, форма которого на основании части 1 статьи 8 Федерального
закона от 27 июня 2011 года № 161-ФЗ устанавливается Министерством финансов Российской
Федерации по согласованию с Банком России."	exp0222	762-П_29062021#0006
55	2	Может ли банк устанавливать процедуры проверки подлинности исполнительного документа в рамках выполнения процедур приема к исполнению распоряжений, в соответствии с Положением № 762-П?	762-П от 29.06.2021	Глава 2. Процедуры приема к исполнению,	2.2–2.4	"2.2. Банки могут дополнительно устанавливать,
в том числе в договорах, иные процедуры приема
к исполнению распоряжений, в том числе процедуру контроля дублирования распоряжений. При
указании в распоряжении, требующем выполнения
условий перевода, признака условий перевода
банк осуществляет контроль выполнения условий
перевода в порядке, установленном договором.
Регистрация распоряжений осуществляется
в порядке, установленном банком, с указанием
даты поступления распоряжения, при этом обязательной регистрации подлежат распоряжения
взыскателей средств.
2.3. Порядок выполнения процедур приема к
исполнению, отзыва, возврата (аннулирования)
распоряжений, в том числе распоряжений на
общую сумму, устанавливается кредитными организациями с учетом требований настоящего
Положения и доводится до клиентов, взыскателей
средств, кредитных организаций в договорах,
документах, разъясняющих порядок выполнения
процедур приема к исполнению, отзыва, возврата
(аннулирования) распоряжений, а также путем
размещения информации в местах обслуживания
клиентов.
2.4. Удостоверение права распоряжения денежными средствами при приеме к исполнению распоряжения в электронном виде осуществляется банком посредством проверки электронной подписи,
аналога собственноручной подписи и (или) кодов,
паролей, иных средств, позволяющих подтвердить,
что распоряжение в электронном виде подписано и (или) удостоверено в соответствии с пунктом 1.26 настоящего Положения.
Удостоверение права распоряжения денежными средствами на банковском счете при приеме к
исполнению распоряжения на бумажном носителе
осуществляется банком посредством проверки
наличия собственноручной подписи (собственноручных подписей) и оттиска печати (при наличии)
и их соответствия образцам, заявленным банку
в карточке с образцами подписей и оттиска печати (далее - карточка) или в альбоме образцов
подписей лиц, уполномоченных распоряжаться
денежными средствами, находящимися на счете
(далее - альбом).
При приеме к исполнению распоряжения на
бумажном носителе, составленного физическим
лицом в целях осуществления перевода денежных
средств без открытия банковского счета, кредитная организация проверяет наличие собственноручной подписи."	exp0224	762-П_29062021#0017
56	1	Разъяснение о порядке бухгалтерского учета отдельных операций по производным финансовым инструментам в рамках применения Указания Банка России № 6087-У	6087-У от 11.03.2022		3.3.1–3.3.2	"3.3.1. По предоставленным кредитам, приобретенным правам требования от третьих лиц исполнения обязательств в денежной форме:
Дебет балансового счета по учету отрицательной переоценки или балансового счета по учету
положительной переоценки предоставленных кредитов, приобретенных прав требования от третьих
лиц исполнения обязательств в денежной форме
Кредит балансового счета по учету доходов от
переоценки или балансового счета по учету расходов от переоценки предоставленных кредитов,
приобретенных прав требования от третьих лиц
исполнения обязательств в денежной форме.
3.3.2. По производным финансовым инструментам:
Дебет счета № 52601 “Производные финансовые инструменты, от которых ожидается получение
экономических выгод” или счета № 52602 “Производные финансовые инструменты, по которым
ожидается уменьшение экономических выгод”
Кредит счета № 70613 “Доходы от производных
финансовых инструментов” или счета № 70614
“Расходы по производным финансовым инструментам”."	exp0225	6087-У_11032022#0004
57	1	Разъяснение Департамента регулирования бухгалтерского учета по вопросу, связанному с применением Указания Банка России от 04.09.2013 № 3054-У «О порядке составления кредитными организациями годовой бухгалтерской (финансовой) отчетности»	3054-У от 04.09.2013	Глава 3. События после отчетной даты и	3.2–3.2.1	"3.2. В бухгалтерском учете корректирующие события после отчетной даты отражаются в период до даты составления годовой
отчетности в следующем порядке.
3.2.1. В учетной политике кредитной организации, имеющей филиалы, должен быть
утвержден порядок отражения событий после отчетной даты:
либо события после отчетной даты
проводятся и отражаются только в балансе
головного офиса кредитной организации,
либо события после отчетной даты
проводятся и отражаются в балансе головного офиса кредитной организации и в балансах филиалов кредитной организации.
Если к моменту возникновения необходимости отражения в бухгалтерском учете
события после отчетной даты операция уже
была отражена бухгалтерскими записями текущего года, то указанные записи текущего года следует закрыть соответствующими
сторнировочными записями и затем отразить
в бухгалтерском учете событие после отчетной даты в соответствии с подпунктом 3.2.3
настоящего пункта."	exp0226	3054-У_04092013#0015
58	0	Разъяснение Департамента регулирования бухгалтерского учета по вопросу, связанному с применением Указания Банка России от 04.09.2013 № 3054-У «О порядке составления кредитными организациями годовой бухгалтерской (финансовой) отчетности»	3054-У от 04.09.2013	Глава 5. Заключительные положения	5.2	"5.2. Со дня вступления в силу настоящего Указания признать утратившими силу:
Указание Банка России от 8 октября
2008 года № 2089-У “О порядке составления кредитными организациями годового отчета”, зарегистрированное Министерством
юстиции Российской Федерации 28 ноября
2008 года № 12753 (“Вестник Банка России”
от 4 декабря 2008 года № 71);
Указание Банка России от 9 апреля
2010 года № 2426-У “О внесении изменений в
Указание Банка России от 8 октября 2008 года № 2089-У “О порядке составления кредитными организациями годового отчета”,
зарегистрированное Министерством юстиции Российской Федерации 4 мая 2010 года
№ 17096 (“Вестник Банка России” от 13 мая
2010 года № 26);
Указание Банка России от 13 ноября
2010 года № 2519-У “О внесении изменений в
Указание Банка России от 8 октября 2008 года № 2089-У “О порядке составления кредитными организациями годового отчета”, зарегистрированное Министерством юстиции
Российской Федерации 14 декабря 2010 года
№ 19175 (“Вестник Банка России” от 17 декабря 2010 года № 69).
ПРЕДСЕДАТЕЛЬ
ЦЕНТРАЛЬНОГО
БАНКА
РОССИЙСКОЙ
ФЕДЕРАЦИИ
Э.С. НАБИУЛЛИНА
ÖÅÍÒÐÀËÜÍÛÉ ÁÀÍÊ ÐÎÑÑÈÉÑÊÎÉ ÔÅÄÅÐÀÖÈÈ
ВЕСТНИК БАНКА РОССИИ
Íîðìàòèâíûå àêòû è îïåðàòèâíàÿ èíôîðìàöèÿ
Öåíòðàëüíîãî áàíêà Ðîññèéñêîé Ôåäåðàöèè
№ 61 (1457)
13 ÍÎßÁÐß 2013
ÌÎÑÊÂÀ
Ðåäàêöèîííûé ñîâåò èçäàíèé Áàíêà Ðîññèè:
Ïðåäñåäàòåëü ñîâå"	exp0226	3054-У_04092013#0027
59	0	Распространяется ли действие Положения Банка России от 13.11.2015 № 503-П «О порядке открытия и ведения депозитариями счетов депо и иных счетов» (далее — Положение № 503-П) только на эмиссионные ценные бумаги, а в части учета неэмиссионных ценных бумаг необходимо руководствоваться требованиями Указания Банка России от 15.07.1998 № 292-У «О временном порядке ведения депозитарных операций с неэмиссионными ценными бумагами» (далее — Указание № 292-У)?	503-П от 13.11.2015	Глава 8. Операции по фиксации обременения	8.4–8.5	"8.4. Фиксация изменения условий обременения
ценных бумаг, предусмотренных абзацем третьим
пункта 8.3 настоящего Положения, осуществляется в соответствии с депозитарным договором
путем внесения записи о новых условиях обременения в запись (записи) об обременении ценных
бумаг.
8.5. Запись (записи) об ограничении распоряжения ценными бумагами должна (должны) включать
в себя следующую информацию:
сведения, позволяющие идентифицировать
ценные бумаги, в отношении которых установлено ограничение распоряжения, и количество таких
ценных бумаг;
описание ограничения распоряжения ценными
бумагами (арест, блокирование или запрет операций с ценными бумагами);
дату и основание фиксации ограничения распоряжения ценными бумагами."	exp0230	503-П_13112015#0033
60	1	В соответствии с пунктом 2.14 Положения № 448-П разница между суммой, подлежащей оплате по договору, и стоимостью приобретения данного актива на условиях немедленной оплаты признается процентным расходом на протяжении всего периода отсрочки платежа. Возможно ли применить к категории процентных расходов правила пункта 1.6 Положения Банка России от 22.12.2014 № 446-П «О порядке определения доходов, расходов и прочего совокупного дохода кредитной организации» (далее — Положение № 446-П), чтобы не применять дисконтирование в случаях, если период отсрочки платежа составляет менее одного года.	446-П от 22.12.2014	Глава 17. Процентные расходы	17.6–17.9	"17.6. Процентные расходы по выпущенным долговым ценным бумагам, в том числе векселям, отражаются в ОФР по соответствующим символам
раздела 1 “Процентные расходы” части 3 “Процентные расходы, расходы от корректировок и расходы
по формированию резервов на возможные потери”.
17.7. Процентные расходы по операциям займа
ценных бумаг отражаются в ОФР по соответствующим символам раздела 1 “Процентные расходы”
части 3 “Процентные расходы, расходы от корректировок и расходы по формированию резервов
на возможные потери”.
17.8. Комиссионные расходы, относимые к процентным расходам в соответствии с пунктом 17.3
настоящего Положения, отражаются в ОФР по соответствующим символам раздела 1 “Процентные
расходы” части 3 “Процентные расходы, расходы
от корректировок и расходы по формированию резервов на возможные потери”.
17.9. Процентные расходы по финансовым обязательствам рассчитываются с применением ставки дисконтирования в соответствии с пунктом 1.6
настоящего Положения. Разницы, возникающие
между процентными расходами за отчетный период, рассчитанными с применением ставки дисконтирования, и процентными расходами, начисленными без применения ставки дисконтирования,
отражаются в ОФР по соответствующим символам
раздела 6 “Корректировки, увеличивающие процентные расходы, на разницу между процентными
расходами за отчетный период, рассчитанными
в соответствии с применением ставки дисконтирования, и процентными расходами, начисленными
без применения ставки дисконтирования” части 3
“Процентные расходы, расходы от корректировок
и расходы по формированию резервов на возможные потери” или раздела 4 “Корректировки, уменьшающие процентные расходы, на разницу между
процентными расходами за отчетный период, рассчитанными в соответствии с применением ставки
дисконтирования, и процентными расходами, начисленными без применения ставки дисконтирования” части 1 “Процентные доходы, доходы от корректировок и от восстановления (уменьшения)
резервов на возможные потери”."	exp0231	446-П_22122014#0061
61	1	Для признания объектов в качестве долгосрочных активов, предназначенных для продажи, требуется выполнение ряда условий, в том числе, наличие утвержденного плана продаж, ведение поиска покупателя долгосрочного актива, исходя из цены, которая является сопоставимой с его справедливой стоимостью (пункт 5.1 Положения № 448-П). Просим разъяснить, на каком балансовом счете следует учитывать объекты недвижимости, включая землю, полученные по договорам отступного, залога, если они не соответствуют критериям признания в качестве объектов основных средств или недвижимости, временно неиспользуемой в основной деятельности (например, при наличии решения о реализации объектов, но отсутствии утвержденного плана продаж, отсутствии уверенности в возможности завершения продажи в течение 12 месяцев или установления цены, не сопоставимой со справедливой стоимостью объекта).	612-П от 25.10.2017	Глава 4. Бухгалтерский учет операций	4.48.4	"4.48.4. Средства труда и предметы труда, полученные по договорам отступного, залога, назначение которых не определено, учитываются на
балансовых счетах № 62101 “Средства труда, полученные по договорам отступного, залога, назначение которых не определено” и № 62102 “Предметы
труда, полученные по договорам отступного, залога, назначение которых не определено” до даты
определения руководством отдельной некредитной
финансовой организации дальнейших намерений
в отношении использования указанных объектов
либо продажи указанных объектов.
Средства труда должны удовлетворять критериям признания, определенным главами 11 и 12
настоящего Положения для основных средств и
нематериальных активов. Предметы труда должны
удовлетворять критериям признания, определенным главой 9 настоящего Положения для запасов.
Объекты недвижимости, включая землю, полученные по договорам отступного, залога, подлежат
бухгалтерскому учету в соответствии с главами 10
и 11 настоящего Положения в качестве объектов
инвестиционного имущества и основных средств
в зависимости от намерений руководства отдельной некредитной финансовой организации в отношении указанных объектов. Первоначальной стоимостью объектов недвижимости, включая землю,
полученных по договорам отступного, залога, является справедливая стоимость указанных объектов на дату признания. В случае если справедливая
стоимость полученных по договорам отступного,
залога объектов недвижимости, включая землю, не
поддается оценке, то оценка указанных объектов
производится:
по договорам отступного в сумме прекращенных обязательств должника (заемщика);
по договорам залога в сумме, определенной с
учетом требований Гражданского кодекса Российской Федерации.
При признании объектов недвижимости, включая землю, полученных по договорам отступного,
залога, осуществляется бухгалтерская запись:
Дебет счета № 60401 “Основные средства (кроме земли)”, № 60404 “Земля”, № 61905 “Инвестиционное имущество - земля, учитываемая по справедливой стоимости”, № 61907 “Инвестиционное
имущество (кроме земли), учитываемое по справедливой стоимости”
Кредит счетов по учету обязательств должника
(заемщика), которые подлежат"	exp0232	612-П_25102017#0071
62	1	Возможно ли закрепить в учетной политике единые сроки полезного использования для однородных групп основных средств, определенных согласно пункту 2.2 Положения № 448-П.	448-П от 22.12.2014	Глава 2. Бухгалтерский учет основных средств	2.19.3–2.21	"2.19.3. При готовности объекта основных
средств к использованию осуществляются бухгалтерские записи в соответствии с подпунктом 2.13.3
пункта 2.13 настоящего Положения.
2.20. По выявленным при инвентаризации имущества неучтенным объектам основных средств
кредитной организацией устанавливаются причины
возникновения излишка.
При признании в бухгалтерском учете выявленных при инвентаризации имущества неучтенных
объектов основных средств осуществляются бухгалтерские записи:
в сумме справедливой стоимости выявленных
неучтенных объектов основных средств:
Дебет счета № 60401 “Основные средства (кроме земли)” или № 60404 “Земля”
Кредит счета № 70601 “Доходы” (в ОФР по символу 29404 “Доходы от оприходования излишков
имущества”)
или
в сумме документально подтвержденных ранее
произведенных затрат, если причинами возникновения излишков являются выявленные в ходе инвентаризации ошибки в бухгалтерском учете:
Дебет счета № 60401 “Основные средства (кроме земли)” или № 60404 “Земля”
Кредит счета № 60322 “Расчеты с прочими кредиторами”.
2.21. Для последующей оценки основных средств
кредитная организация применительно к группе однородных основных средств выбирает одну из двух
моделей учета: по первоначальной стоимости за
вычетом накопленной амортизации и накопленных
убытков от обесценения либо по переоцененной
стоимости. Группы однородных основных средств
определяются в соответствии с пунктом 2.2 настоящего Положения.
Выбранная модель учета для каждой группы
однородных основных средств утверждается в
учетной политике кредитной организации и применяется ко всем основным средствам, входящим в
данную группу."	exp0233	448-П_22122014#0020
63	1	Согласно пункту 5.3 Положения № 448-П если ожидаемый период завершения продажи долгосрочных активов превышает 12 месяцев, кредитная организация должна учитывать затраты на их продажу на основе их дисконтированной стоимости. Просим разъяснить, исходя из какого срока — отсчитываемого с даты зачисления объекта в состав долгосрочных активов, предназначенных для продажи, или с даты, когда стало известно, что ожидаемый период завершения продажи долгосрочных активов превышает/превысит 12 месяцев, до даты предполагаемого нового срока завершения продажи, следует осуществлять расчет дисконтированной стоимости затрат на продажу.	448-П от 22.12.2014	Глава 5. Бухгалтерский учет долгосрочных	5.1	"5.1. В целях настоящего Положения объекты
основных средств, нематериальных активов, недвижимости, временно неиспользуемой в основной
деятельности, учитываемой по первоначальной
стоимости за вычетом накопленной амортизации
и накопленных убытков от обесценения, а также
активы, удовлетворяющие критериям признания,
определенным для основных средств и нематериальных активов настоящим Положением, и учитываемые в качестве средств труда, полученные по
договорам отступного, залога, назначение которых
не определено, признаются кредитной организацией долгосрочными активами, предназначенными
для продажи, если возмещение их стоимости будет
происходить в результате продажи в течение 12 месяцев с даты признания в качестве долгосрочных
активов, предназначенных для продажи, а не посредством продолжающегося использования, при
одновременном выполнении следующих условий:
долгосрочный актив готов к немедленной продаже в его текущем состоянии на условиях, соответствующих рыночным при продаже таких активов;
руководителем кредитной организации (лицом,
его замещающим, или иным уполномоченным лицом) или уполномоченным органом кредитной организации принято решение о продаже (утвержден
план продажи) долгосрочного актива;
кредитная организация ведет поиск покупателя долгосрочного актива, исходя из цены, которая
является сопоставимой с его справедливой стоимостью;
действия кредитной организации, требуемые
для выполнения решения о продаже (плана продажи), показывают, что изменения в решении о
продаже (плане продажи) или его отмена не планируются.
Требования настоящей главы распространяются на:
объекты недвижимости, включая землю, полученные по договорам отступного, залога, при их
соответствии критериям признания в качестве долгосрочных активов, предназначенных для продажи,
определенным настоящим пунктом, в том числе
подлежащие передаче акционерам (участникам)
при выплате имуществом дивидендов акционерам, а также при выплате имуществом участнику,
вышед"	exp0234	448-П_22122014#0098
64	1	Просим разъяснить, можно ли, руководствуясь пунктом 2.3 Положения Банка России от 22.12.2014 № 448-П «О порядке бухгалтерского учета основных средств, нематериальных активов, недвижимости, временно неиспользуемой в основной деятельности, долгосрочных активов, предназначенных для продажи, запасов, средств труда и предметов труда, полученных по договорам отступного, залога, назначение которых не определено, в кредитных организациях» (далее — Положение № 448-П), утвердить в Учетной политике кредитной организации стоимостной критерий существенности для признания объекта учета в качестве основного средства.	448-П от 22.12.2014	Глава 1. Общие положения	1.1–1.3	"1.1. Бухгалтерский учет должен обеспечить формирование достоверной информации об основных
средствах, нематериальных активах, недвижимости, временно неиспользуемой в основной деятельности, долгосрочных активах, предназначенных
для продажи, запасах, средствах труда и предметах
труда, полученных по договорам отступного, залога, назначение которых не определено, кредитной
организации и изменениях в их составе.
1.2. Кредитной организацией в учетной политике должны быть определены способы ведения
бухгалтерского учета объектов основных средств,
нематериальных активов, недвижимости, временно неиспользуемой в основной деятельности,
долгосрочных активов, предназначенных для продажи, запасов, средств труда и предметов труда,
полученных по договорам отступного, залога, назначение которых не определено, а также модели
учета объектов основных средств, нематериальных
активов, недвижимости, временно неиспользуемой
в основной деятельности.
1.3. Кредитная организация должна иметь правила документооборота в бухгалтерском учете
при совершении операций с объектами основных
средств, нематериальных активов, недвижимости,
временно неиспользуемой в основной деятельности, долгосрочных активов, предназначенных
для продажи, запасов, средств труда и предметов
труда, полученных по договорам отступного, залога, назначение которых не определено, назначить
лиц, ответственных за документальное оформление операций с данными объектами и сохранность
указанных объектов."	exp0235	448-П_22122014#0002
65	0	Просим разъяснить, можно ли, руководствуясь пунктом 2.3 Положения Банка России от 22.12.2014 № 448-П «О порядке бухгалтерского учета основных средств, нематериальных активов, недвижимости, временно неиспользуемой в основной деятельности, долгосрочных активов, предназначенных для продажи, запасов, средств труда и предметов труда, полученных по договорам отступного, залога, назначение которых не определено, в кредитных организациях» (далее — Положение № 448-П), утвердить в Учетной политике кредитной организации стоимостной критерий существенности для признания объекта учета в качестве основного средства.	448-П от 22.12.2014	Глава 1. Общие положения	1.4–1.6	"1.4. Оценка справедливой стоимости основных
средств, нематериальных активов, недвижимости,
временно неиспользуемой в основной деятельности, долгосрочных активов, предназначенных
для продажи, запасов, средств труда и предметов
труда, полученных по договорам отступного, залога, назначение которых не определено, осуществляется в порядке, определенном Международным стандартом финансовой отчетности (IFRS) 13
“Оценка справедливой стоимости”, введенным в
действие на территории Российской Федерации
приказом Минфина России от 18 июля 2012 года
№ 106н “О введении в действие и прекращении
действия документов Международных стандартов
финансовой отчетности на территории Российской Федерации”, зарегистрированным Министерством юстиции Российской Федерации 3 августа
2012 года № 25095 (Российская газета от 15 августа 2012 года).
Кредитная организация определяет методы
оценки, применяемые при определении справедливой стоимости, в стандартах экономического субъекта или иных внутренних документах.
1.5. Все операции с объектами основных средств,
нематериальных активов, недвижимости, временно
неиспользуемой в основной деятельности, долгосрочных активов, предназначенных для продажи,
запасов, средств труда и предметов труда, полученных по договорам отступного, залога, назначение которых не определено, подлежат оформлению
первичными учетными документами в соответствии
с законодательством Российской Федерации и учетной политикой кредитной организации.
1.6. Оценка объектов основных средств, нематериальных активов, запасов, средств труда и
предметов труда, полученных по договорам отступного, залога, назначение которых не определено,
стоимость которых при приобретении выражена
в иностранной валюте, определяется в рублях по
официальному курсу иностранной валюты по отношению к рублю, установленному Банком России,
действующему на дату признания объекта."	exp0235	448-П_22122014#0003
66	2	Применяется ли Положение Банка России от 15.04.2015 № 465-П «Отраслевой стандарт бухгалтерского учета вознаграждений работникам в кредитных организациях» (далее — Положение № 465-П) в отношении вознаграждений физическим лицам за выполненные работы или оказанные услуги по договорам гражданско-правового характера. По каким символам Отчета о финансовых результатах следует отражать начисление таких вознаграждений.	465-П от 15.04.2015	Глава 1. Общие положения	1.1–1.3.2	"1.1. Бухгалтерский учет должен обеспечивать
формирование достоверной информации о вознаграждениях работникам, об изменениях в составе
этих вознаграждений и составление на ее основе
бухгалтерской (финансовой) отчетности.
№ 465-П
1.2. Кредитная организация устанавливает правила документооборота при ведении бухгалтерского учета вознаграждений работникам. Особенности
ведения бухгалтерского учета вознаграждений работникам кредитная организация при необходимости определяет в собственных стандартах экономического субъекта.
1.3. В целях настоящего Положения под вознаграждениями работникам понимаются все виды
возмещений работникам кредитной организации за выполнение ими своих трудовых функций,
а также за расторжение трудового договора вне
зависимости от формы выплаты (денежная, неденежная), в том числе оплата труда, включая
компенсационные и стимулирующие выплаты,
а также выплаты работникам и в пользу работников третьим лицам, включая членов семей работников, осуществляемые в связи с выполнением
работниками трудовых функций, не включенные
в оплату труда.
К вознаграждениям работникам также относятся добровольное страхование и пенсионное обеспечение, оплата обучения, питания, лечения, медицинского обслуживания, коммунальных услуг,
возмещение затрат работников по уплате процентов по займам (кредитам) и другие аналогичные
вознаграждения.
1.3.1. Настоящее Положение применяется при
отражении вознаграждений физическим лицам,
не являющимся работниками кредитной организации, осуществляющим трудовые функции
по ­трудовому договору с кредитной организацией (далее - лица, не являющиеся работниками
кредитной организации), а также третьим лицам,
включая членов семей лиц, не являющихся работниками кредитной организации, в связи с выполнением лицами, не являющимися работниками
кредитной организации, трудовых функций или
расторжением трудового договора с ними вне зависимости от формы договора.
1.3.2. Вознаграждения работникам включают
следующие виды:
краткосрочные вознаграждения работникам;
долгосрочные вознаграждения работникам
по окончании трудовой деятельности;
прочие долгосрочные вознаграждения работникам;
выходные пособия."	exp0236	465-П_15042015#0002
67	1	В соответствии с пунктом 2.3 Положения № 465-П кредитная организация признает обязательства по оплате отсутствий на работе. Просим уточнить, необходимо ли также признавать в бухгалтерском учете возникающие требования к сотрудникам в случае оплаты отпусков, предоставленных им авансом (за неотработанное время).	612-П от 25.10.2017	Глава 17. Бухгалтерский учет вознаграждений	17.12–17.13	"17.12. Обязательства по оплате периодов отсутствия работника на работе в случае накапливаемых оплачиваемых периодов отсутствия работника
на работе (ежегодный оплачиваемый отпуск) отражаются отдельной некредитной финансовой организацией на счетах бухгалтерского учета не позднее последнего дня каждого квартала, когда работники оказывают услуги, увеличивающие будущие
оплачиваемые периоды отсутствия работников на
работе, на которые эти работники имеют право.
Обязательства по оплате ежегодного оплачиваемого отпуска оцениваются отдельной некредитной
финансовой организацией как величина ожидаемых затрат отдельной некредитной финансовой
организации, которую предполагается выплатить
работнику за неиспользованный на конец годового
отчетного периода оплачиваемый отпуск, и признаются в том годовом отчетном периоде, в котором
работники выполняют трудовые функции, обеспечивающие право на получение выплат в будущем и
увеличивающие величину этих обязательств.
Обязательства по оплате периодов отсутствия
работника на работе в случае ненакапливаемых
оплачиваемых периодов отсутствия работника на
работе признаются отдельной некредитной финансовой организацией непосредственно при наступлении факта отсутствия работника на работе.
17.13. Обязательства по выплате премий признаются отдельной некредитной финансовой организацией в случае, если:
у отдельной некредитной финансовой организации существует обязанность по выплате премий, в
том числе премий (вознаграждений) по итогам работы за год;
величина обязательств по выплате премий может быть определена.
Величина обязательств по выплате премий,
в том числе премий (вознаграждений) по итогам
работы за год, может быть определена отдельной
некредитной финансовой организацией в случае,
если:
порядок определения величины обязательств по
выплате премий, определен локальными нормативными актами отдельной некредитной финансовой
организации, условиями трудовых и (или) коллективных договоров;
оценка величины обязательств по выплате премий производится до утверждения годовым собранием акционеров (участников) отдельной некредитной финансовой организации годовой бухгалтерской (финансовой) отчетности;
опыт прошлых лет позволяет определить величину обязательств по выплате премий."	exp0239	612-П_25102017#0413
68	0	В связи с исключением с 01.01.2016 из Плана счетов бухгалтерского учета в кредитных организациях балансового счета № 60348 «Резервы предстоящих расходов» просим пояснить, в какой момент необходимо восстановить суммы созданных ранее резервов предстоящих расходов и отразить в бухгалтерском учете суммы обязательств перед работниками в соответствии с Положением № 465-П. Необходимо ли кредитной организации восстановить сумму созданного резерва 31.12.2015 и отразить в бухгалтерском учете начисление обязательств (требований), рассчитанных по состоянию на 01.01.2016 или провести операциями, относящимися к событиям после отчетной даты, в период составления годового отчета?	677-П от 28.02.2019			"24, ст. 3400; № 27, ст. 3950; № 31,
ст. 4852; № 32, ст. 5100, ст. 5115; № 49, ст. 7524;
№ 53, ст. 8440), частью 6 статьи 21 Федерального
закона от 6 декабря 2011 года № 402-ФЗ “О бухгалтерском учете” (Собрание законодательства
Российской Федерации, 2011, № 50, ст. 7344; 2013,
№ 26, ст. 3207; № 27, ст. 3477; № 30, ст. 4084;
№ 44, ст. 5631; № 51, ст. 6677; № 52, ст. 6990;
2014, № 45, ст. 6154; 2016, № 22, ст. 3097; 2017,
№ 30, ст. 4440; 2018, № 1, ст. 65; № 31, ст. 4861;
№ 49, ст. 7516) устанавливает порядок бухгалтерского учета кредитными организациями операций,
связанных с выполнением обязательных резервных требований."	exp0240	677-П_28022019#0004
69	1	Верно ли, что перевод долгосрочных обязательств по выплате вознаграждений работникам в краткосрочные не допускается, за исключением единственного случая (в отношении премий к юбилейной дате и при выходе на пенсию), предусмотренного абзацем 6 пункта 2.1 Положения № 465-П.	465-П от 15.04.2015	Глава 1. Общие положения	1.3.6–1.3.8	"1.3.6. Срок исполнения обязательств по выплате вознаграждений работникам в целях бухгалтерского учета определяется в соответствии с законодательством Российской Федерации, в том числе
нормативными актами Банка России, а также локальными нормативными актами и иными внутренними документами кредитной организации, трудовыми и (или) коллективными договорами.
В случае когда погашение ранее признанных
кредитной организацией обязательств (­требований)
по выплате краткосрочных вознаграждений работникам по каким-либо причинам не ожидается
в течение годового отчетного периода и в течение
12 месяцев после окончания годового отчетного
периода, такие обязательства (требования) переносятся на счета по учету обязательств (требований) по выплате долгосрочных вознаграждений
работникам и учитываются по дисконтированной
стоимости с применением ставки дисконтирования,
определенной в соответствии с пунктом 3.4 настоящего Положения.
1.3.7. Порядок признания расходов по выплате
вознаграждений работникам определен требованиями настоящего Положения. В тех случаях, когда
в данном Положении отсутствует описание порядка
учета расходов, кредитная организация применяет
порядок учета, установленный Положением Банка
России № 446-П.
1.3.8. При признании обязательств по выплате
краткосрочных вознаграждений работникам кредитной организацией одновременно признаются
обязательства по оплате страховых взносов, которые возникают (возникнут) при фактическом исполнении обязательств по выплате вознаграждений
работникам в соответствии с законодательством
Российской Федерации.
Признанные в соответствии с настоящим подпунктом обязательства по оплате страховых взносов подлежат бухгалтерскому учету обособленно
от соответствующих обязательств по выплате
вознаграждений работникам на счетах по учету
расчетов по социальному страхованию и обеспечению.
При признании обязательств по выплате долгосрочных вознаграждений работникам по окончании
трудовой деятельности и прочих долгосрочных вознаграждений работникам обязательства по оплате
страховых взносов, которые возникают (возникнут)
в соответствии с законодательством Российской
Федерации, включаются в состав обязательств
по выплате вознаграждений."	exp0241	465-П_15042015#0006
70	1	Верно ли, что перевод долгосрочных обязательств по выплате вознаграждений работникам в краткосрочные не допускается, за исключением единственного случая (в отношении премий к юбилейной дате и при выходе на пенсию), предусмотренного абзацем 6 пункта 2.1 Положения № 465-П.	489-П от 04.09.2015	Глава 3. Бухгалтерский учет долгосрочных вознаграждений рабо	3.1	"3.1. В целях настоящего Положения под долгосрочными вознаграждениями работникам по
окончании трудовой деятельности понимаются
вознаграждения работникам по окончании их трудовой деятельности в некредитной финансовой
организации, выплата которых осуществляется на
основании принятых некредитной финансовой организацией планов, предусматривающих условия
выплаты таких вознаграждений и источники их финансирования.
Долгосрочные вознаграждения работникам по
окончании трудовой деятельности включают также
такие вознаграждения, как пенсионное обеспечение, страхование жизни, медицинское страхование,
медицинское обслуживание, премии при выходе на
пенсию. К долгосрочным вознаграждениям работникам по окончании трудовой деятельности не относятся выходные пособия и краткосрочные вознаграждения работникам."	exp0241	489-П_04092015#0020
71	1	Пунктами 4.11 и 4.12 Положения № 465-П, а также Положением № 446-П не предусмотрено обособление процентных расходов и доходов по отдельным символам ОФР, возникающих по обязательствам по выплате прочих долгосрочных вознаграждений в связи с применением метода дисконтирования. Следует ли кредитной организации выделять указанные процентные расходы и доходы из самих обязательств в аналитическом учете, например, открывая разные лицевые счета на одном символе ОФР.	465-П от 15.04.2015	Глава 2. Бухгалтерский учет краткосрочных	2.17	"2.17. Если ожидания кредитной организации
в отношении сроков исполнения обязательств
по выплате краткосрочных вознаграждений работникам изменяются и превышают годовой отчетный
период и 12 месяцев после окончания годового
отчетного периода, то кредитная организация переносит такие обязательства на счет № 60349
“Обязательства по выплате долгосрочных вознаграждений работникам” и учитывает их по дисконтированной стоимости с применением ставки
дисконтирования, определенной в соответствии
с пунктом 3.4 настоящего Положения.
Признание разницы между фактической и дисконтированной стоимостью обязательства отражается следующей бухгалтерской записью:
Дебет счета № 60349 “Обязательства по выплате долгосрочных вознаграждений работникам”
Кредит счета № 70601 “Доходы” (в ОФР
по символу 29204 “Доходы от корректировки
обязательств по выплате вознаграждений работникам и по оплате страховых взносов: процентный доход, возникающий при определении
величины обязательств по выплате долгосрочных
­вознаграждений работникам по окончании трудовой деятельности, не ограниченных фиксируемыми платежами”).
Изменение дисконтированной стоимости обязательств отражается следующей бухгалтерской
записью:
Дебет счета № 70606 “Расходы” (в ОФР по символу 48107 “Расходы на содержание персонала:
процентный расход, возникающий при определении
величины обязательств по выплате долгосрочных
вознаграждений работникам по окончании трудовой деятельности, не ограниченных фиксируемыми
платежами”)
Кредит счета № 60349 “Обязательства по выплате долгосрочных вознаграждений работникам”."	exp0242	465-П_15042015#0020
72	1	В главе 4 Положения № 465-П не предусмотрены бухгалтерские записи для признания в учете и последующей корректировки обязательств по оплате страховых взносов, которые возникают (возникнут) при выплате прочих долгосрочных вознаграждений. Верно ли при признании и последующей корректировке обязательств по оплате страховых взносов по прочим долгосрочным вознаграждениям использование символов ОФР 48111 и 29208? Просим пояснить, учитываются ли обязательства по оплате страховых взносов в отношении прочих долгосрочных вознаграждений также по дисконтированной стоимости в соответствии с пунктом 4.4 Положения № 465-П.	465-П от 15.04.2015	Глава 4. Бухгалтерский учет прочих долгосрочных вознагражден	4.13	"4.13. При наступлении срока исполнения обязательств по выплате прочих долгосрочных вознаграждений работникам кредитная организация
осуществляет корректировку ранее признанных
обязательств, если сумма исполнения обязательства отличается от суммы ранее признанного обязательства.
При превышении суммы исполнения обязательств по выплате прочих долгосрочных вознаграждений работникам над суммой ранее признанных
кредитной организацией соответствующих обязательств сумма превышения отражается по дебету счета № 70606 “Расходы” (в ОФР по символу
48109 “Расходы на содержание персонала: расходы на оплату труда, включая компенсационные
и стимулирующие выплаты, со сроком исполнения
свыше 12 месяцев после окончания годового отчетного периода” или 48110 “Расходы на содержание
персонала: расходы по выплате других вознаграждений работникам со сроком исполнения свыше
12 месяцев после окончания годового отчетного
периода”) в корреспонденции со счетом № 60349
“Обязательства по выплате долгосрочных вознаграждений работникам”.
При превышении суммы ранее признанных обязательств по выплате прочих долгосрочных вознаграждений работникам над суммой исполнения
соответствующих обязательств сумма превышения
отражается по дебету счета № 60349 “Обязательства по выплате долгосрочных вознаграждений работникам” в корреспонденции со счетом № 70601
“Доходы” (в ОФР по символу 29205 “Доходы от корректировки обязательств по выплате вознаграждений работникам и по оплате страховых взносов:
по прочим выплатам вознаграждений работникам
со сроком исполнения свыше 12 месяцев после
окончания годового отчетного периода”)."	exp0243	465-П_15042015#0053
73	1	Просим пояснить, производится ли при последующих ежеквартальных корректировках обязательств по оплате ежегодных оплачиваемых отпусков в соответствии с пунктом 2.3 Положения № 465-П: пересчет ранее признанных на начало текущего квартала обязательств (состоящих из накопленных обязательств на конец предыдущего года и предыдущие кварталы отчетного года); признание в учете обязательств по оплате отпусков сотрудников, «заработанных» ими в течение текущего квартала отчетного года.	465-П от 15.04.2015	Глава 3. Бухгалтерский учет долгосрочных вознаграждений рабо	3.14.2	"3.14.2. Корректировка величины обязательств
в результате оказания работниками услуг в предшествующих периодах по причине принятых кредитной организацией изменений по условиям
выплат вознаграждений работникам отражается
следующими бухгалтерскими записями:
увеличение обязательств:
Дебет счета № 70606 “Расходы” (в ОФР по символу 48106 “Расходы на содержание персонала:
расходы по выплате долгосрочных вознаграждений
работникам по окончании трудовой деятельности,
обязательства по которым не ограничены фиксируемыми платежами, от оказания работниками
услуг в предшествующих периодах и возникающие
при их исполнении”)
Кредит счета № 60349 “Обязательства по выплате долгосрочных вознаграждений работникам”;
уменьшение обязательств:
Дебет счета № 60349 “Обязательства по выплате долгосрочных вознаграждений работникам”
Кредит счета № 70601 “Доходы” (в ОФР по символу 29203 “Доходы от корректировки обязательств
по выплате вознаграждений работникам и по оплате страховых взносов: по выплате вознаграждений
работникам по окончании трудовой деятельности, не ограниченных фиксируемыми платежами,
от оказания работниками услуг в предшествующих
периодах и возникающие при их исполнении”)."	exp0244	465-П_15042015#0037
74	1	Просим разъяснить, по каким символам отчета о финансовых результатах (далее — ОФР) следует отражать изменение статей прочего совокупного дохода, обусловленное формированием (восстановлением) резервов на возможные потери по долговым финансовым активам, оцениваемым по справедливой стоимости через прочий совокупный доход, в связи с вступлением в силу с 29.01.2019 Указания Банка России от 18.12.2018 № 5019-У «О внесении изменений в Положение Банка России от 27 февраля 2017 года № 579-П «О Плане счетов бухгалтерского учета для кредитных организаций и порядке его применения» (далее — Указание Банка России № 5019-У).	809-П от 24.11.2022	Приложение	1.3	"чий совокупный
доход, в корреспонденции со счетом по учету доходов.
По дебету счета № 10629 отражается отрицательная переоценка финансовых активов, оцениваемых
по справедливой стоимости через прочий совокупный доход, в корреспонденции со счетом по учету
переоценки, уменьшающей стоимость предоставленных (размещенных) денежных средств, оцениваемых
по справедливой стоимости через прочий совокупный доход.
По кредиту счета № 10629 отражается накопленная в составе добавочного капитала отрицательная
переоценка финансовых активов, оцениваемых по справедливой стоимости через прочий совокупный
доход, в корреспонденции со счетом по учету расходов.
На счетах № 10630, № 10631 учитываются резервы на возможные потери по долговым финансовым
активам, оцениваемым по справедливой стоимости через прочий совокупный доход.
По кредиту счетов зачисляются суммы создаваемых резервов на возможные потери, а также суммы
доначисленных резервов на возможные потери по долговым финансовым активам, оцениваемым по справедливой стоимости через прочий совокупный доход, в корреспонденции со счетом по учету расходов.
По дебету счетов отражается восстановление суммы резерва на возможные потери по долговым
финансовым активам, оцениваемым по справедливой стоимости через прочий совокупный доход, в корреспонденции со счетом по учету доходов.
Порядок ведения аналитического учета по счетам № 10626 - № 10631 определяется кредитной организацией.
На счетах № 10632 - № 10635 учитываются корректировки резервов на возможные потери.
Операции по счетам учета корректировок резервов на возможные потери отражаются в соответствии
с главами 2-4 Положения Банка России от 2 октября 2017 года № 605-П “О порядке отражения на счетах
бухгалтерского учета кредитными организациями операций по размещению денежных средств по кредитным договорам, операций, связанных с осуществлением сделок по приобретению права требования
от третьих лиц исполнения обязательств в денежной форме, операций по обязательствам по выданным
банковским гарант"	exp0248	809-П_24112022#0112
75	1	Просим пояснить, распространяется ли пункт 17.12 главы 17 «Процентные расходы» Положения Банка России № 446-П на бухгалтерский учет договоров репо?	612-П от 25.10.2017	Глава 5. Бухгалтерский учет операций	5.60.4–5.61	"5.60.4. Начисленные процентные расходы по договору репо отражаются бухгалтерской записью:
Дебет счета № 71101 “Процентные расходы”
(по символу ОФР подраздела “Процентные расходы”)
Кредит счета по учету начисленных процентов
(к уплате) по прочим предоставленным средствам.
Начисленные прочие расходы (затраты по сделке) по договору репо отражаются бухгалтерской
записью:
Дебет счета № 71102 “Комиссионные расходы
и затраты по сделке, увеличивающие процентные
расходы” (по символу ОФР подраздела “Комиссионные расходы и затраты по сделке, увеличивающие процентные расходы”)
Кредит счета по учету начисленных расходов,
связанных с предоставлением средств.
5.60.5. Перевод денежных средств в оплату прочих расходов (затрат по сделке) по договору репо
отражается бухгалтерской записью:
Дебет счета по учету расчетов по расходам, связанным с предоставлением средств
Кредит счета по учету денежных средств или
расчетов.
5.60.6. В случаях предварительной оплаты прочих расходов (затрат по сделке), отражаемой в соответствии с подпунктом 5.60.5 настоящего пункта, осуществляется списание уплаченных сумм,
относящихся к текущему месяцу и начисленных в
соответствии с подпунктами 5.60.3 или 5.60.4 настоящего пункта, со счета по учету расчетов по
расходам, связанным с предоставлением средств,
на счет по учету начисленных расходов, связанных
с предоставлением средств, которое отражается
бухгалтерской записью:
Дебет счета по учету начисленных расходов,
связанных с предоставлением средств
Кредит счета по учету расчетов по расходам,
связанным с предоставлением средств.
5.61. При совершении первоначальным покупателем операций с ценными бумагами, полученными
по договору репо 1, бухгалтерский учет таких операций отдельной некредитной финансовой организацией осуществляется в соответствии с подпунктами 5.61.1-5.61.3 настоящего пункта."	exp0249	612-П_25102017#0148
76	2	В соответствии с пунктами 4.1 и 17.1 Положения Банка России № 446-П, возникающие по договору репо доходы (расходы) первоначального продавца и доходы (расходы) первоначального покупателя признаются процентными доходами (расходами), полученными (уплаченными) за предоставление ценных бумаг. Но на практике возникает ситуация, когда ценные бумаги, полученные по договору обратного репо, реализуются (полностью или частично). При этом учет обязательств по обратной поставке ценных бумаг осуществляется на счетах прочих привлеченных средств и переоценивается по справедливой стоимости с отражением результатов в корреспонденции со счетами по учету доходов или расходов (по соответствующим символам операционных доходов от операций с приобретенными ценными бумагами или операционных расходов по операциям с приобретенными ценными бумагами). Просим разъяснить по каким символам ОФР необходимо отражать подобную переоценку обязательств по обратной поставке ценных бумаг?	3502-У от 22.12.2014	Глава 3. Бухгалтерский учет договоров репо	3.2.2	"зательство по обратной поставке
ценных бумаг, за исключением долевых ценных бумаг, справедливая стоимость которых
не может быть надежно определена, не реже одного раза в месяц (в последний рабочий день месяца) переоценивается по справедливой стоимости с отражением результатов в корреспонденции со счетами по учету доходов или расходов (в ОФР указанные
доходы или расходы отражаются по соответствующим символам операционных доходов от операций с приобретенными ценными бумагами или операционных расходов
по операциям с приобретенными ценными
бумагами)."	exp0250	3502-У_22122014#0036
77	1	В соответствии с пунктами 4.1 и 17.1 Положения Банка России № 446-П, возникающие по договору репо доходы (расходы) первоначального продавца и доходы (расходы) первоначального покупателя признаются процентными доходами (расходами), полученными (уплаченными) за предоставление ценных бумаг. Но на практике возникает ситуация, когда ценные бумаги, полученные по договору обратного репо, реализуются (полностью или частично). При этом учет обязательств по обратной поставке ценных бумаг осуществляется на счетах прочих привлеченных средств и переоценивается по справедливой стоимости с отражением результатов в корреспонденции со счетами по учету доходов или расходов (по соответствующим символам операционных доходов от операций с приобретенными ценными бумагами или операционных расходов по операциям с приобретенными ценными бумагами). Просим разъяснить по каким символам ОФР необходимо отражать подобную переоценку обязательств по обратной поставке ценных бумаг?	606-П от 02.10.2017	Глава 9. Отражение на счетах бухгалтерского	9.4	"9.4. Доходы (расходы) по договору репо представляют собой разницу между стоимостью ценных
бумаг по второй и первой частям договора репо.
В случае если стоимость ценных бумаг по второй
части договора репо скорректирована на сумму выплат, осуществляемых в рамках договора репо, то
расчет суммы доходов (расходов) по договору репо
осуществляется с учетом таких выплат.
Возникающие по договору репо доходы первоначального покупателя и расходы первоначального
продавца признаются процентными доходами (расходами), полученными (уплаченными) за предоставление (привлечение) денежных средств.
Возникающие по договору репо доходы первоначального продавца и расходы первоначального
покупателя признаются процентными доходами
(расходами), полученными (уплаченными) за предоставление (привлечение) ценных бумаг."	exp0250	606-П_02102017#0067
78	1	В соответствии с пунктами 4.1 и 17.1 Положения Банка России № 446-П, возникающие по договору репо доходы (расходы) первоначального продавца и доходы (расходы) первоначального покупателя признаются процентными доходами (расходами), полученными (уплаченными) за предоставление ценных бумаг. Но на практике возникает ситуация, когда ценные бумаги, полученные по договору обратного репо, реализуются (полностью или частично). При этом учет обязательств по обратной поставке ценных бумаг осуществляется на счетах прочих привлеченных средств и переоценивается по справедливой стоимости с отражением результатов в корреспонденции со счетами по учету доходов или расходов (по соответствующим символам операционных доходов от операций с приобретенными ценными бумагами или операционных расходов по операциям с приобретенными ценными бумагами). Просим разъяснить по каким символам ОФР необходимо отражать подобную переоценку обязательств по обратной поставке ценных бумаг?	606-П от 02.10.2017	Глава 9. Отражение на счетах бухгалтерского	9.13–9.14	"9.13. В случае если контрагентами достигнута
договоренность об урегулировании требований и
обязательств по неисполненному договору репо за
счет ценных бумаг, переданных по первой части договора репо, операции по его исполнению отражаются в бухгалтерском учете у первоначального
продавца как реализация ценных бумаг в соответствии с главой 8 настоящего Положения. Одновременно сумма обязательства по возврату денежных
средств списывается со счетов по учету просроченной задолженности и отражается по кредиту счета
№ 61210 “Выбытие (реализация) ценных бумаг”.
Разница между определенной для целей урегулирования требований и обязательств по договору
репо стоимостью ценных бумаг, обязательства по
передаче которых не исполнены первоначальным
покупателем по договору репо, и суммой денежных
средств, обязательства по передаче которых не исполнены первоначальным продавцом по договору
репо, отражается соответственно по кредиту или
дебету счета № 61210 “Выбытие (реализация) ценных бумаг” в корреспонденции со счетом по учету
расчетов.
Одновременно сумма остатка (при его наличии), образовавшегося на счете № 61210 “Выбытие
(реализация) ценных бумаг”, подлежит отнесению
на счета по учету доходов или расходов (в ОФР по
символам раздела 2 “Доходы (кроме процентных)
от операций с приобретенными долговыми ценными бумагами” или раздела 3 “Доходы от операций с
приобретенными долевыми ценными бумагами” части 2 “Операционные доходы” или раздела 2 “Расходы по операциям с приобретенными долговыми
ценными бумагами” или раздела 3 “Расходы по
операциям с приобретенными долевыми ценными
бумагами” части 4 “Операционные расходы”).
9.14. Исполнение первой части договора репо
отражается в бухгалтерском учете первоначального покупателя с учетом следующего."	exp0250	606-П_02102017#0073
79	2	В соответствии с пунктами 4.1 и 17.1 Положения Банка России № 446-П, возникающие по договору репо доходы (расходы) первоначального продавца и доходы (расходы) первоначального покупателя признаются процентными доходами (расходами), полученными (уплаченными) за предоставление ценных бумаг. Но на практике возникает ситуация, когда ценные бумаги, полученные по договору обратного репо, реализуются (полностью или частично). При этом учет обязательств по обратной поставке ценных бумаг осуществляется на счетах прочих привлеченных средств и переоценивается по справедливой стоимости с отражением результатов в корреспонденции со счетами по учету доходов или расходов (по соответствующим символам операционных доходов от операций с приобретенными ценными бумагами или операционных расходов по операциям с приобретенными ценными бумагами). Просим разъяснить по каким символам ОФР необходимо отражать подобную переоценку обязательств по обратной поставке ценных бумаг?	606-П от 02.10.2017	Глава 9. Отражение на счетах бухгалтерского	9.15.2	"й поставке ценных бумаг по договору
репо 1”).
Обязательство по обратной поставке ценных бумаг не реже одного раза в месяц на последний календарный день месяца переоценивается по справедливой стоимости с отражением результатов в
корреспонденции со счетами по учету доходов или
расходов (в ОФР по символам раздела 2 “Доходы
(кроме процентных) от операций с приобретенными долговыми ценными бумагами” или раздела 3
“Доходы от операций с приобретенными долевыми
ценными бумагами” части 2 “Операционные доходы” или раздела 2 “Расходы по операциям с приобретенными долговыми ценными бумагами” или
раздела 3 “Расходы по операциям с приобретенными долевыми ценными бумагами” части 4 “Операционные расходы”).
Периодичность определения справедливой
стоимости обязательства по обратной поставке
ценных бумаг в течение месяца утверждается кредитной организацией в учетной политике."	exp0250	606-П_02102017#0077
80	1	В соответствии с пунктом 28.1 Положения Банка России № 446-П бухгалтерский учет изменений статей прочего совокупного дохода ведется на лицевых счетах, открываемых на балансовых счетах второго порядка по учету добавочного капитала балансового счета первого порядка № 106 «Добавочный капитал», за исключением эмиссионного дохода, с отражением в ОФР по соответствующим символам разделов 1, 2 части 7 «Прочий совокупный доход». Требуется ли в 14 — 18 разрядах лицевых счетов балансового счета № 106 «Добавочный капитал» указывать символ ОФР?	612-П от 25.10.2017	Глава 15. Бухгалтерский учет доходов,	15.65–15.66	"15.65. Отражение отдельной некредитной финансовой организацией изменений отложенных
налоговых обязательств и отложенных налоговых
активов в отношении остатков на активных (пассивных) балансовых счетах, изменение величины
которых отражается на счетах по учету добавочного капитала, осуществляется в соответствии с главой 18 настоящего Положения.
15.66. Бухгалтерский учет изменений статей
прочего совокупного дохода ведется на лицевых
счетах, открываемых на балансовых счетах второго порядка по учету добавочного капитала счета первого порядка № 106 “Добавочный капитал”
Плана счетов бухгалтерского учета в некредитных
финансовых организациях, за исключением эмиссионного дохода, безвозмездного финансирования, предоставленного отдельной некредитной финансовой организации акционерами, участниками,
вкладов в имущество общества с ограниченной ответственностью, с отражением по символам ОФР
части “Прочий совокупный доход”.
В части “Совокупный финансовый результат”
ОФР отдельной некредитной финансовой организацией используется один символ, показывающий
совокупный финансовый результат деятельности
отдельной некредитной финансовой организации, - символ “Прибыль после налогообложения
с учетом изменений прочего совокупного дохода”
(символ ОФР “прибыль после налогообложения”
плюс символ ОФР “положительный прочий совокупный доход”, либо символ ОФР “прибыль после
налогообложения” минус символ ОФР “отрицательный прочий совокупный доход”, либо символ ОФР
“положительный прочий совокупный доход” минус
символ ОФР “убыток после налогообложения”)
либо символ ОФР “Убыток после налогообложения с учетом изменений прочего совокупного дохода” (символ ОФР “убыток после налогообложения”
плюс символ ОФР “отрицательный прочий совокупный доход”, либо символ ОФР “убыток после налогообложения” минус символ ОФР “положительный
прочий совокупный доход”, либо символ ОФР “отрицательный прочий совокупный доход” минус символ ОФР “прибыль после налогообложения”)”."	exp0251	612-П_25102017#0404
81	0	В соответствии с пунктами 6.2 и 19.2 Положения Банка России № 446-П к доходам (расходам) (кроме процентных) от операций с полученными кредитами, прочими привлеченными средствами, относятся, в том числе, доходы от досрочного погашения или выкупа привлеченных кредитов, депозитов и прочих средств по стоимости ниже балансовой, включая случаи, когда досрочное погашение соответствующего финансового обязательства влечет пересчет начисленных процентных расходов к выплате по пониженной процентной ставке, расходы от досрочного погашения или выкупа привлеченных кредитов, депозитов и прочих средств по стоимости выше балансовой, включая случаи, когда досрочное погашение соответствующего финансового обязательства влечет дополнительные выплаты со стороны кредитной организации — заемщика. Просим разъяснить, правильно ли, что при досрочном расторжении финансового обязательства, пересчет процентов является операционным доходом (расходом)?	4212-У от 24.11.2016	Глава 3. Общие правила заполнения разделов 1 и 2 Отчета	3.7	"ываются в графах 1 и 5 разделов 1 и 2.
Движение задолженности по просроченным процентам отражается в разделах 1 и 2 по строкам для
учета просроченной задолженности.
При изменении доходности финансового инструмента, вызванном его досрочным погашением, корректировки в графу 6 отчетов предыдущих периодов не вносятся. До момента досрочного погашения финансового инструмента начисление процентов в графе 6 и в графе 2 разделов 1 и 2 производится по первоначальной ставке. Разница между начисленными и фактически выплаченными процентами отражается в
графе 3 разделов 1 и 2.
В графе 6 не отражаются доходы (расходы) отчитывающегося банка от проведения арбитражных операций, так как они не связаны с предоставлением (получением) в долг финансовых ресурсов. Доходы
(расходы) отчитывающегося банка от проведения арбитражных операций с иностранными активами и пассивами трактуются как доходы (расходы) от изменения активов или пассивов в результате переоценки и
отражаются, следовательно, в графе 3.
При перепродаже ценных бумаг по цене, отличной от цены приобретения, соответствующий доход
(убыток) также трактуется как изменение активов в результате переоценки."	exp0253	4212-У_24112016#0630
82	2	Просим разъяснить, правильно ли, что со вступлением в силу Положения Банка России № 446-П комиссии следует классифицировать на процентные и операционные с точки зрения принадлежности к финансовым инструментам, связанным с получением (выплатой) процентных доходов (расходов) либо отсутствием такой принадлежности, вне зависимости от того, связаны они с осуществлением банковских операций и иных сделок, определенных статьей 5 Федерального закона от 02.12.1990 № 395-1 «О банках и банковской деятельности».	446-П от 22.12.2014	Глава 2. Классификация доходов и расходов	2.1–2.3	"2.1. Доходы и расходы кредитных организаций
в зависимости от их характера и видов операций
подразделяются на:
процентные доходы и процентные расходы;
операционные доходы и операционные расходы.
В зависимости от вида операции комиссионные
доходы и комиссионные расходы могут относиться
к процентным или операционным.
2.2. Под процентными доходами и процентными расходами понимаются доходы и расходы, признаваемые таковыми в соответствии с пунктом 1.6
настоящего Положения. Порядок признания и отражения в бухгалтерском учете процентных доходов
и процентных расходов осуществляется в соответствии с главами 4 и 17 настоящего Положения соответственно.
2.3. Операционные доходы и операционные расходы включают:
доходы и расходы (кроме процентных) от операций с предоставленными кредитами и прочими размещенными средствами;
доходы и расходы (кроме процентных) от операций с приобретенными долговыми ценными бумагами;
доходы и расходы от операций с приобретенными долевыми ценными бумагами;
доходы и расходы (кроме процентных) от операций с полученными кредитами, а также с другими
привлеченными средствами и выпущенными долговыми ценными бумагами;
доходы и расходы от операций с производными финансовыми инструментами и от применения
НВПИ;
доходы и расходы от операций с иностранной
валютой и драгоценными металлами и их переоценки;
комиссионные и аналогичные доходы и расходы;
другие операционные доходы и расходы;
доходы и расходы, связанные с обеспечением
деятельности кредитной организации, в том числе,
носящие общеорганизационный характер и, в целях настоящего Положения, не идентифицируемые
(не сопоставляемые) с каждой совершаемой операцией и (или) сделкой."	exp0254	446-П_22122014#0015
83	0	Просим разъяснить, правильно ли, что со вступлением в силу Положения Банка России № 446-П комиссии следует классифицировать на процентные и операционные с точки зрения принадлежности к финансовым инструментам, связанным с получением (выплатой) процентных доходов (расходов) либо отсутствием такой принадлежности, вне зависимости от того, связаны они с осуществлением банковских операций и иных сделок, определенных статьей 5 Федерального закона от 02.12.1990 № 395-1 «О банках и банковской деятельности».	446-П от 22.12.2014	Глава 4. Процентные доходы	4.1	"4.1. Для признания в бухгалтерском учете процентных доходов по операциям предоставления
(размещения) денежных средств и драгоценных
металлов, по приобретенным долговым ценным бумагам, в том числе векселям, по операциям займа
ценных бумаг, а также дохода от предоставления
за плату во временное пользование (временное
владение и пользование) других активов, должны
быть одновременно соблюдены условия, определенные в пункте 3.1 настоящего Положения.
Возникающие по договору репо доходы первоначального продавца и расходы первоначального
покупателя признаются процентными доходами
(расходами), полученными (уплаченными) за предоставление ценных бумаг.
В целях настоящего Положения отсутствие или
наличие неопределенности в получении указанных
доходов признается на основании оценки качества
ссуд, ссудной и приравненной к ней задолженности
(далее - ссуда), иных активов, в том числе требований или уровня риска возможных потерь по соответствующему активу (требованию)."	exp0254	446-П_22122014#0020
84	1	В Положении Банка России № 446-П предусмотрено, что доходы и расходы по сделкам с ПФИ отражаются в ОФР исходя из типов ПФИ (фьючерс, форвард, опцион, своп и прочие) и видов базовых (базисных) активов (иностранная валюта, процентные ставки, ценные бумаги, драгоценные металлы и прочие). Просим Вас пояснить, на каких символах ОФР необходимо отражать доходы и расходы от сделок с ПФИ, имеющих два и более базовых (базисных) актива.	446-П от 22.12.2014	Приложение	4–2	"4. По операциям с производными финансовыми инструментами,
базисным (базовым) активом которых являются драгоценные металлы:
фьючерсы
45401
форварды
45402
опционы
45403
свопы
45404
прочие производные финансовые инструменты
45405
Итого по символам 45401-45405
5. По операциям с производными финансовыми инструментами,
базисным (базовым) активом которых являются другие базисные
(базовые) активы:
фьючерсы
45501
форварды
45502
опционы
45503
свопы
45504
прочие производные финансовые инструменты
45505
Итого по символам 45501-45505
6. От применения встроенных производных инструментов,
неотделяемых от основного договора (балансовый счет № 70610,
при составлении годовой бухгалтерской (финансовой) отчетности -
балансовый счет № 70710):
Расходы от применения встроенных производных инструментов,
неотделяемых от основного договора
Итого по разделу 5
45601
Раздел 6. Расходы по операциям с иностранной валютой
и драгоценными металлами и их переоценке
1. Расходы по операциям купли-продажи иностранной валюты
в наличной форме:
долларов США
46101
Евро
46102
Фунтов стерлингов Соединенного королевства
46103
Швейцарских франков
46104
Японских иен
46105
других валют
46106
Итого по символам 46101-46106
2. Расходы по операциям купли-продажи иностранной валюты
в безналичной форме:
долларов США
46201
Евро
46202
Фунтов стерлингов Соединенного королевства
46203
Швейцарских франков
46204
Японских иен
46205
других валют
46206
Итого по символам 46201-46206"	exp0257	446-П_22122014#0143
85	1	В пункте 25.12 Положения Банка России № 446-П сказано, что расходы от обесценения арендованного имущества по договорам финансовой аренды (лизинга) отражаются арендатором в ОФР по соответствующим символам разделов 7 «Другие операционные расходы» и 8 «Расходы, связанные с обеспечением деятельности кредитной организации» части 4 «Операционные расходы», если в соответствии с договором финансовой аренды (лизинга) предметы лизинга учитываются на балансе лизингополучателя. В указанных разделах ОФР отсутствуют специальные символы для учета расходов от обесценения имущества, арендованного по договору лизинга.	446-П от 22.12.2014	Глава 25. Расходы по операциям	25.3–25.12	"25.3. Расходы от изменения справедливой
стоимости недвижимости, временно неиспользуемой в основной деятельности, отражаются в ОФР
по символу 47503.
25.4. Расходы от последующего уменьшения
справедливой стоимости долгосрочных активов,
предназначенных для продажи, отражаются в ОФР
по символу 47602.
25.5. Расходы от последующего уменьшения
справедливой стоимости средств труда, полученных по договорам отступного, залога, назначение
которых не определено, отражаются в ОФР по символу 47703.
25.6. Расходы от снижения стоимости предметов
труда, полученных по договорам отступного, залога, назначение которых не определено, отражаются
в ОФР по символу 47704.
25.7. Расходы, связанные с ремонтом, содержанием и эксплуатацией имущества, отражаются
в ОФР по соответствующим символам разделов 7
“Другие операционные расходы” и 8 “Расходы, связанные с обеспечением деятельности кредитной
организации” части 4 “Операционные расходы”.
25.8. Расходы на исследования и разработку отражаются в ОФР по символу 48402.
25.9. Расходы от списания стоимости запасов
отражаются в ОФР по символу 48404.
25.10. Расходы арендатора по аренде основных
средств и другого имущества отражаются в ОФР
по символу 48401.
25.11. Амортизация по имуществу, полученному
в финансовую аренду (лизинг), начисляется в соответствии с принятым в учетной политике кредитной
организации способом начисления амортизации
в отношении сопоставимого имущества кредитной
организации с отражением суммы расходов в ОФР
по символу 48302.
25.12. Расходы от обесценения арендованного имущества по договорам финансовой аренды
(лизинга) отражаются арендатором в ОФР по соответствующим символам разделов 7 “Другие
операционные расходы” и 8 “Расходы, связанные
с обеспечением деятельности кредитной организации” части 4 “Операционные расходы”, если в соответствии с договором финансовой аренды (лизинга) предметы лизинга учитываются на балансе
лизингополучателя."	exp0258	446-П_22122014#0081
86	1	В пункте 25.12 Положения Банка России № 446-П сказано, что расходы от обесценения арендованного имущества по договорам финансовой аренды (лизинга) отражаются арендатором в ОФР по соответствующим символам разделов 7 «Другие операционные расходы» и 8 «Расходы, связанные с обеспечением деятельности кредитной организации» части 4 «Операционные расходы», если в соответствии с договором финансовой аренды (лизинга) предметы лизинга учитываются на балансе лизингополучателя. В указанных разделах ОФР отсутствуют специальные символы для учета расходов от обесценения имущества, арендованного по договору лизинга.	487-П от 02.09.2015	Глава 7. Другие доходы и расходы	7.4–7.7	"7.4. Доходы от восстановления убытков от
обесценения основных средств, нематериальных
активов и инвестиционного имущества, учитываемого по первоначальной стоимости за вычетом
накопленной амортизации и накопленных убытков
от обесценения, отражаются в ОФР по символам
54104, 54105, 52503 соответственно.
Увеличение прироста стоимости при переоценке основных средств и нематериальных активов,
оцениваемых по переоцененной стоимости, сверх
сумм, восстановленных по таким объектам убытков
от обесценения, расходов от уценки, ранее отраженных в ОФР по соответствующим символам разделов 3 “Расходы по другим операциям” и 5 “Расходы, связанные с обеспечением деятельности”
части 5 “Другие доходы и расходы”, признается в
прочем совокупном доходе в соответствии с пунктом 9.2 настоящего Положения.
7.5. Доходы от восстановления убытков от обесценения арендованного по договору финансовой
аренды имущества в пределах ранее накопленных
убытков от его обесценения отражаются арендатором в ОФР по символу 54104.
7.6. К другим доходам относятся также доходы от
восстановления (уменьшения) резервов под обесценение по активам (требованиям) и прочим операциям, которые не приносят процентный доход.
7.7. Доходы прошлых лет, выявленные в отчетном году, представляют собой поступления по другим сделкам некредитной финансовой организации
в виде сумм корректировок (изменений) по доходам
и расходам, признанным в предшествующие годы и
отраженным в ОФР за соответствующий год. К этому виду доходов относятся также поступления денежных средств по списанным на расходы в предшествующие годы суммам требований и дебиторской задолженности, а также доходы, возникающие
в результате выявления ошибок предшествующих
лет. Эти доходы отражаются в бухгалтерском учете
в фактических суммах на дату их выявления. Доходы прошлых лет, выявленные в отчетном году,
отражаются в ОФР по символу 52801."	exp0258	487-П_02092015#0033
87	0	В пункте 20.3 Положения Банка России № 446-П сказано, что расходы, связанные со списанием безнадежных к взысканию долговых ценных бумаг, не погашенных в срок, отражаются в ОФР по соответствующим символам ОФР в корреспонденции со счетами по учету выбытия (реализации) ценных бумаг. Просим разъяснить, означает ли это невозможность списания данного вида активов непосредственно за счет созданных резервов на возможные потери.	446-П от 22.12.2014	Глава 25. Расходы по операциям	25.1–25.4	"25.1. Расходы от выбытия (реализации) основных средств отражаются в ОФР по символу 48201.
Расходы от выбытия (реализации) нематериальных активов отражаются в ОФР по символу 48202.
Расходы от выбытия (реализации) средств труда, полученных по договорам отступного, залога,
назначение которых не определено, отражаются
в ОФР по символу 47701.
Расходы от выбытия (реализации) предметов
труда, полученных по договорам отступного, залога, назначение которых не определено, отражаются
в ОФР по символу 47702.
Расходы от выбытия (реализации) недвижимости, временно неиспользуемой в основной деятельности, отражаются в ОФР по символу 47501.
Расходы от выбытия (реализации) долгосрочных
активов, предназначенных для продажи, отражаются в ОФР по символу 47601.
25.2. Расходы от обесценения основных средств,
недвижимости, временно неиспользуемой в основной деятельности, учитываемой по первоначальной стоимости за вычетом накопленной амортизации и накопленных убытков от обесценения,
и нематериальных активов отражаются в ОФР
по соответствующим символам части 4 “Операционные расходы”.
Расходы от обесценения, расходы от уценки основных средств и нематериальных активов, оцениваемых по переоцененной стоимости, отражаются
в ОФР по соответствующим символам раздела 8
“Расходы, связанные с обеспечением деятельности
кредитной организации” части 4 “Операционные
расходы” в суммах, превышающих ранее признанный в прочем совокупном доходе прирост стоимости при переоценке таких объектов.
25.3. Расходы от изменения справедливой
стоимости недвижимости, временно неиспользуемой в основной деятельности, отражаются в ОФР
по символу 47503.
25.4. Расходы от последующего уменьшения
справедливой стоимости долгосрочных активов,
предназначенных для продажи, отражаются в ОФР
по символу 47602."	exp0259	446-П_22122014#0080
88	1	Действующие нормативные документы Банка России не устанавливают порядок бухгалтерского учета процентных доходов и расходов с применением метода дисконтирования, а также порядок отражения в учете корректировки доходов (расходов) от предоставления кредитов, размещения депозитов и прочих средств на условиях, отличных от рыночных. Просим Вас разъяснить, ожидается ли разработка таких документов, или вступление в силу Положения Банка России № 446-П должно рассматриваться как достаточное основание для изменения учета процентных доходов и расходов с 1 января 2016 года.	487-П от 02.09.2015	Приложение 2	6	"6. Корректировки, уменьшающие процентные доходы, на разницу между процентными
доходами за отчетный период, рассчитанными с применением ставки дисконтирования,
и процентными доходами, начисленными без применения ставки дисконтирования
По прочим средствам, предоставленным финансовым органам субъектов
Российской Федерации и органов местного самоуправления
По прочим средствам, предоставленным государственным внебюджетным фондам
Российской Федерации
По прочим средствам, предоставленным внебюджетным фондам субъектов
Российской Федерации и органов местного самоуправления
По прочим средствам, предоставленным финансовым организациям,
находящимся в федеральной собственности
По прочим средствам, предоставленным коммерческим организациям,
находящимся в федеральной собственности
По прочим средствам, предоставленным некоммерческим организациям,
находящимся в федеральной собственности
По прочим средствам, предоставленным финансовым организациям,
находящимся в государственной (кроме федеральной) собственности
По прочим средствам, предоставленным коммерческим организациям,
находящимся в государственной (кроме федеральной) собственности
По прочим средствам, предоставленным некоммерческим организациям,
находящимся в государственной (кроме федеральной) собственности
По прочим средствам, предоставленным негосударственным финансовым
организациям
По прочим средствам, предоставленным негосударственным коммерческим
организациям
По прочим средствам, предоставленным негосударственным некоммерческим
организациям
По прочим средствам, предоставленным юридическим лицам - нерезидентам
По прочим средствам, предоставленным кредитным организациям
По прочим средствам, предоставленным банкам-нерезидентам
По прочим средствам, предоставленным физическим лицам
По прочим средствам, предоставленным физическим лицам - нерезидентам
По займам, выданным физическим лицам
По займам, выданным юридическим лицам
31573
71005
31574
71005
31575
71005
31576
71005
31577
71005
31578
71005
31579
71005
31601
71006
31602
71006
31603
71006
31604
71006
31605
71006
31606
71006
31607"	exp0264	487-П_02092015#0233
89	1	Действующие нормативные документы Банка России не устанавливают порядок бухгалтерского учета процентных доходов и расходов с применением метода дисконтирования, а также порядок отражения в учете корректировки доходов (расходов) от предоставления кредитов, размещения депозитов и прочих средств на условиях, отличных от рыночных. Просим Вас разъяснить, ожидается ли разработка таких документов, или вступление в силу Положения Банка России № 446-П должно рассматриваться как достаточное основание для изменения учета процентных доходов и расходов с 1 января 2016 года.	493-П от 01.10.2015	Глава 2. Бухгалтерский учет операций по выдаче (размещению) 	2.13–2.15.1	"2.13. Частичный возврат выданных (размещенных) денежных средств по договору займа или по
договору банковского вклада отражается бухгалтерской записью:
Дебет счета по учету денежных средств или расчетов
Кредит счета по учету размещенных денежных
средств.
2.15. После первоначального признания при
расчете амортизированной стоимости предоставленных (размещенных) займов, депозитов в установленных пунктом 1.23 настоящего Положения
случаях осуществляется корректировка стоимости
выданных (размещенных) займов, депозитов следующими бухгалтерскими записями:
2.15.1. Корректировка, увеличивающая процентные доходы, на разницу между процентными
доходами за отчетный период, рассчитанными
с применением ставки дисконтирования, и процентными доходами, начисленными в соответствии с договором, отражается бухгалтерской
записью:
Дебет счета по учету корректировок, увеличивающих стоимость размещенных средств
Кредит счета № 71005 “Корректировки, увеличивающие процентные доходы, на разницу между
процентными доходами за отчетный период, рассчитанными с применением ставки дисконтирования, и процентными доходами, начисленными без
применения ставки дисконтирования” (по соответствующему символу ОФР подраздела “Корректировки, увеличивающие процентные доходы, на
разницу между процентными доходами за отчетный период, рассчитанными с применением ставки
дисконтирования, и процентными доходами, начисленными без применения ставки дисконтирования
раздела “Процентные доходы”)."	exp0264	493-П_01102015#0034
90	2	Согласно пункту 2.1 Положения № 525-П правомерность осуществления бухгалтерского учета хеджирования кредитными организациями зависит от выполнения всех условий, определенных МСФО (IAS) 39. Верно ли, что в случае отсутствия выполнения всех условий, определенных МСФО (IAS) 39, осуществление бухгалтерского учета хеджирования кредитными организациями в соответствии с Положением № 525-П не является обязательным?	525-П от 28.12.2015	Глава 2. Общие принципы бухгалтерского	2.1–2.4	"учета хеджирования
2.1. Кредитная организация вправе осуществлять бухгалтерский учет хеджирования при выполнении всех условий, определенных для этого
МСФО (IAS) 39.
При этом оценка эффективности хеджирования
должна проводиться кредитной организацией не
реже одного раза в квартал.
2.2. Отношение хеджирования между инструментом хеджирования и объектом хеджирования,
а также характер хеджируемого риска кредитная
организация определяет в своих внутренних документах.
2.3. Отношения хеджирования определяются в
начале хеджирования. Датой начала хеджирования является дата установления отношений хеджирования.
2.4. Кредитная организация обязана прекратить бухгалтерский учет хеджирования с той даты,
с которой:
срок инструмента хеджирования истек либо инструмент хеджирования продан или исполнен;
не выполняются все условия, определенные
МСФО (IAS) 39, при выполнении которых кредитная
организация вправе осуществлять бухгалтерский
учет хеджирования;
кредитная организация отменяет определение
отношений хеджирования между инструментом
хед­жирования и объектом хеджирования."	exp0266	525-П_28122015#0010
91	0	Согласно пункту 2.1 Положения № 525-П правомерность осуществления бухгалтерского учета хеджирования кредитными организациями зависит от выполнения всех условий, определенных МСФО (IAS) 39. Верно ли, что в случае отсутствия выполнения всех условий, определенных МСФО (IAS) 39, осуществление бухгалтерского учета хеджирования кредитными организациями в соответствии с Положением № 525-П не является обязательным?	525-П от 28.12.2015	Приложение 1	1–3	"к Положению Банка России
от 28 декабря 2015 года № 525-П
“Отраслевой стандарт бухгалтерского учета
хеджирования кредитными организациями”
Порядок бухгалтерского учета хеджирования изменения
справедливой стоимости долевого инструмента,
классифицированного как имеющийся в наличии для продажи,
вследствие изменения официального курса доллара США
1. Приведенные в настоящем приложении данные о справедливой стоимости объектов хеджирования
и производных финансовых инструментов (далее - ПФИ) являются условными и не рассматриваются как
обязательные при определении справедливой стоимости.
Указанный в настоящем приложении временной период соответствует: “20Х1” - текущему году.
2. Кредитная организация “А” 15 марта 20Х1 года приобретает через брокера обыкновенные акции
иностранного банка “Б” на зарубежной фондовой бирже, где сделки осуществляются в долларах США, за
12 000 000 долларов США. Акции иностранного банка “Б” торгуются только на одной фондовой бирже. При
первоначальном признании в бухгалтерском учете кредитная организация “А” классифицировала данные
ценные бумаги в категорию “имеющиеся в наличии для продажи”.
3. В целях хеджирования валютного риска при изменении справедливой стоимости акций кредитная
организация “А” принимает решение заключить расчетный форвардный договор на продажу долларов
США, не предусматривающий поставку иностранной валюты. Сторонами будут осуществлены расчеты
исходя из разницы между курсом договора и официальным курсом доллара США на дату исполнения,
умноженной на сумму договора в долларах США."	exp0266	525-П_28122015#0015
92	1	В соответствии с Положением № 525-П объект хеджирования может представлять собой неотраженное на балансовых счетах твердое соглашение. Просим подтвердить, что все производные финансовые инструменты (ПФИ) могут быть признаны твердым соглашением. Также просим пояснить, какие сделки, кроме ПФИ, могут признаваться твердым соглашением.	496-П от 05.10.2015	Глава 2. Общие принципы бухгалтерского учета	2.1–2.3	"хеджирования
2.1. Для учета хеджирования отношения хеджирования классифицируются на следующие виды:
хеджирование справедливой стоимости;
хеджирование денежных потоков;
хеджирование чистой инвестиции в иностранное подразделение в соответствии с определением
МСФО (IAS) 21.
Хеджирование справедливой стоимости заключается в хеджировании подверженности риску изменения справедливой стоимости отраженного на
балансовых счетах актива или обязательства, а
также неотраженного на балансовых счетах твердого договорного обязательства, или их компонента, которое связано с конкретным риском и может
оказать влияние на доходы и (или) расходы. Инвестиция, учитываемая по методу долевого участия, а
также инвестиция в консолидированную дочернюю
организацию не могут быть объектами хеджирования при хеджировании справедливой стоимости. Инвестиция, удерживаемая до погашения, не
может быть объектом хеджирования в отношении
риска изменения процентной ставки или риска досрочного погашения.
Хеджирование денежных потоков заключается
в хеджировании подверженности риску изменений
движения денежных средств, которые связаны с
отдельным риском, имеющим отношение к отраженному на балансовых счетах активу или обязательству, а также прогнозируемой операции, или
их компонента, и могут оказать влияние на доходы
или расходы.
2.2. Некредитной финансовой организацией хеджирование валютного риска твердого договорного
обязательства может отражаться в бухгалтерском
учете как хеджирование справедливой стоимости
или как хеджирование денежных потоков.
2.3. Некредитная финансовая организация вправе осуществлять учет хеджирования при выполнении всех следующих условий."	exp0267	496-П_05102015#0010
93	0	В соответствии с требованиями МСФО, финансовые активы — кредиты, которые могут быть определены в качестве объекта хеджирования, оцениваются с применением метода дисконтирования по эффективной процентной ставке. Просим пояснить, необходимо ли будет производить подобный учет кредитов с даты вступления в силу Положения № 525-П?	525-П от 28.12.2015	Глава 2. Общие принципы бухгалтерского	2.1–2.4	"учета хеджирования
2.1. Кредитная организация вправе осуществлять бухгалтерский учет хеджирования при выполнении всех условий, определенных для этого
МСФО (IAS) 39.
При этом оценка эффективности хеджирования
должна проводиться кредитной организацией не
реже одного раза в квартал.
2.2. Отношение хеджирования между инструментом хеджирования и объектом хеджирования,
а также характер хеджируемого риска кредитная
организация определяет в своих внутренних документах.
2.3. Отношения хеджирования определяются в
начале хеджирования. Датой начала хеджирования является дата установления отношений хеджирования.
2.4. Кредитная организация обязана прекратить бухгалтерский учет хеджирования с той даты,
с которой:
срок инструмента хеджирования истек либо инструмент хеджирования продан или исполнен;
не выполняются все условия, определенные
МСФО (IAS) 39, при выполнении которых кредитная
организация вправе осуществлять бухгалтерский
учет хеджирования;
кредитная организация отменяет определение
отношений хеджирования между инструментом
хед­жирования и объектом хеджирования."	exp0268	525-П_28122015#0010
94	0	Может ли банк классифицировать вложения в ипотечные ценные бумаги, обеспеченные поручительством единого института развития в жилищной сфере, с учетом наличия указанного поручительства в целях расчета величины рыночного риска в соответствии с Положением Банка России от 03.12.2015 № 511-П «О порядке расчета кредитными организациями величины рыночного риска»?	220-И от 26.05.2025	Глава 5. Методика определения и числовые значения норматива 	5.6.2	"5.6.2. В случае если по кредитному требованию к заемщику предоставлено признаваемое обеспечение в виде гарантии (поручительства), резервного аккредитива или залога ценных бумаг, и коэффициент
риска по обеспечению ниже коэффициента риска по кредитному требованию к заемщику, обеспеченную
часть требования банк вправе включить в величину Крз в отношении гаранта (поручителя) или эмитента
ценных бумаг (за исключением случая, когда гарантия (поручительство), резервный аккредитив предоставлены банком-нерезидентом, являющимся участником банковской группы, в состав которой входит
банк-кредитор, если банку-нерезиденту иностранными кредитными рейтинговыми агентствами присвоен
рейтинг на уровне ниже “BBB-” по международной рейтинговой шкале “Эс-энд-Пи Глобал Рейтингс”
(S&P Global Ratings) или “Фитч Рейтингс” (Fitch Ratings) либо на уровне ниже “Ваа3” по международной
рейтинговой шкале “Мудис Инвесторс Сервис” (Moodyʼs Investors Service), или российскими кредитными
рейтинговыми агентствами присвоен рейтинг на уровне ниже “ВВВ-” по международной рейтинговой
шкале), необеспеченную часть - в отношении заемщика."	exp0269	220-И_26052025#0160
95	1	Может ли банк классифицировать вложения в ипотечные ценные бумаги, обеспеченные поручительством единого института развития в жилищной сфере, с учетом наличия указанного поручительства в целях расчета величины рыночного риска в соответствии с Положением Банка России от 03.12.2015 № 511-П «О порядке расчета кредитными организациями величины рыночного риска»?	511-П от 03.12.2015	Глава 1. Общие положения	1.1	"1.1. Настоящее Положение распространяется:
на ценные бумаги (долговые, долевые), имеющие справедливую стоимость и классифицированные в соответствии с приложением 10 к Положению Банка России от 16 июля 2012 года № 385-П
“О правилах ведения бухгалтерского учета в кредитных организациях, расположенных на территории Российской Федерации”, зарегистрированному Министерством юстиции Российской Федерации 3 сентября 2012 года № 25350, 15 октября
2012 года № 25670, 15 октября 2013 года № 30198,
9 декабря 2013 года № 30568, 23 декабря 2013 года
№ 30721, 27 декабря 2013 года № 30883, 7 августа
2014 года № 33470, 2 сентября 2014 года № 33940,
28 января 2015 года № 35764, 9 февраля 2015 года
№ 35936, 1 апреля 2015 года № 37684, 28 апреля
2015 года № 37042, 17 июня 2015 года № 37684,
16 июля 2015 года № 38043, 21 октября 2015 года
№ 39402, 12 ноября 2015 года № 39700 (“Вестник
Банка России” от 25 сентября 2012 года № 56-57, от
24 октября 2012 года № 62, от 23 октября 2013 года
№ 57, от 19 декабря 2013 года № 74, от 14 января 2014 года № 1, от 15 января 2014 года № 2, от
20 августа 2014 года № 74, от 12 сентября 2014 года
№ 82, от 4 февраля 2015 года № 9, от 17 февраля 2015 года № 13, от 22 апреля 2015 года № 36,
от 26 мая 2015 года № 45, от 25 июня 2015 года
№ 55, от 24 июля 2015 года № 61, от 11 ноября
2015 года № 101, от 26 ноября 2015 года № 107)
(далее - Положение Банка России № 385-П), как
оцениваемые по справедливой стоимости через
прибыль или убыток и приобретенные с целью продажи в краткосрочной перспективе, определяемой
в соответствии с внутренними документами кредитной организации, или как имеющиеся в наличии
для продажи при наличии намерения о реализации
в краткосрочной перспективе, отраженного во внутренних документах кредитной организации;
на обязательства"	exp0269	511-П_03122015#0003
96	2	В случае если банк учитывает все факторы, указанные в пункте 1.8 Положения № 511-П, при определении справедливой стоимости финансовых инструментов, необходимо ли производить корректировку стоимости финансовых инструментов на дополнительное оценочное снижение их справедливой стоимости, обусловленное низкой активностью и низкой ликвидностью рынка?	511-П от 03.12.2015	Глава 1. Общие положения	1.8	"1.8. Ценные бумаги, товары и базисные (базовые) активы производных финансовых инструментов, обращающиеся на рынке, характеризующемся
низкой активностью и низкой ликвидностью, вне
зависимости от метода оценки их справедливой
стоимости в целях отражения на счетах бухгалтерского учета (в том числе на основе рыночных
цен), установленных Положением Банка России
№ 385-П, включаются в расчет величины чистых
позиций за вычетом корректировки, представляющей собой дополнительное оценочное снижение их
справедливой стоимости, обусловленное низкой
активностью и низкой ликвидностью рынка.
В целях оценки активности и ликвидности рынка
для соответствующего актива (производного финансового инструмента) рассматриваются регулярность совершения операций с активом (производным финансовым инструментом), наличие независимых источников информации о рыночных ценах
(котировках), разница между ценами спроса и предложения актива (производного финансового инструмента), объем сделок с активом (производным
финансовым инструментом), в том числе в условиях нестабильности, количество участников рынка,
осуществляющих сделки с активом (производным
финансовым инструментом), и количество участников рынка, выполняющих функции маркетмейкеров,
период времени, необходимый для продажи актива
(производного финансового инструмента) без существенной потери в стоимости актива (производного
финансового инструмента) с учетом концентрации
рынка и среднего срока удержания позиций на рынке и (или) хеджирования рисков по соответствующей позиции, и другие факторы.
При определении дополнительного оценочного
снижения справедливой стоимости активов (производных финансовых инструментов) оцениваются
также модельный риск, обусловленный использованием некорректной методики оценки, в случае
если справедливая стоимость определяется с применением методов оценки, а также риск использования некорректных ненаблюдаемых данных в применяемой модели оценки.
Дополнительное оценочное снижение справедливой стоимости активов, указанных в настоящем
пункте, а также производных финансовых инструментов, обращающихся на рынке, характеризующемся низкой активностью и низкой ликвидностью,
корректирует величину остатков, числящихся на
соответствующих балансовых счетах, относящихся
к результатам пере"	exp0273	511-П_03122015#0021
97	2	Влияет ли дополнительное оценочное снижение справедливой стоимости активов, указанное в п. 1.8 Положения № 511-П, на отражение данных активов на счетах бухгалтерского учета?	511-П от 03.12.2015	Глава 1. Общие положения	1.8	"1.8. Ценные бумаги, товары и базисные (базовые) активы производных финансовых инструментов, обращающиеся на рынке, характеризующемся
низкой активностью и низкой ликвидностью, вне
зависимости от метода оценки их справедливой
стоимости в целях отражения на счетах бухгалтерского учета (в том числе на основе рыночных
цен), установленных Положением Банка России
№ 385-П, включаются в расчет величины чистых
позиций за вычетом корректировки, представляющей собой дополнительное оценочное снижение их
справедливой стоимости, обусловленное низкой
активностью и низкой ликвидностью рынка.
В целях оценки активности и ликвидности рынка
для соответствующего актива (производного финансового инструмента) рассматриваются регулярность совершения операций с активом (производным финансовым инструментом), наличие независимых источников информации о рыночных ценах
(котировках), разница между ценами спроса и предложения актива (производного финансового инструмента), объем сделок с активом (производным
финансовым инструментом), в том числе в условиях нестабильности, количество участников рынка,
осуществляющих сделки с активом (производным
финансовым инструментом), и количество участников рынка, выполняющих функции маркетмейкеров,
период времени, необходимый для продажи актива
(производного финансового инструмента) без существенной потери в стоимости актива (производного
финансового инструмента) с учетом концентрации
рынка и среднего срока удержания позиций на рынке и (или) хеджирования рисков по соответствующей позиции, и другие факторы.
При определении дополнительного оценочного
снижения справедливой стоимости активов (производных финансовых инструментов) оцениваются
также модельный риск, обусловленный использованием некорректной методики оценки, в случае
если справедливая стоимость определяется с применением методов оценки, а также риск использования некорректных ненаблюдаемых данных в применяемой модели оценки.
Дополнительное оценочное снижение справедливой стоимости активов, указанных в настоящем
пункте, а также производных финансовых инструментов, обращающихся на рынке, характеризующемся низкой активностью и низкой ликвидностью,
корректирует величину остатков, числящихся на
соответствующих балансовых счетах, относящихся
к результатам пере"	exp0276	511-П_03122015#0021
98	2	Какие расходы кредитной организации относятся к расходам, связанным с обеспечением деятельности банка, для целей подпункта 2.1.2 пункта 2.1 Положения № 421-П?	810-П от 24.11.2022	Глава 2. Классификация доходов и расходов	2.4–2.8	"2.4. К доходам и расходам, связанным с обеспечением деятельности кредитной организации,
относятся в том числе доходы и расходы, возникшие вследствие нарушения условий, связанных с
осуществлением кредитной организацией своей
деятельности, а также расходы, возникающие как
последствия чрезвычайных обстоятельств хозяйственной деятельности, в их числе:
неустойки (штрафы, пени) по прочим (хозяйственным) операциям;
доходы от безвозмездно полученного имущества;
поступления и платежи в возмещение причиненных убытков;
доходы и расходы от оприходования излишков
и списания недостач;
другие доходы и расходы, относимые к прочим,
в том числе носящие разовый, случайный характер.
2.5. Кредитные организации признают доходы
и расходы процентными либо операционными исходя из их характера и видов операций.
2.6. К комиссионным доходам относятся полученные или причитающиеся к получению кредитной организацией комиссионные вознаграждения
(сборы) в виде:
платы за выполнение операций, сделок и оказание услуг;
платы за оказание посреднических услуг по
брокерским договорам, договорам комиссии и
поручения, по агентским договорам и другим подобным договорам.
2.7. К комиссионным расходам относятся уплаченные или причитающиеся к уплате кредитной
организацией комиссионные вознаграждения
(сборы) в виде:
платы, взимаемой с кредитной организации за
совершаемые операции, сделки, а также оказываемые ей услуги;
платы, взимаемой с кредитной организации
за предоставление ей посреднических услуг по
брокерским договорам, договорам комиссии и
поручения, по агентским договорам и другим подобным договорам.
2.8. Бухгалтерский учет доходов и расходов
ведется на лицевых счетах, открываемых на балансовых счетах второго порядка по учету доходов
и расходов балансового счета первого порядка
№ 706 “Финансовый результат текущего года”.
Лицевые счета открываются по символам ОФР.
При этом количество лицевых счетов по каждому
символу, которые предназначены для группировок
доходов и расходов исходя из экономического
содержания операций, определяется кредитной
организацией."	exp0280	810-П_24112022#0015
99	1	Включаются ли в расчет среднего арифметического значения совокупного объема требований и обязательств для целей включения в расчет ожидаемых оттоков средств субъектов малого бизнеса в соответствии с подпунктом 3.3.5 пункта 3.3 Положения № 421-П внебалансовые требования и обязательства?	421-П от 30.05.2014	Глава 3. Порядок расчета ожидаемых оттоков денежных средств	3.3.4	"3.3.4. В расчет ожидаемого оттока денежных средств клиентов, привлеченных без обеспечения, включаются следующие виды привлеченных средств:
депозиты и прочие привлеченные средства субъектов малого бизнеса;
операционные депозиты, определяемые в соответствии с подпунктами 3.3.6-3.3.10 настоящего пункта;
депозиты и прочие привлеченные средства юридических лиц (за исключением финансовых организаций) и государственных органов;
депозиты и прочие привлеченные средства связанных с банком юридических лиц;
прочие привлеченные средства без обеспечения."	exp0282	421-П_30052014#0028
100	1	Нужно ли согласно пункту 1.16 Положения Банка России от 27.03.2020 № 714-П в случае выявления недостоверной, неточной, неполной и (или) вводящей в заблуждение информации, раскрытой в тексте документа, опубликовать весь текст документа, изменив (скорректировав) информацию в нем? Или раскрывается только измененная (скорректированная) часть информации?	714-П от 27.03.2020	Глава 12. Особенности раскрытия информации	12.1–12.4	"в форме отчета эмитента эмиссионных
ценных бумаг
12.1. Эмитенты обязаны раскрывать отчет эмитента путем опубликования его текста на странице
в сети “Интернет”.
Отчет эмитента за 12 месяцев раскрывается
эмитентом в течение 30 дней с даты раскрытия
годовой консолидированной финансовой отчетности (финансовой отчетности), а если эмитент
не обязан раскрывать такую отчетность - с даты
раскрытия годовой бухгалтерской (финансовой)
отчетности, но не позднее 150 дней с даты окончания отчетного года.
Отчет эмитента за 6 месяцев раскрывается
эмитентом в течение 30 дней с даты раскрытия
промежуточной консолидированной финансовой
отчетности (финансовой отчетности) за отчетный
период, состоящий из 6 месяцев отчетного года,
а если эмитент не обязан раскрывать такую отчетность - с даты раскрытия промежуточной бухгалтерской (финансовой) отчетности за отчетный
период, состоящий из 6 месяцев отчетного года, но
не позднее 90 дней с даты окончания указанного
отчетного периода.
12.2. Формат файла (файлов) с текстом отчета
эмитента, публикуемого на странице в сети “Интернет”, должен обеспечивать возможность его
сохранения на технических средствах и допускать
после сохранения возможность поиска и копирования произвольного фрагмента текста.
12.3. Текст отчета эмитента должен быть доступен на странице в сети “Интернет” в течение не
менее 3 лет с даты его опубликования на странице
в сети “Интернет”.
12.4. В случае выявления недостоверной, неточной, неполной и (или) вводящей в заблуждение
информации, раскрытой в отчете эмитента, эмитент
изменяет (корректирует) информацию, раскрытую
им в отчете эмитента, путем опубликования на
странице в сети “Интернет” текста документа, в
котором содержится измененная (скорректированная) информация."	exp0284	714-П_27032020#0052
101	2	Должно ли публичное акционерное общество раскрыть внутренние документы, определяющие его политику в области организации и осуществления внутреннего аудита, которые были утверждены до вступления в силу Положения Банка России от 27.03.2020 № 714-П? Если регистратор начал осуществлять ведение реестра владельцев ценных бумаг публичного акционерного общества до 01.10.2021, необходимо ли раскрыть информацию о нем?	714-П от 27.03.2020	Глава 63. Раскрытие информации о содержании	63.8	"63.8. Акционерное общество, указанное в пункте 63.6 настоящего Положения, обязано опубликовать тексты внутренних документов, регулирующих деятельность его органов, а публичное
акционерное общество - также тексты внутренних
документов, определяющих политику публичного
акционерного общества в области организации и
осуществления внутреннего аудита, на странице в
сети “Интернет” в срок не позднее 2 рабочих дней
с даты составления протокола (даты истечения
срока, установленного законодательством Российской Федерации для составления протокола)
общего собрания акционеров или заседания совета директоров (наблюдательного совета) акционерного общества, на котором принято решение
об утверждении соответствующих внутренних
документов.
В случае если внутренние документы акционерного общества утверждены его уполномоченным органом управления до возникновения у
указанного акционерного общества обязанности
раскрывать информацию в соответствии с пунктом 4 статьи 30 Федерального закона “О рынке
ценных бумаг” либо до приобретения акционерным обществом публичного статуса, они должны
быть опубликованы на странице в сети “Интернет”
не позднее 2 рабочих дней, следующих за датой
возникновения у него такой обязанности, либо с
даты, в которую акционерное общество узнало
или должно было узнать о внесении в единый государственный реестр юридических лиц сведений
о фирменном наименовании акционерного общества, содержащем указание на то, что акционерное
общество является публичным.
В случае если внутренний документ непубличного акционерного общества, осуществившего
(осуществляющего) публичное размещение облигаций или иных ценных бумаг, на которое в
соответствии с пунктом 4 статьи 30 Федерального
закона “О рынке ценных бумаг” распространяются
требования по раскрытию информации в форме
отчета эмитента и сообщений о существенных
фактах, утвержден его уполномоченным органом
управления до начала публичного размещения
облигаций или иных ценных бумаг, указанное
непубличное акционерное общество обязано
опубликовать текст внутреннего документа не
позднее 2 рабочих дней, следующих за датой
начала публичного размещения облигаций, или
иных ценных бумаг указанного непубличного акционерного общества.
В случае внесения изменений и (или) дополнений во внутренние документы акционерного
общества (утверждения внутренних документов
акционерного общества в новой редакции), тексты
внутренних документов с внесенными в них изменения"	exp0285	714-П_27032020#0267
102	1	Должно ли публичное акционерное общество раскрыть внутренние документы, определяющие его политику в области организации и осуществления внутреннего аудита, которые были утверждены до вступления в силу Положения Банка России от 27.03.2020 № 714-П? Если регистратор начал осуществлять ведение реестра владельцев ценных бумаг публичного акционерного общества до 01.10.2021, необходимо ли раскрыть информацию о нем?	714-П от 27.03.2020	Глава 63. Раскрытие информации о содержании	63.9–63.10	"63.9. Тексты внутренних документов публичного акционерного общества со всеми внесенными
в них изменениями и (или) дополнениями должны
быть доступны на странице в сети “Интернет” с
даты их опубликования в сети “Интернет” и до
даты ликвидации публичного акционерного общества (исключения публичного акционерного
общества из единого государственного реестра
юридических лиц как недействующего юридического лица), а в случае прекращения акционерным
обществом публичного статуса - до даты, в которую указанное акционерное общество узнало или
должно было узнать о внесении в единый государственный реестр юридических лиц сведений
о фирменном наименовании такого акционерного
общества, не содержащем указание на то, что акционерное общество является публичным.
Тексты внутренних документов непубличного
акционерного общества, осуществившего (осуществляющего) публичное размещение облигаций
или иных ценных бумаг, со всеми внесенными в
него изменениями и (или) дополнениями должны
быть доступны на странице в сети “Интернет” с
даты их опубликования в сети “Интернет” и до
даты погашения облигаций или иных ценных бумаг
непубличного акционерного общества, которые
были публично размещены.
63.10. В случае принятия новой редакции
внутреннего документа акционерного общества
текст старой редакции внутреннего документа
акционерного общества должен быть доступен на
странице в сети “Интернет” в течение не менее
3 месяцев с даты опубликования в сети “Интернет”
новой редакции внутреннего документа акционерного общества."	exp0285	714-П_27032020#0269
103	1	Должно ли публичное акционерное общество раскрыть внутренние документы, определяющие его политику в области организации и осуществления внутреннего аудита, которые были утверждены до вступления в силу Положения Банка России от 27.03.2020 № 714-П? Если регистратор начал осуществлять ведение реестра владельцев ценных бумаг публичного акционерного общества до 01.10.2021, необходимо ли раскрыть информацию о нем?	714-П от 27.03.2020	Приложение 2	5.8	"5.8. Сведения о регистраторе, осуществляющем ведение реестра владельцев акций эмитента
В проспекте акций (ценных бумаг, конвертируемых в акции) в отношении регистратора, ведущего
реестр акций эмитента, являющегося акционерным обществом, указываются:
полное и сокращенное (при наличии) фирменные наименования, место нахождения, идентификационный номер налогоплательщика (ИНН) и основной государственный регистрационный номер (ОГРН);
номер, дата выдачи, срок действия лицензии на осуществление деятельности по ведению реестра
владельцев ценных бумаг, наименование органа, выдавшего лицензию;
дата, с которой регистратор осуществляет ведение реестра владельцев ценных бумаг акционерного
общества;
иные сведения о ведении реестра владельцев ценных бумаг эмитента, указываемые эмитентом по
собственному усмотрению.
Эмитент, являющийся публичным акционерным обществом, вместо приведения в проспекте ценных
бумаг сведений о регистраторе, предусмотренных настоящим пунктом, может привести ссылку на соответствующую информацию, опубликованную эмитентом на странице в сети Интернет в соответствии с
главой 62 настоящего Положения."	exp0285	714-П_27032020#0412
104	1	Вправе ли эмитент, который одновременно выплатил купон по облигациям и номинальную стоимость облигаций, опубликовать одно сообщение о существенном факте, предусмотренное главой 26 Положения Банка России от 27.03.2020 № 714-П «О раскрытии информации эмитентами эмиссионных ценных бумаг»? Может ли эмитент в рамках одного такого сообщения раскрыть информацию о выплате дивидендов по обыкновенным и о выплате дивидендов по привилегированным акциям?	714-П от 27.03.2020	Глава 26. Сообщение о существенном факте	26.1	"о начисленных (объявленных) и (или)
выплаченных доходах по ценным бумагам эмитента, об иных выплатах, причитающихся владельцам ценных бумаг
эмитента, а также о намерении исполнить обязанность по осуществлению
выплат по облигациям эмитента, права
на которые учитываются в реестре владельцев ценных бумаг эмитента
26.1. В форме сообщения о существенном факте
раскрываются сведения о начисленных (объявленных) и (или) выплаченных доходах по ценным
бумагам эмитента (дивидендах (в том числе промежуточных) по акциям, о процентах (купонном
доходе) по облигациям), об иных выплатах, причитающихся владельцам ценных бумаг эмитента (выплате номинальной стоимости (части номинальной
стоимости) облигаций, иных денежных выплатах,
причитающихся владельцам облигаций, которые
осуществляются в соответствии со статьей 87
Федерального закона “О рынке ценных бумаг” (Собрание законодательства Российской Федерации,
1996, № 17, ст. 1918; 2012, № 53, ст. 7607; 2018,
№ 53, ст. 8440), а также о намерении исполнить
обязанность по осуществлению выплат по облигациям эмитента, права на которые учитываются в
реестре владельцев ценных бумаг эмитента."	exp0286	714-П_27032020#0117
105	1	Вправе ли эмитент, который одновременно выплатил купон по облигациям и номинальную стоимость облигаций, опубликовать одно сообщение о существенном факте, предусмотренное главой 26 Положения Банка России от 27.03.2020 № 714-П «О раскрытии информации эмитентами эмиссионных ценных бумаг»? Может ли эмитент в рамках одного такого сообщения раскрыть информацию о выплате дивидендов по обыкновенным и о выплате дивидендов по привилегированным акциям?	714-П от 27.03.2020	Глава 26. Сообщение о существенном факте	26.4	"26.4. В сообщении о существенном факте о выплаченных доходах по ценным бумагам эмитента, а
также об иных выплатах, причитающихся владельцам ценных бумаг эмитента, должны быть указаны:
вид, категория (тип), серия (при наличии) и
иные идентификационные признаки ценных бумаг
эмитента, указанные в решении о выпуске ценных бумаг, по которым выплачены доходы и (или)
осуществлены иные выплаты, причитающиеся их
владельцам;
регистрационный номер выпуска (дополнительного выпуска) ценных бумаг и дата его регистрации;
категория выплат по ценным бумагам эмитента
и (или) иных выплат, причитающихся владельцам
ценных бумаг эмитента (дивиденды по акциям;
проценты (купонный доход) по облигациям; номинальная стоимость (часть номинальной стоимости)
облигаций; иные выплаты);
отчетный (купонный) период (год; 3, 6, 9 месяцев года; иной период; даты начала и окончания
купонного периода), за который выплачивались
доходы по ценным бумагам эмитента;
общий размер выплаченных доходов по ценным
бумагам эмитента, а также иных выплат, причитающихся владельцам ценных бумаг эмитента;
размер выплаченных доходов, а также иных
выплат в расчете на одну ценную бумагу эмитента;
общее количество ценных бумаг эмитента (количество акций эмитента определенной категории (типа); количество облигаций определенного
выпуска), по которым выплачены доходы и (или)
осуществлены иные выплаты;
форма выплаты доходов по ценным бумагам
эмитента и (или) осуществления иных выплат, причитающихся владельцам ценных бумаг эмитента
(денежные средства);
дата, на которую определялись лица, имевшие
право на получение дивидендов, в случае, если
выплаченными доходами по ценным бумагам эмитента являются дивиденды по акциям эмитента;
дата, в которую обязанность по выплате
доходов по ценным бумагам эмитента и (или)
осуществлению иных выплат, причитающихся
владельцам ценных бумаг эмитента, должна быть"	exp0286	714-П_27032020#0121
106	0	Вправе ли эмитент, который одновременно выплатил купон по облигациям и номинальную стоимость облигаций, опубликовать одно сообщение о существенном факте, предусмотренное главой 26 Положения Банка России от 27.03.2020 № 714-П «О раскрытии информации эмитентами эмиссионных ценных бумаг»? Может ли эмитент в рамках одного такого сообщения раскрыть информацию о выплате дивидендов по обыкновенным и о выплате дивидендов по привилегированным акциям?	714-П от 27.03.2020	Глава 29. Сообщение о существенном факте	29.4–29.6	"29.4. Моментами наступления существенного
факта о неисполнении обязательств эмитента по
выплате дивидендов по акциям эмитента являются:
10 рабочий день с даты, на которую определяются лица, имеющие право на получение дивидендов по акциям эмитента, - в части обязательств
по выплате дивидендов по акциям эмитента, не
исполненных перед лицами, имеющими право на
их получение, не зарегистрированными в реестре
акционеров эмитента;
25 рабочий день с даты, на которую определяются лица, имеющие право на получение
дивидендов по акциям эмитента, - в части обязательств по выплате дивидендов по акциям эмитента, не исполненных перед лицами, имеющими
право на их получение, зарегистрированными в
реестре акционеров эмитента.
29.5. Моментами наступления существенного
факта о неисполнении обязательств эмитента по
выплате процентов (купонного дохода) по облигациям, выплате номинальной стоимости (части номинальной стоимости) облигаций эмитента и (или)
приобретению облигаций их эмитентом являются:
дата, в которую обязательство эмитента должно быть исполнено, а если обязательство должно
быть исполнено эмитентом в течение определенного срока (периода времени) - дата окончания
этого срока;
10 рабочий день (последний день более короткого срока, по истечении которого исполнение
эмитентом обязательств признается существенным
нарушением условий исполнения обязательств по
облигациям, если более короткий срок определен
решением о выпуске облигаций) с даты, в которую
обязательство эмитента должно быть исполнено, а
если обязательство должно быть исполнено эмитентом в течение определенного срока (периода
времени) - с даты окончания этого срока.
29.6. В случае раскрытия эмитентом в соответствии с пунктом 26.4 настоящего Положения
сообщения о существенном факте о выплаченных
доходах по ценным бумагам эмитента, а также об
иных выплатах, причитающихся владельцам ценных бумаг эмитента, которые выплачены эмитентом
не в полном объеме, раскрытие эмитентом информации в соответствии с требованиями настоящей
главы не требуется."	exp0286	714-П_27032020#0141
107	1	Вопрос относительно заполнения поля «Наименование Банка плательщика-получателя» по платежам в бюджет через счета, входящие в состав ЕКС. Согласно Положению Банка России от 06.10.2020 № 735-П и письму Банка России от 28.08.2020 № 04-45/6370 данное поле заполняется через «//». Сейчас в формате УФЭБС данный формат не предусмотрен, через РЦИ наименование банка не передается. Для чего тогда указано такое длинное наименование? Для направления информации через ГИС ГМП?	595-П от 06.07.2017	Приложение 10		"ключ.
Если банковский счет, указанный в реквизите
85.4 “Сч. №” агента банка-получателя открыт
в Банке России, то указывается значение “99”.
В иных случаях реквизит не заполняется
Н
Информация о банкеУказываются реквизиты банка-получателя, если
получателе
он отличен от банка-исполнителя
86.1
Банк-получатель
Наименование банка-получателя.
Указывается наименование банка-получателя -
кредитной организации (ее филиала), иностранного
банка (иностранной кредитной организации).
В дополнение к наименованию иностранного
банка (иностранной кредитной организации) может
указываться его (ее) место нахождения.
При воспроизведении на бумажном носителе:
если в реквизите 86.2 “БИК” банка-получателя
указан БИК, то указывается сокращенное
наименование банка-получателя в соответствии
со Справочником БИК;
если реквизит 86.2 “БИК” банка-получателя
не заполнен, а в реквизите 86.3 “BIC” банкаполучателя указан SWIFT BIC, то может
указываться наименование банка-получателя в
соответствии с информацией, содержащейся в
Международном справочнике SWIFT BIC Directory
(при наличии).
Реквизит не заполняется в поручении банка:
в электронном виде, если в реквизите 86.2 “БИК”
банка-получателя указан БИК в соответствии
со Справочником БИК или в реквизите 86.3 “BIC”
банка-получателя указан SWIFT BIC;
если одновременно отсутствуют значения
в реквизитах 86.2 “БИК”, 86.3 “BIC” и 86.4 “Сч. №”
банка-получателя.
При отсутствии значений реквизитов 86.2 “БИК”
и 86.3 “BIC” должно быть указано наименование
и место нахождения банка-получателя
Н
Н
86.2
БИК
БИК банка-получателя.
Может указываться БИК банка-получателя, если
банк-получатель является кредитной организацией
(ее филиалом).
Может указываться БИК косвенного участника."	exp0289	595-П_06072017#0187
108	0	Каков порядок включения в раздел 8 Отчета информации по кредитам, предоставленным с использованием банковской карты?	4212-У от 24.11.2016	Приложение 1	8.4	"8.4. В графах 4 и 5 раздела III Отчета указываются сведения о всех платежах за товары (работы, услуги), совершенных с использованием платежных карт (их реквизитов) через сеть “Интернет”, посредством
сообщений с использованием абонентских устройств мобильной связи, а также посредством банкоматов,
электронных терминалов и импринтеров. При этом сведения об операциях, совершенных посредством
сообщений с использованием абонентских устройств мобильной связи, учитываются только в графах 4
и 5 раздела III Отчета.
В графах 6 и 7 раздела III Отчета указываются сведения о всех платежах за товары (работы, услуги),
совершенных через электронные терминалы (в том числе через электронные терминалы удаленного доступа) как с использованием самих платежных карт, так и с использованием их реквизитов.
В графах 8 и 9 раздела III Отчета указываются сведения о всех платежах за товары (работы, услуги),
совершенных с использованием платежных карт через импринтеры.
В графах 10 и 11 раздела III Отчета указываются сведения о платежах за товары (работы, услуги), совершенных с использованием платежных карт (их реквизитов) через банкоматы.
В графах 12 и 13 раздела III Отчета указываются сведения о платежах за товары (работы, услуги), совершенных с использованием платежных карт (их реквизитов) через сеть “Интернет”."	exp0295	4212-У_24112016#0394
109	1	Правильно ли производить формирование групп взаимосвязанных заемщиков (ГВЗ), руководствуясь гл. 6 Инструкции Банка России от 29.11.2019 № 199-И (ред. 24.12.2021) «Об обязательных нормативах и надбавках к нормативам достаточности капитала банков с универсальной лицензией»?	180-И от 28.06.2017	Глава 5. Максимальный размер риска на одного заемщика или гр	5.6	"5.6. Норматив Н6 рассчитывается по группе связанных заемщиков (юридических и (или) физических
лиц), признаваемых таковыми в соответствии со статьей 64 Федерального закона “О Центральном банке
Российской Федерации (Банке России)”.
Норматив Н6 рассчитывается также по группе связанных заемщиков, если заемщики являются близкими родственниками, определяемыми таковыми в соответствии с Международными стандартами финансовой отчетности, введенными в действие на территории Российской Федерации (далее - близкие
родственники).
В целях расчета норматива Н6 участие органов государственной власти и органов местного самоуправления в уставном капитале юридических лиц и (или) создание ими юридических лиц на праве хозяйственного ведения (оперативного управления) или ином тождественном правовом режиме, а также
участие государственных корпораций, созданных на основании федеральных законов, в уставных капиталах юридических лиц не рассматривается в качестве основания для отнесения к группе связанных
заемщиков.
В целях выявления связанности заемщиков друг с другом банк использует доступные источники получения информации, к которым относятся учредительные документы заемщиков банка, их бухгалтерская,
налоговая, статистическая и иная отчетность, дополнительно предоставляемые заемщиками сведения,
средства массовой информации и другие источники, определяемые банком самостоятельно.
В целях расчета норматива Н6 нахождение заемщиков под контролем или значительным влиянием
банка-кредитора не рассматривается в качестве основания для отнесения заемщиков к группе связанных
заемщиков.
Норматив Н6 не рассчитывается по группе связанных заемщиков в случае полного совпадения лиц,
одновременно входящих в группу связанных заемщиков в целях расчета норматива Н6 и группу связанных
с банком лиц в целях расчета норматива Н25 в соответствии с главой 8 настоящей Инструкции."	exp0300	180-И_28062017#0105
110	2	Правильно ли производить формирование групп взаимосвязанных заемщиков (ГВЗ), руководствуясь гл. 6 Инструкции Банка России от 29.11.2019 № 199-И (ред. 24.12.2021) «Об обязательных нормативах и надбавках к нормативам достаточности капитала банков с универсальной лицензией»?	220-И от 26.05.2025	Глава 11. Заключительные положения	11.3	"11.3. Со дня вступления в силу настоящей Инструкции признать утратившими силу:
Инструкцию Банка России от 29 ноября 2019 года № 199-И “Об обязательных нормативах и надбавках
к нормативам достаточности капитала банков с универсальной лицензией”30;
Указание Банка России от 26 марта 2020 года № 5423-У “О внесении изменений в Инструкцию Банка
России от 29 ноября 2019 года № 199-И “Об обязательных нормативах и надбавках к нормативам достаточности капитала банков с универсальной лицензией”31;
подпункт 1.3 пункта 1 Указания Банка России от 3 августа 2020 года № 5520-У “О внесении изменений
в отдельные нормативные акты Банка России в связи с изданием Положения Банка России от 15 июля
2020 года № 729-П “О методике определения собственных средств (капитала) и обязательных нормативов, надбавок к нормативам достаточности капитала, числовых значениях обязательных нормативов
и размерах (лимитах) открытых валютных позиций банковских групп”32;
Указание Банка России от 3 августа 2020 года № 5521-У “О внесении изменений в Инструкцию Банка
России от 29 ноября 2019 года № 199-И “Об обязательных нормативах и надбавках к нормативам достаточности капитала банков с универсальной лицензией”33;
* Официально опубликована на сайте Банка России 17.07.2025.
³⁰ Зарегистрирована Минюстом России 27 декабря 2019 года, регистрационный № 57008.
³¹ Зарегистрировано Минюстом России 31 марта 2020 года, регистрационный № 57913.
³² Зарегистрировано Минюстом России 3 ноября 2020 года, регистрационный № 60730.
³³ Зарегистрировано Минюстом России 11 сентября 2020 года, регистрационный № 59770.
подпункт 1.5 пункта 1 Указания Банка России от 12 января 2021 года № 5705-У “О внесении изменений
в отдельные нормативные акты Банка России в связи с изданием Положения Банка России от 12 января
2021 года №"	exp0300	220-И_26052025#0181
111	2	Как правильно отражать в графе 13 раздела 6 информацию о кодах по ссудам, относящимся к активам с повышенным коэффициентом риска в связи с внесением изменений в Инструкцию Банка России от 28.06.2017 № 180-И «Об обязательных нормативах банков»?	4927-У от 08.10.2018	Глава 2. Составление Отчета	9.8–10.1	"9.8. В графах 11 и 12 раздела 6 указывается информация, на основе которой кредитная организация
осуществляет определение категории качества ссуды, отраженной в графе 5 раздела 6, в соответствии
с главой 3 Положения Банка России № 590-П.
По ссудам, сгруппированным в ПОС, сведения по графам 11 и 12 раздела 6 могут не заполняться.
9.8.1. В графе 11 раздела 6 указывается информация об оценке финансового положения заемщика с
использованием следующих кодов:
1 - хорошее;
2 - среднее;
3 - плохое.
9.8.2. В графе 12 раздела 6 указывается информация об оценке качества обслуживания долга по ссуде
(траншу) с использованием следующих кодов:
1 - хорошее;
2 - среднее;
3 - неудовлетворительное.
9.9. В графе 13 раздела 6 указываются коды, используемые при расчете обязательных нормативов
в соответствии с Инструкцией Банка России № 180-И, входящие в состав операций с повышенными
коэффициентами риска ПКi и ПКвi, в случае, если ссуда (транш) относится к активам с повышенным коэффициентом риска.
Коды указываются в соответствии с приложением 1 к Инструкции Банка России № 180-И без расшифровок после точки, префиксов и дополнительных комментариев (например, 8814). Информация подлежит обязательному заполнению даже в случае частичного включения остатка по указанному договору
в состав операций с повышенными коэффициентами риска.
При наличии нескольких кодов, указывается информация обо всех кодах через запятую без пробелов.
10. Раздел 7 Отчета заполняется следующим образом.
10.1. В графе 1 раздела 7 указывается сумма непросроченных требований по получению процентных
доходов по договору, в графе 2 раздела 7 - сумма просроченных требований по получению процентных
доходов по состоянию на 1-е число месяца, следующего за отчетным."	exp0301	4927-У_08102018#0620
112	1	Если заемщик не осуществляет реальной деятельности, но при этом подпадает под действие п. 3.12.2 Положения № 590-П, как заполнять графу 10 раздела 6?	590-П от 28.06.2017	Глава 3. Оценка кредитного риска по выданной ссуде	3.12.1–3.12.2.1	"3.12.1. Ссуды, предоставленные заемщикам - юридическим лицам, не осуществляющим реальной деятельности либо осуществляющим такую деятельность в незначительных объемах в денежном выражении,
не сопоставимых с размером ссуд (совокупности ссуд, предоставленных данному заемщику), классифицируются не выше, чем в III категорию качества с расчетным резервом в размере не менее 50 процентов.
Формируемый после уменьшения на величину обеспечения в соответствии с настоящим Положением резерв по данным ссудам не может быть менее 10 процентов, за исключением случаев, указанных в абзаце
втором настоящего подпункта.
Резерв в размере, определенном настоящим подпунктом, может не формироваться при наличии по
ссуде обеспечения I или II категорий качества (за исключением обеспечения, определенного абзацами
восьмым-десятым подпункта 6.3.1 пункта 6.3 настоящего Положения), стоимость которого с учетом коэффициентов (индексов) категории качества обеспечения, указанных в пункте 6.7 настоящего Положения,
составляет не менее размера ссуды.
Кредитная организация должна поддерживать резерв в размере, определенном настоящим подпунктом, в течение всего срока действия ссуды и может не формировать резерв только в случае документарного подтверждения устранения заемщиком оснований применения требований настоящего подпункта.
3.12.2. Требование подпункта 3.12.1 настоящего пункта не распространяется:
3.12.2.1. на ссуды, предоставленные кредитным организациям;"	exp0302	590-П_28062017#0037
113	2	Если в течение 2020 года средняя величина ссудной задолженности по кредитам физических лиц, рассчитанная на начало каждого отчетного месяца анализируемого периода, составила более 60 млрд рублей, то следует ли банку начать предоставлять Отчет в Банк России начиная с 01.01.2021?	6406-У от 10.04.2023	Глава 3. Cоставление Отчета	1–2	"1. Отчетность по форме 0409704 “Информация о долговой нагрузке заемщиков - физических лиц”
(далее - Отчет) подлежит представлению в Банк России кредитными организациями, у которых средняя
величина ссудной задолженности по кредитам (займам) физических лиц, рассчитанная за 12 месяцев,
предшествующих году представления Отчета, соответствует или превышает 60 миллиардов рублей.
Средняя величина ссудной задолженности по кредитам (займам) физических лиц рассчитывается как
среднеарифметическое значение сумм остатков на балансовых счетах №№ 455А (кроме 45523), 457А
(кроме 45713), 45815, 45817 на начало каждого месяца соответствующего года.
Отчет включает в себя информацию о долговой нагрузке заемщика - физического лица и иных сведениях, предусмотренных Указанием Банка России от 17 апреля 2023 года № 6411-У “О видах активов,
характеристиках видов активов, к которым устанавливаются надбавки к коэффициентам риска, и о применении к указанным видам активов надбавок при определении кредитными организациями нормативов
достаточности капитала”1 (далее - Указание Банка России № 6411-У).
2. В Отчет включается информация по предоставленным кредитам (займам), в отношении которых
кредитной организацией в соответствии со статьей 51 Федерального закона от 21 декабря 2013 года
№ 353-ФЗ “О потребительском кредите (займе)” (далее - Федеральный закон № 353-ФЗ) был осуществлен расчет показателя долговой нагрузки заемщика (далее - ПДН).
Указанная в абзаце первом настоящего пункта информация включается в Отчет до момента погашения,
списания с баланса или продажи кредитов (займов)."	exp0306	6406-У_10042023#1799
114	0	Необходимо ли в случае непревышения средней величины ссудной задолженности по кредитам (займам) физических лиц, рассчитанной за 12 месяцев, предшествующих году представления Отчета, порога в 60 млрд рублей, представление Отчета с заполненными фактическими или нулевыми данными либо представление указанной отчетности не требуется ни в каком виде?	6406-У от 10.04.2023	Глава 2. Составление Отчета	5	"числе:
обязательства по предоставлению денежных средств физическим лицам
обязательства по предоставлению денежных средств субъектам малого бизнеса
обязательства по предоставлению денежных средств нефинансовым организациям
обязательства по предоставлению денежных средств прочим клиентам
величина превышения обязательств по предоставлению средств клиентам (кроме финансовых организаций, центральных (национальных)
банков и связанных с банком лиц, определенных в соответствии с подпунктом 3.3.12 пункта 3.3 Положения Банка России № 421-П) над
величиной притоков денежных средств клиентов (кроме финансовых организаций, центральных (национальных) банков и связанных с банком
лиц, определенных в соответствии с подпунктом 3.3.12 пункта 3.3 Положения Банка России № 421-П), установленных условиями договора,
не включенной в расчет ожидаемых притоков денежных средств
обязательства по предоставлению средств связанным с банком лицам, определенным в соответствии с подпунктом 3.3.12 пункта 3.3 Положения
Банка России № 421-П (кроме финансовых организаций и центральных (национальных) банков)
оценочные обязательства банка, не установленные условиями договора, по предоставлению средств связанным с банком юридическим лицам,
определенным в соответствии с подпунктом 3.3.12 пункта 3.3 Положения Банка России № 421-П
оценочные обязательства банка, не установленные условиями договора, по предоставлению средств по заключенному в соответствии
с российским или иностранным правом договору, предметом которого является осуществление юридическими лицами совместных действий
без образования юридического лица для извлечения прибыли или достижения иной цели, или по предоставлению средств юридическим
лицам, на деятельность которых банк прямо или косвенно оказывает существенное влияние, а также в уставном капитале которых банк имеет
миноритарные (неконсолидированные) доли участия
иные оценочные обязательства банка, не установленные условиями договора, итого, в том числе:
оценочные обязательства, проистекающие из потенциальных требований к банку по досрочному выкупу выпущенных долговых обязательств
(включая облигации и векселя) или досрочному"	exp0307	6406-У_10042023#0612
115	0	Нужно ли рассчитывать и отражать в Отчете данные по кредитам, предоставленным индивидуальным предпринимателям для целей осуществления своей деятельности?	4212-У от 24.11.2016	Приложение 1	9	"9. В графах 3 и 5 подраздела “Справочно” указывается количество счетов и общая сумма обязательств
по счетам (вкладам) индивидуальных предпринимателей, открытых для осуществления предпринимательской деятельности."	exp0308	4212-У_24112016#0576
116	2	Включаются ли в разделы 1 и 2 Отчета сведения о кредитах (займах) физических лиц, права (требования) по которым приобретены банком, в том числе по договору цессии?	4212-У от 24.11.2016	Приложение 1	5	"(займа) в виде залога, или
цель использования потребительского кредита (займа) как полное или частичное исполнение обязательств по другому договору потребительского кредита (займа).
В строки 4.1.1-4.1.4 и 4.2.1-4.2.4 не включаются данные по потребительским кредитам (займам), учтенные в строках 1.1, 1.2, 2.1-2.4, 3.1.1-3.1.3, 3.2.1-3.2.3.
При этом под сроком “до 1 года” для категорий потребительских кредитов (займов) (строки 3.1.1-3.1.3,
4.1.1-4.1.4) понимается количество календарных дней меньшее или равное 365.
При составлении Отчета по строкам 2.1, 3.1.1, 3.2.1, 4.1.1, 4.2.1 в расчет принимается сумма потребительского кредита (займа) до 29 999 рублей включительно, по строкам 2.2, 3.1.2, 3.2.2, 4.1.2, 4.2.2 -
от 30 000 рублей до 99 999 рублей включительно, по строкам 3.1.3, 3.2.3 - от 100 000 включительно, по
строкам 2.3, 4.1.3, 4.2.3 - от 100 000 рублей до 299 999 рублей включительно, по строкам 2.4, 4.1.4, 4.2.4 -
от 300 000 рублей включительно.
Потребительские кредиты (займы), права (требования) по которым приобретены кредитной организацией (новым кредитором) по договору цессии, в Отчете не отражаются.
Банковская отчетность
Код территории
по ОКАТО
Код кредитной организации (филиала)
регистрационный номер
(/порядковый номер)
по ОКПО
СВЕДЕНИЯ О РИСКЕ ПРОЦЕНТНОЙ СТАВКИ
по состоянию на “___” __________ ______ г.
Полное или сокращенное фирменное наименование кредитной организации
(головной кредитной организации банковской группы) ___________________________________________________________________________________
Адрес (место нахождения) кредитной организации
(головной кредитной организации банковской группы) ___________________________________________________________________________________
Код формы по ОКУД 0409127
Квартальная
Код валюты: ___________.
Номер
строки
Временные интервалы
Наименование показателя
от 31 до от 91 до от 181 дня от 1 года
до 30 дней
90 дней"	exp0309	4212-У_24112016#0260
117	1	Включаются ли в разделы 1 и 2 Отчета сведения о кредитах (займах) физических лиц, права (требования) по которым приобретены банком, в том числе по договору цессии?	4927-У от 08.10.2018	Глава 2. Составление Отчета	13.7	"13.7. При использовании нескольких видов уступки права требования (цессии) или уступке права
требования (цессии) нескольким контрагентам в разделе 10 указывается информация о всех видах и
контрагентах с использованием дополнительных строк по расшифровке информации об уступке прав
требования (цессии).
Код территории
по ОКАТО
регистрационный номер
(/порядковый номер)
по ОКПО
Полное или сокращенное фирменное наименование кредитной организации ________________________________________________________________________________________________________________
Адрес (место нахождения) кредитной организации __________________________________________________________________________________________________________________________________________________________
СВЕДЕНИЯ О КРЕДИТАХ, ПРЕДОСТАВЛЕННЫХ ФИЗИЧЕСКИМ ЛИЦАМ
по состоянию на “____” ______________ ________ г.
Банковская отчетность
Код кредитной организации (филиала)
Код формы по ОКУД 0409316
Месячная (Квартальная)
Раздел 1. Сведения о кредитах, предоставленных физическим лицам
Жилищные кредиты, всего,
из них:
1.1
ипотечные жилищные кредиты,
всего,
в том числе:
1.1.1
выданные под залог прав
требования по договорам
участия в долевом
строительстве
1.1.2
выданные на погашение ранее
предоставленных ипотечных
жилищных кредитов
в иностранной валюте
в том числе:
просроченная
в рублях
в рублях
в иностранной
валюте
в рублях
в иностранной
валюте
в рублях
в иностранной
валюте
средневзвешенная ставка,
процентов
в иностранной
валюте
средневзвешенный срок
до погашения,
месяцев
в рублях
задолженность на отчетную дату,
тыс. руб.
в иностранной
валюте
количество,
единиц
в рублях
средневзвешенная ставка,
процентов
в иностранной
валюте
объем,
тыс. руб.
По действующим кредитам (в целом по кредитному портфелю)
в рублях
средневзвешенный срок
кредитования,
месяцев
количество,
единиц
в иностранной
валюте
объем,
тыс. руб.
в рублях
Наименование показателя
Код
территории
места
нахождения
заемщика
по ОКАТО
количество,
единиц
Код показателя
По кредитам (траншам), предоставленным в отчетном"	exp0309	4927-У_08102018#0633
118	0	Включаются ли в разделы 1 и 2 Отчета сведения о кредитах (займах) физических лиц, права (требования) по которым приобретены банком, в том числе по договору цессии?	4927-У от 08.10.2018	Глава 3. Составление Отчета	3.1.2	"лицу прав требования по получению ценных бумаг (долей, паев) с первоначального продавца, если один из контрагентов (правопреемник или
первоначальный покупатель) являлся резидентом, а другой нерезидентом, а также операции, связанные
с уступкой прав требований участниками-дольщиками по договору участия в долевом строительстве);
операции, связанные с исполнением обязательств по контракту и по кредитному договору (договору
займа), принятым Банком на учет в соответствии с Инструкцией Банка России № 181-И.
В разделе 1 Отчета также отражаются премии и штрафы за досрочные или просроченные платежи,
согласованные в рамках исходного контракта с ценными бумагами, долями, паями, вкладами в имущество."	exp0309	4927-У_08102018#0866
119	1	Необходимо ли представлять Отчет банку с лицензией на осуществление банковских операций со средствами в рублях и иностранной валюте для расчетных небанковских кредитных организаций?	4927-У от 08.10.2018	Глава 2. Составление Отчета	2–5	"2. Отчет составляется в целых тысячах рублей.
3. Суммы в графах 3, 6, 9, 12 Отчета указываются в рублевом эквиваленте.
4. Отчет составляется кредитными организациями (включая небанковские кредитные организации и
зарубежные филиалы1 кредитных организаций - резидентов Российской Федерации) и представляется
в Банк России.
Отчеты зарубежных филиалов кредитной организации - резидента Российской Федерации представляются головным офисом кредитной организации.
Кредитные организации (включая небанковские кредитные организации), за исключением небанковских
кредитных организаций, имеющих право на осуществление переводов денежных средств без открытия
банковских счетов и связанных с ними иных банковских операций, представляют Отчет за месяц не
позднее 4-го рабочего дня месяца, следующего за отчетным.
Небанковские кредитные организации, имеющие право на осуществление переводов денежных средств
без открытия банковских счетов и связанных с ними иных банковских операций, у которых средний за
полгода объем обязательств перед клиентами по переводу денежных средств без открытия банковских
счетов в течение месяца превышает 2 миллиарда рублей, представляют Отчет за квартал не позднее
4-го рабочего дня месяца, следующего за отчетным кварталом.
Небанковские кредитные организации, имеющие право на осуществление переводов денежных средств
без открытия банковских счетов и связанных с ними иных банковских операций, у которых средний за
полгода объем обязательств перед клиентами по переводу денежных средств без открытия банковских
счетов в течение месяца не превышает 2 миллиардов рублей, представляют Отчет за первое полугодие
и год не позднее 4-го рабочего дня месяца, следующего за отчетным периодом.
5. Кредитные организации представляют Отчет за внутримесячные даты по требованию структурного подразделения Банка России, осуществляющего надзор за их деятельностью, в установленный в
требовании срок."	exp0310	4927-У_08102018#0048
120	2	Необходимо ли представлять Отчет банку с лицензией на осуществление банковских операций со средствами в рублях и иностранной валюте для расчетных небанковских кредитных организаций?	4927-У от 08.10.2018	Глава 2. Составление Отчета	2–2.1	"2. Отчет представляется в Банк России не позднее 12-го рабочего дня месяца, следующего за отчетным кварталом, кредитными организациями, включая:
расчетные небанковские кредитные организации;
небанковские кредитные организации, имеющие право на осуществление переводов денежных средств
без открытия банковских счетов и связанных с ними иных банковских операций, у которых средний за
полгода объем обязательств перед клиентами по переводу денежных средств без открытия банковских
счетов в течение месяца превышает 2 миллиарда рублей.
Небанковские кредитные организации, имеющие право на осуществление переводов денежных средств
без открытия банковских счетов и связанных с ними иных банковских операций, у которых средний за
полгода объем обязательств перед клиентами по переводу денежных средств без открытия банковских
счетов в течение месяца не превышает 2 миллиардов рублей, представляют Отчет в Банк России по состоянию на 1 июля и 1 января не позднее 12-го рабочего дня месяца, следующего за отчетным периодом.
Кредитные организации, которые в отчетном периоде не осуществляли эмиссию и (или) эквайринг
платежных карт и по состоянию на 1-е число месяца, следующего за отчетным периодом, не имеют
банкоматов, оснащенных функцией приема наличных денежных средств, посредством которых можно
осуществлять операции с использованием и без использования платежных карт, направляют в Банк России сообщение “Кредитная организация не является эмитентом и эквайрером и не имеет банкоматов”
(разделы I-III Отчета при этом не представляются).
Кредитные организации, которые в отчетном периоде не осуществляли эмиссию и (или) эквайринг платежных карт, но по состоянию на 1-е число месяца, следующего за отчетным периодом, имеют банкоматы,
оснащенные функцией приема наличных денежных средств, посредством которых можно осуществлять
операции с использованием и без использования платежных карт, заполняют только раздел II Отчета.
Отчет не представляют небанковские кредитные организации, осуществляющие депозитно-кредитные
операции, и небанковские кредитные организации - центральные контрагенты.
2.1. Головной офис кредитной организации представляет в Банк России сводный Отчет по головному
офису и филиалам кредитной организации."	exp0310	4927-У_08102018#0442
121	2	Как правильно отразить объем задолженности с просрочкой платежей «от и до дней»? Согласно графику платежей, максимальный срок просрочки по договору, иной расчет?	4927-У от 08.10.2018	Глава 2. Составление Отчета	13–16	"13. В графе 14 Отчета отражается объем на отчетную дату просроченной задолженности по основному долгу.
14. В графе 15 Отчета указывается длительность в днях просроченной задолженности по основному
долгу. В случае наличия по основному долгу задолженности различной длительности просрочки в графе 15 Отчета отражению подлежит максимальная длительность задержки платежей.
В случае если в течение отчетного периода задолженность была просрочена, но на отчетную дату
погашена, графа 15 Отчета не заполняется.
15. В графе 16 Отчета указывается вид реструктуризации ссуды в соответствии со следующей классификацией:
1 - увеличение срока возврата основного долга;
2 - снижение процентной ставки;
3 - увеличение суммы основного долга;
4 - изменение графика уплаты процентов по ссуде;
5 - изменение алгоритма расчета процентной ставки;
6 - другое.
В случае если с даты выдачи ссуды головная кредитная организация (участники банковской группы)
использовала (использовали) несколько видов реструктуризации ссуды, информация о них располагается
в графе 16 Отчета в столбец. В случае если несколько видов реструктуризации были осуществлены по
одному дополнительному соглашению, информация о видах реструктуризации приводится в графе 16 в
одну строку через запятую.
16. В графе 17 Отчета количество реструктуризаций по кредитному договору определяется исходя из
количества дополнительных соглашений к кредитному договору, затрагивающих вопросы реструктуризации."	exp0311	4927-У_08102018#0119
122	1	Как правильно отразить объем задолженности с просрочкой платежей «от и до дней»? Согласно графику платежей, максимальный срок просрочки по договору, иной расчет?	6406-У от 10.04.2023	Глава 3. Cоставление Отчета	5.11.2–5.11.6	"5.11.2. В графе 11 раздела 1 Отчета, в графе 12 раздела 2 Отчета указывается общая задолженность по
кредиту (займу) с учетом начисленных (накопленных) процентов, по которому на отчетную дату имеются
просроченные платежи сроком от 1 дня до 30 дней, в целых тысячах рублей (с округлением по правилам
математического округления).
5.11.3. В графе 12 раздела 1 Отчета, в графе 13 раздела 2 Отчета указывается общая задолженность по
кредиту (займу) с учетом начисленных (накопленных) процентов, по которому на отчетную дату имеются
просроченные платежи сроком от 31 дня до 90 дней, в целых тысячах рублей (с округлением по правилам
математического округления).
5.11.4. В графе 13 раздела 1 Отчета, в графе 14 раздела 2 Отчета указывается общая задолженность
по кредиту (займу) с учетом начисленных (накопленных) процентов, по которому на отчетную дату имеются просроченные платежи сроком от 91 дня до 180 дней, в целых тысячах рублей (с округлением по
правилам математического округления).
5.11.5. В графе 14 раздела 1 Отчета, в графе 15 раздела 2 Отчета указывается общая задолженность
по кредиту (займу) с учетом начисленных (накопленных) процентов, по которому на отчетную дату имеются просроченные платежи сроком от 181 дня до 360 дней, в целых тысячах рублей (с округлением по
правилам математического округления).
5.11.6. В графе 15 раздела 1 Отчета указывается общая задолженность по кредиту (займу) с учетом
начисленных (накопленных) процентов, по которому на отчетную дату имеются просроченные платежи
сроком свыше 360 дней, в целых тысячах рублей (с округлением по правилам математического округления)."	exp0311	6406-У_10042023#1812
123	1	Подлежит ли графа 6 раздела 1 и раздела 2 Отчета заполнению по включаемым в него следующим видам кредитов: ипотечные жилищные ссуды, в отношении которых реализованы меры государственной поддержки (бюджетные субсидии, пособия, а также иные меры государственной поддержки); ипотечные ссуды, предоставленные физическим лицам на цели приобретения коммерческой недвижимости.	6406-У от 10.04.2023	Глава 2. Составление Отчета	9	"9. По строке 3.1 раздела 1, строке 1.1 раздела 3, а также в подпункте 1.1 пункта 1 и подпункте 2.1 пункта 2
раздела “Справочно” отражаются выданные физическим лицам ссуды на приобретение и обустройство земли
под предстоящее жилищное строительство, на строительство и реконструкцию жилья, на приобретение жилья (далее - жилищные ссуды), в том числе жилищные ссуды, выданные под залог недвижимого имущества
в соответствии с Федеральным законом от 16 июля 1998 года № 102-ФЗ “Об ипотеке (залоге недвижимости)”
до даты государственной регистрации договора о залоге недвижимого имущества (договора об ипотеке).
По строкам 3.2 и 3.2.1 раздела 1, строкам 1.2 и 1.3 раздела 3, а также в подпункте 1.2 пункта 1 и подпункте 2.2 пункта 2 раздела “Справочно” отражаются выданные под залог жилого недвижимого имущества
жилищные ссуды, а также ссуды, предоставленные под соответствующий требованиям главы 6 Положения
Банка России № 590-П залог прав требования участника долевого строительства с даты государственной
регистрации договора о залоге недвижимого имущества, договора о залоге прав требования участника
долевого строительства (договора об ипотеке) (далее - ипотечные ссуды).
По строке 3.3 раздела 1, строке 1.6 раздела 3, а также в подпункте 1.3 пункта 1 и подпункте 2.3 пункта 2
раздела “Справочно” отражаются ссуды физическим лицам на приобретение автотранспортного средства,
обеспеченные залогом данного автотранспортного средства (далее - автокредиты).
По строке 3.4 раздела 1, строке 1.7 раздела 3, а также в подпункте 1.4 пункта 1 и подпункте 2.4 пункта 2
раздела “Справочно” отражаются ссуды физическим лицам на покупку товаров, предназначенных для
личного, семейного, домашнего или иного использования"	exp0316	6406-У_10042023#0439
124	1	Подлежит ли графа 6 раздела 1 и раздела 2 Отчета заполнению по включаемым в него следующим видам кредитов: ипотечные жилищные ссуды, в отношении которых реализованы меры государственной поддержки (бюджетные субсидии, пособия, а также иные меры государственной поддержки); ипотечные ссуды, предоставленные физическим лицам на цели приобретения коммерческой недвижимости.	6406-У от 10.04.2023	Глава 7. Составление раздела 6 Отчета	4–5.2	"4. Количество кредитов, предоставленных в отчетном месяце физическим лицам, по вновь заключенным договорам (без учета траншей в рамках
договоров об открытии кредитной линии):
4.1. Всего:
в рублях: __________ единиц;
в иностранной валюте: __________ единиц.
4.2. В том числе ипотечных кредитов:
3.1.3
для приобретения индивидуального жилого дома с земельным
участком по договору купли-продажи с юридическим лицом
или индивидуальным предпринимателем, являющимся первым
собственником и зарегистрировавшим право собственности
на указанное жилое помещение
выданным на цели приобретения (создания) объекта
индивидуального жилищного строительства, в том числе
приобретения земельного участка, в том числе:
для создания объекта индивидуального жилищного
строительства
3.1.2.1
Номер строки
Код территории по ОКАТО
1.1
Наименование показателя
Ипотечные жилищные кредиты,
предоставленные по программам
государственной поддержки,
в том числе:
выданные на погашение ранее
предоставленных ипотечных
жилищных кредитов
Код программы
государственной
поддержки
По кредитам, предоставленным в отчетном месяце
места
нахождения
заемщика
места
нахождения
объекта
недвижимости
количество,
единиц
объем,
тыс. руб.
средневзвешенная
ставка,
процентов
в рублях: __________ единиц;
в иностранной валюте: __________ единиц.
5. Количество кредитных договоров с просроченной задолженностью:
5.1. Всего:
в рублях: __________ единиц;
в иностранной валюте: __________ единиц.
5.2. В том числе ипотечных кредитных договоров:
в рублях: __________ единиц;
в иностранной валюте: __________ единиц."	exp0316	6406-У_10042023#1212
125	1	Подлежит ли графа 6 раздела 1 и раздела 2 Отчета заполнению по включаемым в него следующим видам кредитов: ипотечные жилищные ссуды, в отношении которых реализованы меры государственной поддержки (бюджетные субсидии, пособия, а также иные меры государственной поддержки); ипотечные ссуды, предоставленные физическим лицам на цели приобретения коммерческой недвижимости.	6406-У от 10.04.2023	Глава 7. Составление раздела 6 Отчета	2.4	"2.4. По строке кода показателя 2 раздела 1 отражаются кредиты, предоставленные физическим лицам -
резидентам Российской Федерации (включая кредиты, отраженные по строке кода показателя 1 раздела 1).
По строке кода показателя 2.1 раздела 1 отражаются кредиты, предоставленные заемщикам под залог недвижимости в соответствии с Федеральным законом № 102-ФЗ, включая кредиты, отраженные по
строке кода показателя 1.1 раздела 1 (далее - ипотечные кредиты).
В случае если договором на предоставление кредита предусмотрено заключение договора ипотеки
с последующей государственной регистрацией его в соответствии с Федеральным законом № 102-ФЗ,
указанный кредит в рамках Отчета отражается по строке кода показателя 2.1 раздела 1 со дня его выдачи.
В случае заключения дополнительного соглашения о замене предмета залога в рамках действующего
кредитного договора на имущество, не отвечающее требованиям Федерального закона № 102-ФЗ, указанный кредит не подлежит отражению в графах 12-21 строки кода показателя 2.1 раздела 1.
По строке кода показателя 2.1.1 раздела 1 отражаются ипотечные кредиты, предоставленные заемщикам
на приобретение (инвестирование в строительство) апартаментов (нежилых помещений, предназначенных
для временного проживания).
По строке кода показателя 2.2 раздела 1 отражаются потребительские кредиты, не обеспеченные
залогом, предоставленные в соответствии с Федеральным законом от 21 декабря 2013 года № 353-ФЗ
“О потребительском кредите (займе)”, включая предоставляемые путем перечисления заемных средств
торгово-сервисному предприятию в счет оплаты товаров (услуг) при наличии соответствующего договора с торгово-сервисным предприятием (POS-кредиты), включая потребительские кредиты с лимитом
кредитования, отражаемые по строке кода показателя 2.2.1 раздела 1.
По строке кода показателя 2.2.1 раздела 1 отражаются потребительские кредиты, не обеспеченные
залогом, индивидуальные условия предоставления которых, независимо от наличия или"	exp0316	6406-У_10042023#1227
126	1	Подлежит ли графа 6 раздела 1 и раздела 2 Отчета заполнению по включаемым в него следующим видам кредитов: ипотечные жилищные ссуды, в отношении которых реализованы меры государственной поддержки (бюджетные субсидии, пособия, а также иные меры государственной поддержки); ипотечные ссуды, предоставленные физическим лицам на цели приобретения коммерческой недвижимости.	6406-У от 10.04.2023	Глава 7. Составление раздела 6 Отчета	2.22	"2.22. В пункте 6 подраздела “Справочно” раздела 1 отражается информация об ипотечных жилищных
кредитах, предоставленных в рублях в рамках программ государственной поддержки.
По строке 1 таблицы пункта 6 подраздела “Справочно” раздела 1 отражается информация об ипотечных
жилищных кредитах, предоставленных по программам государственной поддержки.
По строке 1.1 таблицы пункта 6 подраздела “Справочно” раздела 1 отражается информация о кредитах,
предоставленных по программам государственной поддержки, выданных на погашение (рефинансирование
заемщиком) ранее предоставленных подотчетной или иной кредитной организацией ипотечных жилищных
кредитов под залог недвижимости в соответствии с Федеральным законом № 102-ФЗ или прав требования по договорам участия в долевом строительстве в соответствии с Федеральным законом № 214-ФЗ.
В графе 3 таблицы пункта 6 подраздела “Справочно” раздела 1 отражается код программы государственной поддержки. В случае если кредитным договором предусмотрена выдача ипотечного жилищного кредита по нескольким программам государственной поддержки, указываются все коды программ
государственной поддержки через запятую начиная с основного.
В графах 6-8 таблицы пункта 6 подраздела “Справочно” раздела 1 отражается информация о кредитах,
предоставленных в течение отчетного месяца, в графах 9-12 - информация о действующих кредитах.
В графе 6 таблицы пункта 6 подраздела “Справочно” раздела 1 приводятся данные о количестве выданных в течение отчетного месяца ипотечных жилищных кредитов.
В графе 7 таблицы пункта 6 подраздела “Справочно” раздела 1 приводятся данные об объеме предоставленных кредитов, отражаемых на балансовых счетах, указанных в подпункте 2.23 настоящего пункта.
Дебетовые обороты по балансовым счетам, возникающие в результате переноса остатков с одного балансового счета на другой при изменении срока действия кредитных договоров, не включаются в графу 7.
В"	exp0316	6406-У_10042023#1246
127	0	Каков порядок включения ипотечных кредитов (займов), обеспеченных залогом недвижимости в раздел 2 Отчета?	48-МР от 26.12.2016	Глава 3	3.2.1–3.2.6	"3.2.1. При наличии обеспечения в виде залога недвижимости по кредитам, предоставленным физическим и юридическим лицам, рекомендуется вести сведения о статусе договора о залоге недвижимого имущества (договора об ипотеке) на предмет его регистрации в уполномоченных органах государственной власти. При наличии нескольких субъектов права рекомендуется вести информацию обо всех субъектах права.
3.2.2. При наличии обеспечения в виде залога прав требования участника долевого строительства рекомендуется при раскрытии информации об указанном предмете залога исходить из понятия о залоге
прав требования, вытекающих из договора участия в долевом строительстве, отвечающего требованиям
статьи 13 Федерального закона от 30.12.2004 № 214-ФЗ “Об участии в долевом строительстве многоквартирных домов и иных объектов недвижимости и о внесении изменений в некоторые законодательные акты
Российской Федерации”.
3.2.3. Категорию качества обеспечения рекомендуется указывать с учетом того, что перечень обеспечения I и II категорий качества определен пунктами 6.2 и 6.3 главы 6 Положения Банка России № 254-П.
3.2.4. При отражении справедливой стоимости обеспечения в рублевом эквиваленте (при наличии) рекомендуется исходить из того, что справедливая стоимость обеспечения характеризует стоимость (сумму)
обеспечения, принимаемую в уменьшение резерва на возможные потери по выданному кредиту (займу),
требованию кредитного характера. Понятие о справедливой стоимости (сумме) определено в пункте 2.3
Положения Банка России № 254-П.
3.2.5. Вид разрешенного использования объекта рекомендуется применять в отношении типа объекта
права “земельный участок” (в соответствии с приказом Минэкономразвития России от 01.09.2014 № 540
“Об утверждении классификатора видов разрешенного использования земельных участков”).
3.2.6. Сведения о залогодателе рекомендуется раскрывать в случае, если залогодатель и заемщик не
совпадают."	exp0319	48-МР_26122016#0028
128	1	Каков порядок включения ипотечных кредитов (займов), обеспеченных залогом недвижимости в раздел 2 Отчета?	4927-У от 08.10.2018	Глава 2. Составление Отчета	2.3	"2.3. По коду показателя 1.1 отражаются жилищные кредиты, предоставленные заемщикам под залог
недвижимости в соответствии с Федеральным законом № 102-ФЗ (далее - ипотечные жилищные кредиты).
В случае если договором на предоставление жилищного кредита предусмотрено заключение договора ипотеки с последующей государственной регистрацией его в соответствии с Федеральным
законом № 102-ФЗ, указанный кредит в рамках данного Отчета отражается по коду показателя 1.1 со
дня его выдачи.
В случае заключения дополнительного соглашения о замене предмета залога в рамках действующего
кредитного договора о предоставлении ипотечного жилищного кредита на имущество, не отвечающее
требованиям Федерального закона № 102-ФЗ, указанный кредит не подлежит отражению в графах 12-21
кода показателя 1.1.
По коду показателя 1.1.1 отражаются ипотечные жилищные кредиты, выданные под залог прав требования по договорам участия в долевом строительстве, в соответствии с Федеральным законом от
30 декабря 2004 года № 214-ФЗ “Об участии в долевом строительстве многоквартирных домов и иных
объектов недвижимости и о внесении изменений в некоторые законодательные акты Российской Федерации” (Собрание законодательства Российской Федерации, 2005, № 1, ст. 40; 2006, № 30, ст. 3287;
№ 43, ст. 4412; 2008, № 30, ст. 3616; 2009, № 29, ст. 3584; 2010, № 25, ст. 3070; 2011, № 49, ст. 7015;
№ 49, ст. 7040; 2012, № 29, ст. 3998; № 53, ст. 7619, ст. 7643; 2013, № 30, ст. 4074; № 52, ст. 6979;
2014, № 26, ст. 3377; № 30, ст. 4225; 2015, № 29, ст. 4362; 2016, № 18, ст. 2515; № 27, ст. 4237, ст. 4294;
2017, № 27, ст. 3938; № 31, ст. 4767, ст. 4816; 2018, № 1, ст. 90, № 28, ст. 4139;"	exp0319	4927-У_08102018#0641
129	1	В случае если в отчетном квартале не происходило назначение лиц, временно исполняющих обязанности единоличного исполнительного органа, специального должностного лица, необходимо ли направлять отчет по форме 0420701 «Отчет об операторе инвестиционной платформы» (далее — отчет по форме 0420701), установленной приложением 1 к Указанию Банка России № 5395-У, содержащей подразделы 3.1 и 3.11 раздела 3 с нулевыми значениями по окончании отчетного квартала?	5395-У от 29.01.2020	Приложение 1		", которым лицо было освобождено от занимаемой им должности (при наличии)
Срок возложения временного исполнения обязанностей (если применимо)
Сведения об опыте работы специального должностного лица согласно квалификационным требованиям, установленным в соответствии с абзацем
двенадцатым пункта 2 статьи 7 Федерального закона от 7 августа 2001 года № 115-ФЗ “О противодействии легализации (отмыванию) доходов,
полученных преступным путем, и финансированию терроризма”1
Наличие фактов расторжения трудового договора по инициативе работодателя на основании, предусмотренном пунктом 7 части первой статьи 81
Трудового кодекса Российской Федерации2, в течение 2 лет, предшествующих дню назначения специального должностного лица на должность
Наименование высшего учебного заведения
Дата окончания высшего учебного заведения
Номер диплома
Специальность по диплому
Квалификация по диплому
Лицо, осуществляющее функции единоличного исполнительного органа
оператора инвестиционной платформы
(инициалы, фамилия)
2 Собрание законодательства Российской Федерации, 2002, № 1, ст. 3; 2017, № 27, ст. 3929.
1 Собрание законодательства Российской Федерации, 2001, № 33, ст. 3418; 2019, № 49, ст. 6953.
Порядок
составления и представления отчета по форме 0420701
“Отчет об операторе инвестиционной платформы”"	exp0321	5395-У_29012020#0013
130	0	В случае если оператор инвестиционной платформы включен в реестр операторов с определенной даты при этом имеются договоры по предоставлению займов, договоры по приобретению эмиссионных ценных бумаг или договоры по приобретению утилитарных цифровых прав, заключенные до даты включения оператора инвестиционной платформы в реестр операторов, какую дату начала осуществления инвестирования с использованием инвестиционной платформы необходимо указывать в разделе 1 отчета по форме 0420708 «Отчет об осуществлении деятельности по организации привлечения инвестиций» (далее — отчет по форме 0420708), установленной приложением 6 к Указанию Банка России № 5395-У?	5395-У от 29.01.2020	Приложение 6		"полнительных выпусков) ценных бумаг, номинальная стоимость которых выражена в валюте 2
Код валюты 2
В том числе
акции
облигации
иные
ценные бумаги
-
-
Раздел 8. Количество выпусков (дополнительных выпусков) ценных бумаг, размещенных с использованием инвестиционной платформы в отчетном
квартале
Раздел 9. Количество выпусков (дополнительных выпусков) ценных бумаг, размещаемых с использованием инвестиционной платформы на дату
завершения отчетного квартала
Номер
строки
Наименование показателя
Всего
Количество размещаемых выпусков (дополнительных выпусков) ценных бумаг, номинальная стоимость которых выражена в валюте 1
Суммарный объем размещаемых выпусков (дополнительных выпусков) ценных бумаг, номинальная стоимость которых выражена в валюте 1
Код валюты 1
Количество размещаемых выпусков (дополнительных выпусков) иных ценных бумаг, для которых номинальная стоимость не предусмотрена
Количество размещаемых выпусков (дополнительных выпусков) ценных бумаг, номинальная стоимость которых выражена в валюте 2
Суммарный объем размещаемых выпусков (дополнительных выпусков) ценных бумаг, номинальная стоимость которых выражена в валюте 2
Код валюты 2
Лицо, осуществляющее функции единоличного исполнительного органа
оператора инвестиционной платформы
(инициалы, фамилия)
акции
облигации
иные
ценные бумаги
-
-
В том числе
Порядок
составления и представления отчета по форме 0420708
“Отчет об осуществлении деятельности
по организации привлечения инвестиций”"	exp0324	5395-У_29012020#0067
131	2	В случае если оператор инвестиционной платформы включен в реестр операторов с определенной даты при этом имеются договоры по предоставлению займов, договоры по приобретению эмиссионных ценных бумаг или договоры по приобретению утилитарных цифровых прав, заключенные до даты включения оператора инвестиционной платформы в реестр операторов, какую дату начала осуществления инвестирования с использованием инвестиционной платформы необходимо указывать в разделе 1 отчета по форме 0420708 «Отчет об осуществлении деятельности по организации привлечения инвестиций» (далее — отчет по форме 0420708), установленной приложением 6 к Указанию Банка России № 5395-У?	5395-У от 29.01.2020	Приложение 6	1–5	"1. Отчет по форме 0420708 “Отчет об осуществлении деятельности по организации привлечения
инвестиций” (далее - Отчет) должен составляться и представляться оператором инвестиционной платформы в следующем составе и в следующие сроки.
Раздел 1 Отчета должен составляться по состоянию на дату заключения первого договора инвестирования с использованием инвестиционной платформы (далее - отчетная дата) и должен представляться
в Банк России не позднее 5 рабочих дней после отчетной даты.
Разделы 2-9 Отчета должны составляться ежеквартально по состоянию на 31 марта, 30 июня, 30 сентября, 31 декабря календарного года (далее - отчетная дата) и должны представляться в Банк России не
позднее 15 рабочих дней после отчетной даты.
2. В случае отсутствия значений показателей в графе (строке) Отчета оператором инвестиционной
платформы должны проставляться ноль для числовых показателей и символ “-” (прочерк) для символьных
показателей (если иное не предусмотрено для составления конкретного раздела Отчета).
3. Используемые для составления Отчета понятия “резидент” и “нерезидент” применяются в значениях,
установленных пунктами 6 и 7 части 1 статьи 1 Федерального закона от 10 декабря 2003 года № 173-ФЗ
“О валютном регулировании и валютном контроле” (Собрание законодательства Российской Федерации,
2003, № 50, ст. 4859; 2019, № 49, ст. 6957).
4. Даты должны указываться оператором инвестиционной платформы в формате “дд.мм.гггг”, где
“дд” - день, “мм” - месяц, “гггг” - год.
5. В случае оказания услуг по привлечению инвестиций и содействию в инвестировании посредством
нескольких инвестиционных платформ разделы 2-7 Отчета должны заполняться оператором инвестиционной платформы по каждой инвестиционной платформе."	exp0324	5395-У_29012020#0069
132	1	Следует ли представлять отчетность, предусмотренную Указанием Банка России от 10.04.2023 № 6406-У, в период осуществления процедуры добровольной ликвидации кредитной организации?	4395-У от 05.06.2017	Приложение 2	1	"1. Отчетность ликвидируемой кредитной организации по форме 0409361 “Сведения о ходе реализации
имущества (активов)” (далее - отчетность 0409361) составляется до дня согласования территориальным
учреждением Банка России (Департаментом надзора за системно значимыми кредитными организациями
Банка России, если им осуществлялся надзор за деятельностью кредитной организации) ликвидационного баланса кредитной организации и представляется в территориальное учреждение Банка России:
подписанная конкурсным управляющим (ликвидатором):
по состоянию на 1 число второго месяца, следующего за месяцем, в котором арбитражным судом принято решение о признании кредитной организации банкротом и утверждении конкурсного управляющего
(вступило в силу решение арбитражного суда о ликвидации кредитной организации и назначении ликвидатора), за период со дня принятия арбитражным судом решения о признании кредитной организации
банкротом и утверждении конкурсного управляющего (вступления в силу решения арбитражного суда о
ликвидации кредитной организации и назначении ликвидатора) до отчетной даты - не позднее 10 рабочего дня, следующего за отчетной датой;
далее - по состоянию на 1 число месяца, следующего за отчетным, - не позднее 10 рабочего дня месяца, следующего за отчетным;
последняя отчетность 0409361 - по состоянию на день согласования территориальным учреждением
Банка России (Департаментом надзора за системно значимыми кредитными организациями Банка России, если им осуществлялся надзор за деятельностью кредитной организации) ликвидационного баланса
кредитной организации - не позднее 10 рабочего дня, следующего за днем согласования ликвидационного баланса;
подписанная председателем ликвидационной комиссии:
по состоянию на 1 число месяца, следующего за месяцем, в котором аннулирована лицензия, за период со дня аннулирования лицензии до отчетной даты - не позднее 10 рабочего дня, следующего за
отчетной датой;
далее - по состоянию на 1 число месяца, следующего за отчетным, - не позднее 10 рабочего дня месяца, следующего за отчетным;
последняя отчетность 0409361 - по состоянию на день согласования территориальным учреждением
Банка России (Департаментом надзора за системно значимыми кредитными организациями Банка России, если им осуществлялся надзор за деятельностью"	exp0325	4395-У_05062017#0053
133	2	Следует ли представлять отчетность, предусмотренную Указанием Банка России от 10.04.2023 № 6406-У, в период осуществления процедуры добровольной ликвидации кредитной организации?	6614-У от 29.11.2023	Приложение	1	"1. Отчетность ликвидируемой кредитной организации по форме 0409359 “Сведения о формировании конкурсной массы, об итогах инвентаризации и оценки имущества (активов)” (далее - отчетность
0409359) составляется конкурсным управляющим (ликвидатором или председателем ликвидационной
комиссии) до дня закрытия корреспондентского счета кредитной организации в Банке России либо
до дня закрытия счета кредитной организации в государственной корпорации “Агентство по страхованию
вкладов” (далее - Агентство), если функции конкурсного управляющего в соответствии с пунктом 1 статьи 18977 Федерального закона от 26 октября 2002 года № 127-ФЗ “О несостоятельности (банкротстве)”
или функции ликвидатора в соответствии с частью второй статьи 232 Федерального закона “О банках
и банковской деятельности” (в редакции Федерального закона от 3 февраля 1996 года № 17-ФЗ) осуществляются Агентством, и представляется в Банк России вместе с отчетностью по форме 0409101 “Оборотная ведомость по счетам бухгалтерского учета кредитной организации” (далее - отчетность 0409101),
установленной приложением 1 к Указанию Банка России от 10 апреля 2023 года № 6406-У “О формах,
сроках, порядке составления и представления отчетности кредитных организаций (банковских групп)
в Центральный банк Российской Федерации, а также о перечне информации о деятельности кредитных
организаций (банковских групп)”1. При этом данные формы отчетности представляются в Банк России:"	exp0325	6614-У_29112023#0020
134	0	Можно ли разрешить не применять иные существенные факторы, предусмотренные Положением № 590-П, связанные с введенными ограничениями и ухудшающие категорию качества по ссудам, при формировании резервов в отношении сделок с ценными бумагами в соответствии с Положением № 611-П?	590-П от 28.06.2017	Глава 3. Оценка кредитного риска по выданной ссуде	3.12.2.3	"№ 26, ст. 3165; № 27, ст. 3254; № 31, ст. 4018; № 32, ст. 4125; № 33,
ст. 4186, ст. 4187, ст. 4188; № 34, ст. 4209; № 36, ст. 4364; № 38, ст. 4510; № 43, ст. 5173, ст. 5175; № 45,
ст. 5463; № 48, ст. 5950, ст. 5953, ст. 5954, ст. 5955; № 49, ст. 6131; № 50, ст. 6254; № 52, ст. 6428; № 53,
ст. 6551, ст. 6552; 2008, № 8, ст. 701; № 9, ст. 821, ст. 822, ст. 826; № 10, ст. 908; № 15, ст. 1525, ст. 1526,
ст. 1528; № 16, ст. 1674; № 17, ст. 1819; № 18, ст. 2004; № 22, ст. 2540, ст. 2543; № 24, ст. 2835, ст. 2836,
ст. 2837; № 28, ст. 3362; № 29, ст. 3475; № 40, ст. 4518, ст. 4521; № 51, ст. 6137; № 52, ст. 6365; 2009, № 10,
ст. 1200; № 11, ст. 1276; № 12, ст. 1406, ст. 1408, ст. 1409; № 19, ст. 2299; № 24, ст. 2921; № 35, ст. 4223;
№ 38, ст. 4457; № 45, ст. 5321, ст. 5322; № 52, ст. 6537; 2010, № 14, ст. 1630; № 15, ст. 1776; № 17, ст. 2056,
ст"	exp0336	590-П_28062017#0040
135	1	Банком России разъяснено, что решения, принятые КО в соответствии с п. 1 информационного письма № ИН-01-23/32, подготавливаются КО самостоятельно на основании комплексного анализа финансово-хозяйственной деятельности заемщика, и должны включать документальное обоснование взаимосвязи ухудшения финансового положения заемщика с действием мер ограничительного характера или их последствиями. С учетом того, что в соответствии с Положением № 590-П финансовое положение заемщика и качество обслуживания долга являются самостоятельными показателями, учитываемыми при формировании резерва на возможные потери по ссудам, просим разъяснить, обязана ли КО при принятии решения о неухудшении финансового положения заемщика и качества обслуживания долга, включать в профессиональное суждение документальное обоснование взаимосвязи ухудшения финансового положения заемщика и качества обслуживания долга с действием мер ограничительного характера или их последствиями?	590-П от 28.06.2017	Глава 3. Оценка кредитного риска по выданной ссуде	3.1.1	"3.1.1. Профессиональное суждение выносится по результатам комплексного и объективного анализа
деятельности заемщика с учетом его финансового положения, качества обслуживания заемщиком долга
по ссуде, а также всей имеющейся в распоряжении кредитной организации информации о заемщике, в
том числе о любых рисках заемщика, включая сведения о внешних обязательствах заемщика, о функционировании рынка (рынков), на котором (которых) работает заемщик. Профессиональное суждение кредитной организации должно содержать:
информацию об уровне кредитного риска по ссуде;
информацию об анализе, по результатам которого вынесено профессиональное суждение;
заключение о результатах оценки финансового положения заемщика, включая обоснование осуществления заемщиком - юридическим лицом реальной деятельности;
заключение о результатах оценки качества обслуживания долга по ссуде;
информацию о наличии иных существенных факторов, учтенных при классификации ссуды или неучтенных с указанием причин, по которым они не были учтены кредитной организацией;
расчет резерва;
иную существенную информацию.
В случае если кредитной организацией будет принято решение о неувеличении фактически сформированного резерва по ссудам физических лиц или индивидуальных предпринимателей, а также ссудам юридических лиц, финансовое положение и (или) качество обслуживания долга, и (или) качество обеспечения
по ссудам которых ухудшилось вследствие чрезвычайной ситуации регионального, межрегионального и
федерального характера, определяемой в соответствии с Федеральным законом от 21 декабря 1994 года
№ 68-ФЗ “О защите населения и территорий от чрезвычайных ситуаций природного и техногенного характера” (Собрание законодательства Российской Федерации, 1994, № 35, ст. 3648; 2002, № 44, ст. 4294;
2004, № 35, ст. 3607; 2006, № 50, ст. 5284; № 52, ст. 5498; 2007, № 45, ст. 5418; 2009, № 1, ст. 17; № 19,
ст. 2274; № 48, ст. 5717; 2010, № 21, ст. 2529; № 31, ст. 4192; 2011, № 1"	exp0339	590-П_28062017#0016
136	0	В соответствии с пп. 3.7.1.2 Положения № 590-П обслуживание долга по ссуде может быть признано хорошим, если имеется случай (имеются случаи) просроченных платежей по основному долгу и (или) процентам в течение последних 180 календарных дней. Просим разъяснить, обязана ли КО оценивать наличие просроченной задолженности по ссудам, реструктурированным на основании Федерального закона № 106-ФЗ, в отношении которых уполномоченным органом управления (органом) КО принято решение о неухудшении качества обслуживания долга, в течение последних 180 календарных дней, указанных в пп. 3.7.1.2 Положения № 590-П, и в случае несоблюдения требований по учету просроченной задолженности формировать по таким ссудам резерв в размере 100%?	199-И от 29.11.2019	Глава 3. Нормативы достаточности капитала банка, рассчитанны	3.3.4.1–3.3.4.2	"3.3.4.1. Кредитные требования и требования по получению начисленных (накопленных) процентов в
части, обеспеченной гарантиями (поручительствами, резервными аккредитивами), а также залогом долговых ценных бумаг (в размере 80 процентов их справедливой стоимости) корпоративных заемщиков
инвестиционного класса, взвешиваются с коэффициентом риска 65 процентов (код 8627).
В случае если с контр­аген­том, предоставившим гарантию, отсутствуют иные договоры, предусматривающие обслуживание долга, контр­аген­т (гарант) может быть отнесен к инвестиционному классу на
основании оценки его финансового положения как хорошего в соответствии с пунк­том 3.3 Положения
Банка России № 590-П при условии, что ценные бумаги гаранта (или его основного общества) допущены
организатором торговли к организованным торгам.
3.3.4.2. Кредитные требования и требования по получению начисленных (накопленных) процентов по
ссудам, по ссудной и приравненной к ней задолженности, предоставленные субъектам МСП, взвешиваются с коэффициентом риска 85 процентов (код 8631) при соблюдении одновременно на дату расчета
нормативов следующих условий:
кредитные требования к указанным заемщикам отнесены к I и II категориям качества в соответствии
с Положением Банка России № 590-П и Положением Банка России № 611-П;
отсутствуют просроченные платежи по основному долгу и процентам по кредитным требованиям
сроком свыше 90 календарных дней на протяжении последних 180 календарных дней, предшествующих
дате расчета нормативов;
выручка заемщика за последний финансовый год не превышает 3,5 млрд рублей по данным официальной отчетности, предусмотренной в приложении 2 к Положению Банка России № 590-П."	exp0341	199-И_29112019#0118
137	1	Можно ли до реализации единого формата кредитной истории (вступления в силу Положения № 758-П) предоставлять наименования некорректных и непредставленных сведений для данного отчета в соответствии со своими внутренними регламентами?	758-П от 11.05.2021		7–10	"7. Бюро в соответствии с частью 59 статьи 5
Федерального закона “О кредитных историях”
обязано приостановить прием кредитной информации от источника и уведомить его о приостановке приема кредитной информации, если
передаваемые источником сведения в отношении
субъекта отвечают признакам недостоверности,
установленным главой 2 приложения 5 к настоящему Положению.
8. В случае если кредитная информация не
отвечает признакам недостоверности, установленным главой 2 приложения 5 к настоящему Положению, либо источником после приостановления
приема кредитной информации предоставлены
достоверные сведения, бюро должно по результатам поиска сформировать кредитную историю
в соответствии с требованиями, установленными
приложением 3 к настоящему Положению к формированию кредитной информации.
9. Настоящее Положение подлежит официальному опубликованию* и в соответствии с решением Совета директоров Банка России (протокол
заседания Совета директоров Банка России от
23 апреля 2021 года № ПСД-9) вступает в силу с
1 января 2022 года.
10. Со дня вступления в силу настоящего Положения признать утратившими силу:
Указание Банка России от 1 декабря 2014 года
№ 3465-У “О составе и порядке формирования
информационной части кредитной истории”, зарегистрированное Министерством юстиции Российской Федерации 29 декабря 2014 года № 35461;
Указание Банка России от 9 сентября 2019 года
№ 5251-У “О правилах присвоения уникального
идентификатора договора (сделки), по обязательствам из которого (из которой) формируется кредитная история”, зарегистрированное Министерством юстиции Российской Федерации 30 октября
2019 года № 56361.
Председатель
Центрального банка
Российской Федерации
Э.С. Набиуллина"	exp0344	758-П_11052021#0003
138	0	Должны ли быть подписаны анкеты лиц, указанных в подпункте 1.7.3 пункта 1.7 Положения Банка России от 29.06.2022 № 798-П, руководителем соискателя лицензии профессионального участника, являющегося кредитной организацией?	748-П от 25.12.2020	Приложение 3		"частником) заявителя (бюро),
входящего в группу лиц, или подпись лица,
действующего на основании учредительных
Основание
документов или доверенности от имени
для включения юридического лица, являющегося акционером
лица в группу лиц
(участником) заявителя (бюро), входящего
в группу лиц, подпись физического лица,
под контролем которого находятся указанные
акционеры (участники) заявителя (бюро),
подпись лица, действующего на основании
учредительных документов или доверенности
от имени юридического лица, под контролем
которого находятся указанные акционеры
(участники) заявителя (бюро)
Сведения об акционерах (участниках) заявителя (бюро), владеющих 10 и менее процентами акций (долей) заявителя (бюро)
и входящих в состав группы лиц, владеющей более 10 процентами акций (долей) заявителя (бюро) (далее - группа лиц),
а также о лицах, под контролем которых находятся указанные акционеры (участники) заявителя (бюро)
Лицо, осуществляющее функции единоличного исполнительного органа заявителя (бюро) (уполномоченное им лицо)
(фамилия, имя, отчество (последнее - при наличии)
(дата, подпись)
1 В случае ответа “Нет” указываются подпункты пункта 2.2 Положения Банка России от 25 декабря 2020 года № 748-П “О требованиях к финансовому положению и деловой репутации акционеров (участников) бюро кредитных историй и лиц, под контролем или значительным влиянием которых находятся акционеры (участники) бюро кредитных историй, ведении Банком России
государственного реестра бюро кредитных историй”, зарегистрированного Министерством юстиции Российской Федерации 17 июня 2021 года № 63904, требованиям которых не соответствует
лицо, входящее в группу лиц."	exp0346	748-П_25122020#0081
139	1	Должны ли быть подписаны анкеты лиц, указанных в подпункте 1.7.3 пункта 1.7 Положения Банка России от 29.06.2022 № 798-П, руководителем соискателя лицензии профессионального участника, являющегося кредитной организацией?	798-П от 29.06.2022	Глава 1. Документы, представляемые	1.7.2.6	"доверенности от имени юридического лица, и дата
подписания им анкеты (в отношении юридического
лица);
наименование должности, фамилия, имя, отчество (последнее - при наличии), а также подпись
лица, осуществляющего функции единоличного
исполнительного органа (иного уполномоченного
им лица) соискателя лицензии УК, и дата подписания им анкеты."	exp0346	798-П_29062022#0030
140	1	как цб управляет объемом ликвидности банковского сектора	199-И от 29.11.2019	Глава 5. Нормативы ликвидности банка	5.1	"5.1. В целях контроля за состоянием ликвидности банка, то есть его способности обеспечить своевременное и полное выполнение своих денежных и иных обязательств, вытекающих из сделок с использованием финансовых инструментов, устанавливаются нормативы мгновенной, текущей, долгосрочной
ликвидности, которые регулируют (ограничивают) риски потери банком ликвидности и определяются
как отношение между активами и пассивами с учетом сроков, сумм и типов активов и пассивов, других
факторов."	man0000	199-И_29112019#0147
141	2	от чего зависит объем ликвидности банков	180-И от 28.06.2017	Глава 4. Нормативы ликвидности банка	4.2	"4.2. Норматив мгновенной ликвидности банка (Н2) регулирует (ограничивает) риск потери банком ликвидности в течение одного операционного дня и определяет минимальное отношение суммы высоколиквидных активов банка к сумме обязательств (пассивов) банка по счетам до востребования, скорректированных на величину минимального совокупного остатка средств по счетам физических и юридических
лиц до востребования, определяемую в порядке, установленном пунктом 4.6 настоящей Инструкции. Норматив мгновенной ликвидности банка (Н2) рассчитывается по формуле:
H2 =
Лам
× 100% ≥ 15%,
Овм - Овм*
где:
Лам - высоколиквидные активы, то есть финансовые активы, которые должны быть получены в течение ближайшего календарного дня, и (или) могут быть незамедлительно востребованы банком, и (или) в
случае необходимости могут быть реализованы банком в целях незамедлительного получения денежных
средств, в том числе средства на корреспондентских счетах банка в Банке России, в банках-резидентах,
во Внешэкономбанке, в банках стран, имеющих страновые оценки “0”, “1”, или стран с высоким уровнем
доходов, являющихся членами ОЭСР и (или) Еврозоны, в банках стран БРИКС, имеющих страновую оценку “2”, в Международном банке реконструкции и развития, Международной финансовой корпорации и
Европейском банке реконструкции и развития, средства в кассе банка. Показатель Лам рассчитывается
как сумма остатков на счетах №№ 30210, 30235, 30413, 30416, 30417 и кодов 8720, 8742, 8894, 8895, 8910,
8921, 8962, 8967, 8969, 8972, уменьшенная на значение кода 8701;
Овм - обязательства (пассивы) по счетам до востребования, по которым вкладчиком и (или) кредитором может быть предъявлено требование об их незамедлительном погашении. Показатель Овм рассчитывается как сумма остатков на счетах №№ 301П - 30126, 30220, 30222, 30223, (30227"	man0001	180-И_28062017#0086
142	0	в какие сроки можно обратиться за получением страхового возмещения после отзыва лицензии у банка	5884-У от 16.08.2021	Глава 3. Порядок и сроки получения дубликата	3.3–3.4	"3.3. Банк России должен принять решение о
предоставлении субъекту страхового дела (за исключением иностранной страховой организации)
дубликата лицензии на осуществление страховой
деятельности в срок, не превышающий 10 рабочих
дней со дня получения Банком России документов,
предусмотренных пунктом 3.1 настоящего Указания.
3.4. Банк России должен направить субъекту
страхового дела (за исключением иностранной
страховой организации) уведомление о принятом
Банком России решении о предоставлении субъекту страхового дела (за исключением иностранной
страховой организации) дубликата лицензии на
осуществление страховой деятельности вместе с
выпиской из единого государственного реестра
субъектов страхового дела в течение 5 рабочих
дней со дня принятия Банком России указанного
в настоящем пункте решения."	man0003	5884-У_16082021#0007
143	2	с какого числа года или месяца кредитные организации могут пересчитать обязательные резервы	3978-У от 09.03.2016		2–3	"2. Настоящее Указание подлежит официальному опубликованию1 и вступает в силу с 1 апреля
2016 года.
3. Нормативы обязательных резервов, указанные в подпункте 1.1 пункта 1 настоящего Указания,
применяются начиная с регулирования размера
обязательных резервов кредитных организаций за
отчетный период с 1 апреля по 1 мая 2016 года."	man0004	3978-У_09032016#0005
144	2	с какого числа года или месяца кредитные организации могут пересчитать обязательные резервы	4253-У от 27.12.2016		1.2–3	"1.2. Коэффициент усреднения обязательных
резервов, применяемый для расчета усредненной
величины обязательных резервов, не изменяется и
составляет:
для банков - 0,8;
для небанковских кредитных организаций - 1,0.
Кредитные организации, указанные в настоящем подпункте, вправе рассчитывать усредненную
величину обязательных резервов на каждый очередной период усреднения с применением коэффициента усреднения, не превышающего 0,8 и 1,0
соответственно.
2. Настоящее Указание подлежит официальному опубликованию и вступает в силу с 1 января
2017 года.
3. Нормативы обязательных резервов, указанные в подпункте 1.1 пункта 1 настоящего Указания,
применяются начиная с регулирования размера
обязательных резервов кредитных организаций за
январь 2017 года."	man0004	4253-У_27122016#0001
145	0	для чего  нужен цифровой рубль и будут ли следить за моими счетами	579-П от 27.02.2017	Приложение	9.6	"9.6. Назначение счета - учет сертификатов, бланков и ценных бумаг, находящихся в пути, отосланных и
выданных под отчет. Учет ценных бумаг и сертификатов ведется по их номинальной стоимости, бланков -
в условной оценке 1 рубль за 1 бланк. Счет активный.
По дебету счета проводятся суммы сертификатов, бланков и ценных бумаг, находящихся в пути, отосланных в подведомственные учреждения и выданных под отчет, в корреспонденции со счетами № 90701,
№ 90801, № 90802, № 90803 и № 90805.
По кредиту счета списываются суммы:
полученных и оприходованных подведомственными учреждениями сертификатов, бланков и ценных
бумаг на основании ответных документов или извещений об этом в корреспонденции со счетом № 99999;
бланков распространенных подотчетными лицами ценных бумаг на основании представленных авансовых отчетов в корреспонденции со счетом № 99999;
при возврате неиспользованных бланков в корреспонденции со счетами № 90701, № 90801, № 90802,
№ 90803 и № 90805.
Аналитический учет ведется на лицевых счетах, открываемых в разрезе сертификатов, бланков и ценных бумаг адресатам, которым они отправлены, и подотчетным лицам, которым они выданы.
Счет № 90706 “ Ценные бумаги, выпущенные клиринговой организацией -
центральным контрагентом”"	man0005	579-П_27022017#0324
146	1	особенности расчета мпл в отношении ипотечных кредитов	199-И от 29.11.2019	Глава 3. Нормативы достаточности капитала банка, рассчитанны	3.3.7.1	"3.3.7.1. Требования по ипотечным ссудам, предоставленным физическим лицам на приобретение жилого помещения, определенные в соответствии с подпунк­том 2.3.23 пунк­та 2.3 настоящей Инструкции,
по которым исполнение обязательств заемщика обеспечено залогом жилого помещения, включаются в
расчет нормативов с коэффициентами риска, установленными в таблице 6 настоящего подпунк­та, в зависимости от значения показателей соотношения величины основного долга по ссуде и справедливой
стоимости предмета залога (ОД/СЗ) и соотношения совокупного годового дохода заемщика (членов его
семьи, определенных статьей 2 Семейного кодекса Российской Федерации (Собрание законодательства
Российской Федерации, 1996, № 1, ст. 16; 2016, № 1, ст. 77) (далее - члены семьи) и совокупной годовой
суммы платежей (основной долг и проценты) (ДЗ/СП) на дату выдачи ссуды либо на дату расчета обязательных нормативов при соблюдении следующих условий:
ссуда не превышает 50 млн рублей (величина основного долга);
завершена государственная регистрация договора ипотеки (ипотеки) жилого помещения в Едином
государственном реестре недвижимости;
заложенное имущество застраховано на величину не ниже суммы обеспеченного ипотекой обязательства в соответствии со статьей 31 Федерального закона “Об ипотеке (залоге недвижимости)”.
Совокупная годовая сумма платежей рассчитывается по всем имеющимся у заемщика кредитам и
договорам займа, в том числе заключенным заемщиком (созаемщиком) с другими кредиторами (заимодавцами), а также по договорам, по которым заемщик выступает поручителем.
При определении совокупного годового дохода заемщика учитываются все виды доходов, полученных
заемщиком из различных источников за период, равный 12 календарным месяцам.
ТАБЛИЦА 6
№ п/п
Показатель
Соотношение величины основного долга по ссуде и справедливой
стоимости предмета залога ОД/СЗ, в процентах
Соотношение совокупного"	man0008	199-И_29112019#0125
147	0	особенности расчета мпл в отношении ипотечных кредитов	4795-У от 15.05.2018		1–1.1	"1. Примерный размер среднемесячного платежа
заемщика по договору, обеспеченному ипотекой,
должен рассчитываться исходя из условий договора, обеспеченного ипотекой, на дату его заключения. Примерный размер среднемесячного платежа
заемщика по договору, обеспеченному ипотекой,
должен рассчитываться как отношение суммы
платежей заемщика, указанных в пунктах 1-7 части 4 статьи 6 Федерального закона от 21 декабря
2013 года № 353-ФЗ, включая платежи, осуществленные заемщиком до даты заключения договора,
обеспеченного ипотекой, и страховой премии, уплачиваемой заемщиком в пользу страховой организации при страховании предмета залога по договору
залога, обеспечивающему требования к заемщику по договору, обеспеченному ипотекой (далее -
страховая премия), если указанная страховая премия не была учтена в составе платежей, указанных
в пунктах 6 или 7 части 4 статьи 6 Федерального
закона от 21 декабря 2013 года № 353-ФЗ, к количеству полных месяцев, в течение которых действует договор, обеспеченный ипотекой.
1.1. Для целей расчета примерного размера
среднемесячного платежа заемщика по договору,
обеспеченному ипотекой, полный месяц исчисляется с числа месяца заключения договора, обеспеченного ипотекой. В случае если истечение полного
месяца приходится на число, отсутствующее в этом
месяце, то за дату окончания полного месяца принимается последний день такого месяца."	man0008	4795-У_15052018#0001
148	2	особенности расчета мпл в отношении ипотечных кредитов	6993-У от 03.02.2025	Глава 3. Порядок применения	3.1	"3.1. Значение макропруденциального лимита
в отношении кредитов, обеспеченных ипотекой,
указанных в подпункте 1.1.2 пункта 1.1 настоящего
Указания, предоставленных и (или) полученных
кредитной организацией в качестве прав (требований) к физическим лицам в течение отчетного
квартала (МПЛ3_i), рассчитывается по формуле:
МПЛ3_i =
ИКФЛ1_i + ИКФЛ2_i
V
× 100%,
где:
V - объем кредитов, обеспеченных ипотекой,
указанных в подпункте 1.1.2 пункта 1.1 настоящего
Указания, определяемый как сумма значений показателей ИКФЛ3_i и ИКФЛ4_i, в случае если решением
Совета директоров макропруденциальный лимит
установлен в общем объеме каждого из видов
кредитов, обеспеченных ипотекой, указанных
в подпункте 1.1.2 пункта 1.1 настоящего Указания,
предоставленных кредитной организацией физическим лицам и полученных кредитной организацией в качестве прав (требований) к физическим
лицам, и (или)
V - объем всех кредитов (займов), предоставленных кредитной организацией физическим
лицам и юридическим лицам и полученных кредитной организацией в качестве прав (требований)
к физическим лицам и юридическим лицам, определяемый как сумма значений показателей ОКФЛ,
ОКЮЛ, ОКФЛ1, ОКЮЛ1, в случае если решением
Совета директоров макропруденциальный лимит
установлен в общем объеме кредитов (займов),
предоставленных кредитной организацией физическим лицам и юридическим лицам и полученных
кредитной организацией в качестве прав (требований) к физическим лицам и юридическим лицам;"	man0008	6993-У_03022025#0029
149	0	на каких счетах бухгалтерского учета необходимо отражать суммы резервов по уокх	508-П от 03.12.2015	Глава 2. Порядок бухгалтерского учета	2.9	"2.9. Резерв - оценочное обязательство должен
пересматриваться ежеквартально не позднее последнего дня соответствующего квартала.
Если по результатам пересмотра необходимо
скорректировать ранее признанный резерв - оценочное обязательство, то формируются бухгалтерские записи:
в случае увеличения резерва - оценочного обязательства, в том числе в связи с применением
дисконтирования в соответствии с пунктом 2.7 настоящего Положения:
Дебет счета № 71802 “Расходы, связанные с
обеспечением деятельности” (в ОФР по символам
55501 “Отчисления в резервы - оценочные обязательства некредитного характера: по прочим
резервам - оценочным обязательствам некредитного характера”, 55502 “Отчисления в резервы -
оценочные обязательства некредитного характера: по выплате вознаграждений управляющей
компании”, 55503 “Отчисления в резервы - оценочные обязательства некредитного характера:
по налоговым претензиям”, 55504 “Отчисления в
резервы - оценочные обязательства некредитного характера: по судебным искам”, 55505 “Отчисления в резервы - оценочные обязательства некредитного характера: корректировка на разницу
между резервом, рассчитанным с применением
ставки дисконтирования, на начало и конец отчетного периода”)
Кредит счета № 61501 “Резервы - оценочные обязательства некредитного характера” или
№ 61502 “Резервы - оценочные обязательства по
выплате вознаграждений”, или № 61503 “Резервы - оценочные обязательства по налоговым претензиям”, или № 61504 “Резервы - оценочные обязательства по судебным искам”;
в случае восстановления (уменьшения) резерва - оценочного обязательства:
Дебет счета № 61501 “Резервы - оценочные обязательства некредитного характера” или № 61502
“Резервы - оценочные обязательства по выплате
вознаграждений”, или № 61503 “Резервы - оценочные обязательства по налоговым претензиям”, или
№ 61504 “Резервы"	man0009	508-П_03122015#0014
150	0	обязательно страховать имущество при получении кредита или нет	5704-У от 11.01.2021	Приложение 2		"удостоверяющем личность
удостоверяющего личность
Серия документа,
Обязательно включается в запрос, если содержится в запросе
удостоверяющего личность
пользователя кредитной истории
Номер документа,
Обязательно включаются в запрос
удостоверяющего личность
Дата выдачи документа,
удостоверяющего личность
Сведения о предыдущем
Код вида документа,
Обязательно включаются в запрос сведения обо всех
документе, удостоверяющем удостоверяющего личность
предыдущих документах, удостоверявших личность,
личность
содержащихся в запросе пользователя кредитной истории
Серия документа,
удостоверяющего личность
Номер документа,
удостоверяющего личность
Дата выдачи документа,
удостоверяющего личность
Сведения
ИНН
Обязательно включается в запрос, если содержится в запросе
об идентификационном
пользователя кредитной истории
номере налогоплательщика
Сведения о страховом номере СНИЛС
Обязательно включается в запрос, если содержится в запросе
индивидуального лицевого
пользователя кредитной истории
счета
1 Реквизиты формируются аналогично сведениям, входящим в кредитную историю субъекта кредитной истории.
2.1
Сведения о пользователе
кредитной истории
2.2
Сведения о цели запроса
2.3
Сведения об обязательстве,
в соответствии с которым
сделан запрос
Официальные документы
Информация о запросе пользователя
Полное наименование
Обязательно включаются в запрос
юридического лица
ОГРН
ИНН
Код цели
Обязательно включается в запрос
Иная цель
Обязательно включается в запрос, если содержится в запросе
пользователя кредитной истории
Сумма обязательства
Обязательно включаются в запрос, если содержатся в запросе
пользователя кредитной истории
Валюта обязательства
Официальные документы"	man0010	5704-У_11012021#0015
