query_id	chunk_id	otsenka_0_1_2	syroy_otvet
exp0012	6037-У_24122021#0025	0	0
exp0012	4927-У_08102018#0599	0	0
exp0012	6044-У_28122021#0033	0	0
exp0012	6406-У_10042023#0529	1	1
exp0012	4927-У_08102018#0164	1	1
exp0012	5215-У_22072019#0036	0	0
exp0012	6411-У_17042023#0034	1	1
exp0012	6044-У_28122021#0016	0	0
exp0012	6406-У_10042023#1802	1	1
exp0012	6043-У_28122021#0036	0	0
exp0012	6406-У_10042023#1806	1	1
exp0012	4927-У_08102018#0328	1	1
exp0012	6411-У_17042023#0053	1	1
exp0012	4927-У_08102018#0172	0	0
exp0013	4892-У_31082018#0019	0	0
exp0013	3-МР_14022020#0000	0	0
exp0013	4892-У_31082018#0030	0	0
exp0013	4892-У_31082018#0018	0	0
exp0013	4892-У_31082018#0020	0	0
exp0013	4892-У_31082018#0046	0	0
exp0013	4892-У_31082018#0023	0	0
exp0013	4892-У_31082018#0021	0	0
exp0013	5-МР_20042022#0001	0	0
exp0013	6411-У_17042023#0045	0	0
exp0013	6411-У_17042023#0027	0	0
exp0013	6406-У_10042023#1802	0	0
exp0013	5123-У_09042019#0037	0	0
exp0013	6411-У_17042023#0046	0	0
exp0014	845-П_02112024#0025	1	1
exp0014	483-П_06082015#0083	0	0
exp0014	845-П_02112024#0200	0	0
exp0014	6445-У_13062023#0089	0	0
exp0014	845-П_02112024#0110	0	0
exp0014	483-П_06082015#0060	0	0
exp0014	845-П_02112024#0155	1	1
exp0014	483-П_06082015#0080	0	0
exp0014	845-П_02112024#0156	1	1
exp0014	32-МР_18122017#0019	0	0
exp0014	845-П_02112024#0161	1	1
exp0014	483-П_06082015#0079	1	1
exp0014	845-П_02112024#0153	0	0
exp0014	483-П_06082015#0085	1	1
exp0015	6445-У_13062023#0001	0	0
exp0015	4892-У_31082018#0021	0	0
exp0015	4892-У_31082018#0046	1	1
exp0015	4892-У_31082018#0047	0	0
exp0015	483-П_06082015#0010	0	0
exp0015	5115-У_02042019#0052	0	0
exp0015	5072-У_12022019#0003	1	1
exp0015	4892-У_31082018#0042	0	0
exp0015	5072-У_12022019#0005	0	0
exp0015	845-П_02112024#0104	1	1
exp0015	4892-У_31082018#0068	0	0
exp0015	483-П_06082015#0008	0	0
exp0015	845-П_02112024#0003	1	1
exp0015	4892-У_31082018#0015	1	1
exp0016	4927-У_08102018#1312	0	0
exp0016	4927-У_08102018#0044	0	0
exp0016	4927-У_08102018#0713	0	0
exp0016	4927-У_08102018#0858	0	0
exp0016	4927-У_08102018#1465	0	0
exp0016	4966-У_12112018#0002	0	0
exp0016	4927-У_08102018#0927	0	0
exp0016	3-МР_14022020#0002	0	0
exp0016	3-МР_14022020#0004	0	0
exp0016	5123-У_09042019#0037	0	0
exp0016	6411-У_17042023#0027	0	0
exp0016	5123-У_09042019#0038	0	0
exp0016	3-МР_14022020#0000	1	1
exp0016	4966-У_12112018#0000	0	0
exp0017	809-П_24112022#0238	0	0
exp0017	4927-У_08102018#0612	0	0
exp0017	4927-У_08102018#0062	0	0
exp0017	579-П_27022017#0216	0	0
exp0017	579-П_27022017#0217	0	0
exp0017	4212-У_24112016#0531	0	0
exp0017	4212-У_24112016#0087	0	0
exp0017	579-П_27022017#0215	0	0
exp0017	4927-У_08102018#0658	1	1
exp0017	6579-У_16102023#0042	1	1
exp0017	605-П_02102017#0053	1	1
exp0017	4927-У_08102018#0063	0	0
exp0017	6406-У_10042023#1258	0	0
exp0017	6406-У_10042023#1799	1	1
exp0018	6406-У_10042023#1803	0	0
exp0018	3-МР_14022020#0002	0	0
exp0018	6044-У_28122021#0015	0	0
exp0018	4892-У_31082018#0018	0	0
exp0018	6411-У_17042023#0079	0	0
exp0018	6579-У_16102023#0061	0	0
exp0018	6411-У_17042023#0025	0	0
exp0018	3-МР_14022020#0000	0	0
exp0018	5123-У_09042019#0038	0	0
exp0018	6406-У_10042023#1802	0	0
exp0018	6411-У_17042023#0034	1	1
exp0018	4212-У_24112016#1280	0	0
exp0018	5114-У_02042019#0036	0	0
exp0018	3-МР_14022020#0001	0	0
exp0019	6828-У_19082024#0032	0	0
exp0019	6828-У_19082024#0004	0	0
exp0019	4926-У_08102018#0022	0	0
exp0019	6354-У_09012023#0020	0	0
exp0019	6060-У_12012022#0031	0	0
exp0019	6470-У_27062023#0049	0	0
exp0019	6351-У_09012023#0001	0	0
exp0019	6354-У_09012023#0013	0	0
exp0019	4926-У_08102018#0004	0	0
exp0019	6060-У_12012022#0025	0	0
exp0019	6470-У_27062023#0043	0	0
exp0019	6470-У_27062023#0048	0	0
exp0019	6354-У_09012023#0011	0	0
exp0019	6060-У_12012022#0033	0	0
exp0020	488-П_02092015#0035	1	1
exp0020	494-П_01102015#0025	1	1
exp0020	810-П_24112022#0073	1	1
exp0020	726-П_29062020#0008	1	1
exp0020	713-П_24032020#0124	0	0
exp0020	605-П_02102017#0102	0	0
exp0020	793-П_25042022#0028	1	1
exp0020	488-П_02092015#0157	0	0
exp0020	810-П_24112022#0041	1	1
exp0020	612-П_25102017#0249	1	1
exp0020	605-П_02102017#0103	0	0
exp0020	7027-У_31032025#0020	1	1
exp0020	7206-У_10102025#0014	1	1
exp0020	793-П_25042022#0023	1	1
exp0021	813-П_09012023#0007	0	0
exp0021	876-П_03122025#0164	0	0
exp0021	3462-У_30112014#0050	0	0
exp0021	762-П_29062021#0074	0	0
exp0021	732-П_24092020#0138	0	0
exp0021	3462-У_30112014#0053	0	0
exp0021	762-П_29062021#0109	0	0
exp0021	762-П_29062021#0115	0	0
exp0021	595-П_06072017#0115	0	0
exp0021	3498-У_18122014#0021	0	0
exp0021	762-П_29062021#0086	0	0
exp0021	762-П_29062021#0107	0	0
exp0021	735-П_06102020#0004	0	0
exp0021	762-П_29062021#0113	0	0
exp0022	487-П_02092015#0039	1	1
exp0022	487-П_02092015#0030	0	0
exp0022	446-П_22122014#0056	2	2
exp0022	446-П_22122014#0052	0	0
exp0022	446-П_22122014#0031	0	0
exp0022	487-П_02092015#0032	0	0
exp0022	446-П_22122014#0055	2	2
exp0022	726-П_29062020#0028	0	0
exp0022	810-П_24112022#0051	2	2
exp0022	6411-У_17042023#0008	0	0
exp0022	6411-У_17042023#0009	0	0
exp0022	487-П_02092015#0285	0	0
exp0022	6411-У_17042023#0007	1	1
exp0022	6504-У_14082023#0003	0	0
exp0023	4015-У_13052016#0025	0	0
exp0023	6470-У_27062023#0051	0	0
exp0023	821-П_17082023#0044	0	0
exp0023	821-П_17082023#0006	0	0
exp0023	6828-У_19082024#0008	0	0
exp0023	6354-У_09012023#0005	0	0
exp0023	4443-У_03072017#0001	0	0
exp0023	5325-У_21112019#0009	0	0
exp0023	6470-У_27062023#0038	0	0
exp0023	5365-У_23122019#0001	0	0
exp0023	5365-У_23122019#0002	0	0
exp0023	719-П_04062020#0018	0	0
exp0023	6828-У_19082024#0004	0	0
exp0023	5142-У_13052019#0020	0	0
exp0024	544-П_19052016#0013	0	0
exp0024	3462-У_30112014#0055	0	0
exp0024	544-П_19052016#0047	1	1
exp0024	813-П_09012023#0002	0	0
exp0024	813-П_09012023#0028	0	0
exp0024	7001-У_27022025#0001	0	0
exp0024	5749-У_03032021#0003	0	0
exp0024	544-П_19052016#0036	1	1
exp0024	813-П_09012023#0023	0	0
exp0024	204-И_30062021#0030	0	0
exp0024	3462-У_30112014#0048	0	0
exp0024	704-П_04122019#0019	0	0
exp0024	3462-У_30112014#0050	0	0
exp0024	544-П_19052016#0014	0	0
exp0025	526-П_28122015#0255	0	0
exp0025	490-П_04092015#0073	0	0
exp0025	810-П_24112022#0017	0	0
exp0025	415-П_18022014#0062	0	0
exp0025	6406-У_10042023#2156	0	0
exp0025	613-П_25102017#0071	0	0
exp0025	612-П_25102017#0445	0	0
exp0025	11-МР_20042015#0031	0	0
exp0025	5010-У_14122018#0045	0	0
exp0025	5-МР_18022016#0031	0	0
exp0025	527-П_28122015#0199	0	0
exp0025	5-МР_18022016#0009	0	0
exp0025	4212-У_24112016#0656	0	0
exp0025	7092-У_19062025#0336	0	0
exp0026	4212-У_24112016#0556	0	0
exp0026	3743-У_28072015#0008	0	0
exp0026	6504-У_14082023#0022	0	0
exp0026	6406-У_10042023#0705	0	0
exp0026	605-П_02102017#0073	1	1
exp0026	220-И_26052025#0257	0	0
exp0026	6411-У_17042023#0011	0	0
exp0026	4212-У_24112016#0323	0	0
exp0026	579-П_27022017#0342	0	0
exp0026	878-П_12012026#0040	0	0
exp0026	4927-У_08102018#0642	0	0
exp0026	486-П_02092015#0376	0	0
exp0026	7208-У_10102025#0068	0	0
exp0026	4131-У_08092016#0027	0	0
exp0027	810-П_24112022#0086	0	0
exp0027	446-П_22122014#0152	1	1
exp0027	809-П_24112022#0670	0	0
exp0027	494-П_01102015#0070	1	1
exp0027	606-П_02102017#0062	1	1
exp0027	579-П_27022017#0587	1	1
exp0027	579-П_27022017#0590	1	1
exp0027	446-П_22122014#0090	0	0
exp0027	446-П_22122014#0091	0	0
exp0027	809-П_24112022#0673	0	0
exp0027	446-П_22122014#0089	0	0
exp0027	606-П_02102017#0042	1	1
exp0027	446-П_22122014#0154	0	0
exp0027	446-П_22122014#0092	0	0
exp0028	4927-У_08102018#0779	0	0
exp0028	638-П_28032018#0004	0	0
exp0028	419-П_17042014#0002	0	0
exp0028	758-П_11052021#0103	0	0
exp0028	419-П_17042014#0005	0	0
exp0028	755-П_04032021#0037	0	0
exp0028	876-П_03122025#0113	0	0
exp0028	755-П_04032021#0036	0	0
exp0028	4927-У_08102018#0790	0	0
exp0028	419-П_17042014#0003	0	0
exp0028	755-П_04032021#0035	0	0
exp0028	4926-У_08102018#0056	0	0
exp0028	6406-У_10042023#1406	0	0
exp0028	6004-У_06122021#0005	0	0
exp0029	204-И_30062021#0003	0	0
exp0029	6406-У_10042023#0550	0	0
exp0029	4015-У_13052016#0023	0	0
exp0029	153-И_30052014#0024	0	0
exp0029	809-П_24112022#0214	0	0
exp0029	153-И_30052014#0037	0	0
exp0029	204-И_30062021#0001	0	0
exp0029	204-И_30062021#0025	0	0
exp0029	204-И_30062021#0005	0	0
exp0029	153-И_30052014#0025	0	0
exp0029	204-И_30062021#0006	0	0
exp0029	5345-У_06122019#0004	0	0
exp0029	153-И_30052014#0004	0	0
exp0029	6406-У_10042023#0574	0	0
exp0030	5420-У_24032020#0004	0	0
exp0030	5420-У_24032020#0014	1	1
exp0030	5420-У_24032020#0013	0	0
exp0030	5633-У_25112020#0008	1	1
exp0030	590-П_28062017#0028	0	0
exp0030	3670-У_10062015#0015	1	1
exp0030	3670-У_10062015#0017	0	0
exp0030	5428-У_03042020#0006	0	0
exp0030	1-ОР_30092020#0010	1	1
exp0030	758-П_11052021#0102	1	1
exp0030	590-П_28062017#0033	1	1
exp0030	5420-У_24032020#0005	1	1
exp0030	5510-У_20072020#0022	1	1
exp0030	1-ОР_30092020#0009	1	1
exp0031	777-П_26102021#0067	0	0
exp0031	777-П_26102021#0349	0	0
exp0031	7167-У_11092025#0021	0	0
exp0031	612-П_25102017#0165	0	0
exp0031	612-П_25102017#0119	0	0
exp0031	7092-У_19062025#0529	0	0
exp0031	777-П_26102021#0068	0	0
exp0031	810-П_24112022#0038	0	0
exp0031	873-П_10102025#0282	0	0
exp0031	777-П_26102021#0351	0	0
exp0031	494-П_01102015#0068	0	0
exp0031	7167-У_11092025#0022	0	0
exp0031	487-П_02092015#0032	0	0
exp0031	7167-У_11092025#0036	0	0
exp0032	525-П_28122015#0021	1	1
exp0032	3624-У_15042015#0051	1	1
exp0032	525-П_28122015#0018	0	0
exp0032	496-П_05102015#0019	1	1
exp0032	3876-У_03122015#0008	0	0
exp0032	496-П_05102015#0034	1	1
exp0032	496-П_05102015#0046	1	1
exp0032	496-П_05102015#0031	1	1
exp0032	496-П_05102015#0018	2	2
exp0032	496-П_05102015#0023	0	0
exp0032	873-П_10102025#0191	0	0
exp0032	496-П_05102015#0038	1	1
exp0032	617-П_21112017#0018	1	1
exp0032	617-П_21112017#0005	1	1
exp0033	813-П_09012023#0007	0	0
exp0033	563-П_05122016#0072	0	0
exp0033	732-П_24092020#0139	0	0
exp0033	704-П_04122019#0019	0	0
exp0033	813-П_09012023#0017	0	0
exp0033	810-П_24112022#0082	0	0
exp0033	704-П_04122019#0050	0	0
exp0033	4927-У_08102018#1128	0	0
exp0033	810-П_24112022#0062	0	0
exp0033	735-П_06102020#0004	1	1
exp0033	781-П_16112021#0156	0	0
exp0033	4104-У_16082016#0067	0	0
exp0033	735-П_06102020#0009	0	0
exp0033	704-П_04122019#0057	0	0
exp0034	5337-У_02122019#0000	0	0
exp0034	5342-У_04122019#0021	0	0
exp0034	5395-У_29012020#0088	0	0
exp0034	5395-У_29012020#0069	0	0
exp0034	5395-У_29012020#0056	0	0
exp0034	6406-У_10042023#2455	0	0
exp0034	5395-У_29012020#0002	1	1
exp0034	5395-У_29012020#0054	1	1
exp0034	5395-У_29012020#0055	1	1
exp0034	5395-У_29012020#0058	1	1
exp0034	5395-У_29012020#0001	1	1
exp0034	5395-У_29012020#0015	0	0
exp0034	5395-У_29012020#0096	0	0
exp0034	5395-У_29012020#0087	0	0
exp0035	6139-У_17052022#0008	0	0
exp0035	6960-У_16122024#0044	0	0
exp0035	5790-У_11052021#0002	0	0
exp0035	5350-У_10122019#0003	0	0
exp0035	6579-У_16102023#0022	0	0
exp0035	5814-У_09062021#0051	0	0
exp0035	6139-У_17052022#0009	0	0
exp0035	6139-У_17052022#0010	0	0
exp0035	3240-У_23042014#0001	0	0
exp0035	5515-У_28072020#0030	0	0
exp0035	6579-У_16102023#0014	0	0
exp0035	6044-У_28122021#0037	0	0
exp0035	6043-У_28122021#0040	0	0
exp0035	5806-У_31052021#0019	0	0
exp0036	221-И_26052025#0007	0	0
exp0036	180-И_28062017#0006	1	1
exp0036	864-П_31072025#0035	0	0
exp0036	3453-У_25112014#0001	1	1
exp0036	213-И_10012024#0052	1	1
exp0036	220-И_26052025#0008	1	1
exp0036	4391-У_29052017#0004	0	0
exp0036	864-П_31072025#0034	1	1
exp0036	221-И_26052025#0006	1	1
exp0036	220-И_26052025#0009	0	0
exp0036	199-И_29112019#0005	1	1
exp0036	4212-У_24112016#0160	0	0
exp0036	199-И_29112019#0006	1	1
exp0036	221-И_26052025#0021	0	0
exp0037	570-П_26122016#0013	0	0
exp0037	570-П_26122016#0015	0	0
exp0037	148-И_27122013#0030	0	0
exp0037	6406-У_10042023#1153	0	0
exp0037	714-П_27032020#0564	0	0
exp0037	868-П_23092025#0170	0	0
exp0037	48-МР_26122016#0028	0	0
exp0037	4892-У_31082018#0058	0	0
exp0037	148-И_27122013#0250	0	0
exp0037	570-П_26122016#0011	0	0
exp0037	6406-У_10042023#1154	0	0
exp0037	199-И_29112019#0259	0	0
exp0037	6406-У_10042023#1169	0	0
exp0037	6406-У_10042023#1164	0	0
exp0038	4212-У_24112016#0630	0	0
exp0038	6406-У_10042023#1812	1	1
exp0038	527-П_28122015#0134	0	0
exp0038	6406-У_10042023#1358	0	0
exp0038	6744-У_10062024#0103	0	0
exp0038	6869-У_27092024#0029	0	0
exp0038	7208-У_10102025#0020	0	0
exp0038	6406-У_10042023#1813	1	1
exp0038	604-П_02102017#0025	1	1
exp0038	527-П_28122015#0192	0	0
exp0038	6406-У_10042023#2066	1	1
exp0038	4383-У_24052017#0061	0	0
exp0038	4927-У_08102018#0748	0	0
exp0038	6869-У_27092024#0030	0	0
exp0039	6406-У_10042023#1301	0	0
exp0039	4927-У_08102018#0747	1	1
exp0039	486-П_02092015#0385	0	0
exp0039	579-П_27022017#0356	1	1
exp0039	809-П_24112022#0394	1	1
exp0039	486-П_02092015#0384	1	1
exp0039	488-П_02092015#0003	0	0
exp0039	810-П_24112022#0008	1	1
exp0039	421-П_30052014#0006	0	0
exp0039	803-П_01082022#0448	0	0
exp0039	6406-У_10042023#1359	2	2
exp0039	579-П_27022017#0220	0	0
exp0039	446-П_22122014#0011	1	1
exp0039	6406-У_10042023#1300	1	1
exp0041	605-П_02102017#0090	0	0
exp0041	605-П_02102017#0122	1	1
exp0041	579-П_27022017#0217	0	0
exp0041	605-П_02102017#0048	1	1
exp0041	579-П_27022017#0621	0	0
exp0041	604-П_02102017#0024	0	0
exp0041	612-П_25102017#0203	0	0
exp0041	605-П_02102017#0100	0	0
exp0041	605-П_02102017#0116	0	0
exp0041	809-П_24112022#0277	0	0
exp0041	605-П_02102017#0054	0	0
exp0041	605-П_02102017#0013	0	0
exp0041	873-П_10102025#0038	0	0
exp0041	809-П_24112022#0262	0	0
exp0042	5428-У_03042020#0004	0	0
exp0042	758-П_11052021#0103	0	0
exp0042	590-П_28062017#0029	0	0
exp0042	5420-У_24032020#0012	0	0
exp0042	5350-У_10122019#0003	0	0
exp0042	6406-У_10042023#1263	0	0
exp0042	5428-У_03042020#0005	0	0
exp0042	758-П_11052021#0102	0	0
exp0042	810-П_24112022#0005	0	0
exp0042	4795-У_15052018#0001	0	0
exp0042	5729-У_08022021#0002	0	0
exp0042	1-ОР_30092020#0009	0	0
exp0042	4927-У_08102018#0661	0	0
exp0042	5420-У_24032020#0011	0	0
exp0043	4927-У_08102018#0020	0	0
exp0043	6406-У_10042023#0020	0	0
exp0043	454-П_30122014#0497	0	0
exp0043	6406-У_10042023#0059	0	0
exp0043	6406-У_10042023#0022	0	0
exp0043	6406-У_10042023#0069	1	1
exp0043	4927-У_08102018#0019	0	0
exp0043	6406-У_10042023#0070	1	1
exp0043	6406-У_10042023#0068	0	0
exp0043	4927-У_08102018#0016	0	0
exp0043	4212-У_24112016#0024	0	0
exp0043	4212-У_24112016#0020	0	0
exp0043	5395-У_29012020#0032	0	0
exp0043	5718-У_02022021#0012	0	0
exp0044	4927-У_08102018#1435	0	0
exp0044	7001-У_27022025#0004	0	0
exp0044	4927-У_08102018#0746	0	0
exp0044	4212-У_24112016#0288	0	0
exp0044	3924-У_28122015#0027	0	0
exp0044	604-П_02102017#0025	0	0
exp0044	590-П_28062017#0030	0	0
exp0044	5722-У_02022021#0016	0	0
exp0044	4212-У_24112016#0542	0	0
exp0044	5420-У_24032020#0011	0	0
exp0044	4926-У_08102018#0038	0	0
exp0044	5420-У_24032020#0005	0	0
exp0044	6579-У_16102023#0015	0	0
exp0044	5428-У_03042020#0005	0	0
exp0045	570-П_26122016#0015	0	0
exp0045	6406-У_10042023#1169	0	0
exp0045	148-И_27122013#0248	0	0
exp0045	454-П_30122014#0533	0	0
exp0045	6406-У_10042023#1195	0	0
exp0045	570-П_26122016#0013	0	0
exp0045	4323-У_24032017#0077	0	0
exp0045	6406-У_10042023#1164	0	0
exp0045	4892-У_31082018#0058	0	0
exp0045	612-П_25102017#0068	0	0
exp0045	7199-У_02102025#0007	0	0
exp0045	4892-У_31082018#0059	0	0
exp0045	660-П_16112018#0018	0	0
exp0045	714-П_27032020#0564	0	0
exp0046	4515-У_31082017#0001	0	0
exp0046	4983-У_27112018#0016	0	0
exp0046	4515-У_31082017#0004	0	0
exp0046	5386-У_14012020#0006	0	0
exp0046	4638-У_06122017#0002	0	0
exp0046	4515-У_31082017#0007	0	0
exp0046	6547-У_28092023#0007	0	0
exp0046	3921-У_28122015#0003	0	0
exp0046	5386-У_14012020#0000	0	0
exp0046	4927-У_08102018#1561	0	0
exp0046	4927-У_08102018#1571	0	0
exp0046	844-П_02102024#0024	0	0
exp0046	4983-У_27112018#0011	0	0
exp0046	6406-У_10042023#2279	0	0
exp0047	5391-У_20012020#0007	0	0
exp0047	1-ОР_30092020#0009	0	0
exp0047	5729-У_08022021#0003	0	0
exp0047	5420-У_24032020#0011	0	0
exp0047	6411-У_17042023#0006	0	0
exp0047	6411-У_17042023#0111	0	0
exp0047	6411-У_17042023#0011	1	1
exp0047	5729-У_08022021#0002	0	0
exp0047	5428-У_03042020#0004	0	0
exp0047	4846-У_03072018#0004	0	0
exp0047	4212-У_24112016#0556	0	0
exp0047	706-П_19122019#0001	0	0
exp0047	6406-У_10042023#0705	0	0
exp0047	6993-У_03022025#0002	1	1
exp0048	7118-У_30062025#0031	0	0
exp0048	659-П_12112018#0019	0	0
exp0048	579-П_27022017#0542	0	0
exp0048	659-П_12112018#0002	0	0
exp0048	659-П_12112018#0015	0	0
exp0048	659-П_12112018#0004	0	0
exp0048	659-П_12112018#0017	1	1
exp0048	659-П_12112018#0018	0	0
exp0048	659-П_12112018#0026	0	0
exp0048	659-П_12112018#0032	0	0
exp0048	659-П_12112018#0028	0	0
exp0048	659-П_12112018#0031	0	0
exp0048	7118-У_30062025#0034	0	0
exp0048	635-П_22032018#0028	0	0
exp0049	5420-У_24032020#0012	0	0
exp0049	4212-У_24112016#0252	0	0
exp0049	5420-У_24032020#0011	0	0
exp0049	5729-У_08022021#0002	0	0
exp0049	6869-У_27092024#0007	0	0
exp0049	5510-У_20072020#0022	0	0
exp0049	810-П_24112022#0005	1	1
exp0049	6869-У_27092024#0029	0	0
exp0049	4927-У_08102018#0330	0	0
exp0049	3924-У_28122015#0027	0	0
exp0049	5510-У_20072020#0023	0	0
exp0049	4212-У_24112016#0288	0	0
exp0049	1-ОР_30092020#0009	0	0
exp0049	758-П_11052021#0102	0	0
exp0165	590-П_28062017#0034	0	0
exp0165	221-И_26052025#0092	0	0
exp0165	590-П_28062017#0051	0	0
exp0165	220-И_26052025#0069	0	0
exp0165	220-И_26052025#0227	0	0
exp0165	590-П_28062017#0065	1	1
exp0165	590-П_28062017#0052	0	0
exp0165	590-П_28062017#0073	0	0
exp0165	590-П_28062017#0021	0	0
exp0165	590-П_28062017#0072	0	0
exp0165	590-П_28062017#0028	0	0
exp0165	590-П_28062017#0025	0	0
exp0165	590-П_28062017#0071	0	0
exp0165	590-П_28062017#0031	0	0
exp0166	590-П_28062017#0073	0	0
exp0166	221-И_26052025#0092	0	0
exp0166	840-П_10092024#0036	0	0
exp0166	590-П_28062017#0065	1	1
exp0166	6-МР_25042022#0009	0	0
exp0166	6890-У_02102024#0046	0	0
exp0166	590-П_28062017#0072	0	0
exp0166	840-П_10092024#0037	0	0
exp0166	4927-У_08102018#0615	0	0
exp0166	864-П_31072025#0039	0	0
exp0166	590-П_28062017#0066	0	0
exp0166	590-П_28062017#0033	0	0
exp0166	4212-У_24112016#0534	0	0
exp0166	220-И_26052025#0069	0	0
exp0167	590-П_28062017#0065	1	1
exp0167	4297-У_22022017#0012	0	0
exp0167	714-П_27032020#0556	0	0
exp0167	590-П_28062017#0066	0	0
exp0167	6406-У_10042023#1115	0	0
exp0167	706-П_19122019#0324	0	0
exp0167	590-П_28062017#0068	1	1
exp0167	878-П_12012026#0040	0	0
exp0167	4927-У_08102018#0642	1	1
exp0167	706-П_19122019#0308	0	0
exp0167	6406-У_10042023#1114	0	0
exp0167	590-П_28062017#0048	1	1
exp0167	590-П_28062017#0077	0	0
exp0167	878-П_12012026#0043	0	0
exp0168	590-П_28062017#0068	1	1
exp0168	590-П_28062017#0073	0	0
exp0168	590-П_28062017#0069	1	1
exp0168	4212-У_24112016#0085	0	0
exp0168	590-П_28062017#0037	0	0
exp0168	590-П_28062017#0089	0	0
exp0168	590-П_28062017#0066	1	1
exp0168	590-П_28062017#0074	1	1
exp0168	590-П_28062017#0005	1	1
exp0168	590-П_28062017#0070	1	1
exp0168	590-П_28062017#0067	1	1
exp0168	590-П_28062017#0077	0	0
exp0168	590-П_28062017#0072	0	0
exp0168	590-П_28062017#0065	1	1
exp0169	220-И_26052025#0078	1	1
exp0169	590-П_28062017#0067	0	0
exp0169	220-И_26052025#0186	0	0
exp0169	31-МР_28112017#0034	0	0
exp0169	6406-У_10042023#0439	1	1
exp0169	199-И_29112019#0257	0	0
exp0169	590-П_28062017#0066	1	1
exp0169	714-П_27032020#0556	0	0
exp0169	220-И_26052025#0233	0	0
exp0169	220-И_26052025#0307	0	0
exp0169	590-П_28062017#0075	1	1
exp0169	6406-У_10042023#0446	0	0
exp0169	714-П_27032020#0477	0	0
exp0169	706-П_19122019#0308	0	0
exp0170	590-П_28062017#0007	0	0
exp0170	221-И_26052025#0092	0	0
exp0170	590-П_28062017#0089	1	1
exp0170	590-П_28062017#0065	1	1
exp0170	590-П_28062017#0072	0	0
exp0170	220-И_26052025#0227	0	0
exp0170	590-П_28062017#0066	0	0
exp0170	220-И_26052025#0069	0	0
exp0170	590-П_28062017#0086	1	1
exp0170	590-П_28062017#0090	0	0
exp0170	590-П_28062017#0071	1	1
exp0170	590-П_28062017#0045	0	0
exp0170	590-П_28062017#0073	0	0
exp0170	878-П_12012026#0045	1	1
exp0171	3883-У_07122015#0081	0	0
exp0171	220-И_26052025#0408	0	0
exp0171	221-И_26052025#0092	1	1
exp0171	220-И_26052025#0070	0	0
exp0171	878-П_12012026#0044	1	1
exp0171	878-П_12012026#0046	1	1
exp0171	5072-У_12022019#0005	0	0
exp0171	878-П_12012026#0045	1	1
exp0171	590-П_28062017#0065	0	0
exp0171	590-П_28062017#0073	0	0
exp0171	220-И_26052025#0069	1	1
exp0171	864-П_31072025#0052	0	0
exp0171	864-П_31072025#0062	0	0
exp0171	220-И_26052025#0227	1	1
exp0172	590-П_28062017#0066	0	0
exp0172	714-П_27032020#0556	0	0
exp0172	4466-У_12072017#0035	0	0
exp0172	6406-У_10042023#1210	0	0
exp0172	6406-У_10042023#1230	0	0
exp0172	220-И_26052025#0082	1	1
exp0172	590-П_28062017#0048	0	0
exp0172	714-П_27032020#0480	0	0
exp0172	3707-У_30062015#0036	0	0
exp0172	6406-У_10042023#1226	0	0
exp0172	6406-У_10042023#1229	1	1
exp0172	220-И_26052025#0078	1	1
exp0172	6406-У_10042023#0439	1	1
exp0172	706-П_19122019#0308	0	0
exp0173	199-И_29112019#0225	0	0
exp0173	590-П_28062017#0065	1	1
exp0173	220-И_26052025#0232	1	1
exp0173	220-И_26052025#0236	1	1
exp0173	590-П_28062017#0077	0	0
exp0173	6960-У_16122024#0052	1	1
exp0173	590-П_28062017#0066	0	0
exp0173	590-П_28062017#0073	0	0
exp0173	590-П_28062017#0070	0	0
exp0173	3707-У_30062015#0036	0	0
exp0173	590-П_28062017#0072	0	0
exp0173	6960-У_16122024#0054	1	1
exp0173	590-П_28062017#0123	1	1
exp0173	220-И_26052025#0233	1	1
exp0174	590-П_28062017#0031	0	0
exp0174	590-П_28062017#0038	0	0
exp0174	590-П_28062017#0020	1	1
exp0174	590-П_28062017#0025	0	0
exp0174	590-П_28062017#0056	0	0
exp0174	590-П_28062017#0033	0	0
exp0174	590-П_28062017#0021	0	0
exp0174	590-П_28062017#0022	0	0
exp0174	590-П_28062017#0015	0	0
exp0174	590-П_28062017#0057	1	1
exp0174	590-П_28062017#0058	1	1
exp0174	590-П_28062017#0032	0	0
exp0174	590-П_28062017#0009	1	1
exp0174	590-П_28062017#0012	0	0
exp0175	4927-У_08102018#0085	0	0
exp0175	590-П_28062017#0100	0	0
exp0175	590-П_28062017#0031	0	0
exp0175	590-П_28062017#0057	1	1
exp0175	590-П_28062017#0038	0	0
exp0175	590-П_28062017#0032	1	1
exp0175	590-П_28062017#0055	0	0
exp0175	590-П_28062017#0015	1	1
exp0175	590-П_28062017#0066	0	0
exp0175	590-П_28062017#0056	1	1
exp0175	590-П_28062017#0058	1	1
exp0175	6406-У_10042023#0418	0	0
exp0175	590-П_28062017#0010	1	1
exp0175	590-П_28062017#0013	0	0
exp0176	590-П_28062017#0051	0	0
exp0176	590-П_28062017#0033	0	0
exp0176	611-П_23102017#0038	1	1
exp0176	590-П_28062017#0021	0	0
exp0176	590-П_28062017#0015	1	1
exp0176	4212-У_24112016#0534	0	0
exp0176	4927-У_08102018#0615	0	0
exp0176	590-П_28062017#0016	1	1
exp0176	590-П_28062017#0052	0	0
exp0176	590-П_28062017#0073	0	0
exp0176	590-П_28062017#0020	1	1
exp0176	590-П_28062017#0065	1	1
exp0176	590-П_28062017#0032	0	0
exp0176	590-П_28062017#0072	1	1
exp0177	760-П_25062021#0019	0	0
exp0177	4927-У_08102018#0615	0	0
exp0177	611-П_23102017#0038	0	0
exp0177	526-П_28122015#0335	0	0
exp0177	858-П_17062025#0087	0	0
exp0177	213-И_10012024#0054	0	0
exp0177	3533-У_15012015#0183	0	0
exp0177	590-П_28062017#0015	1	1
exp0177	590-П_28062017#0020	1	1
exp0177	3883-У_07122015#0015	0	0
exp0177	5683-У_28122020#0018	0	0
exp0177	611-П_23102017#0042	0	0
exp0177	878-П_12012026#0047	1	1
exp0177	590-П_28062017#0016	0	0
exp0178	590-П_28062017#0065	0	0
exp0178	590-П_28062017#0074	1	1
exp0178	3707-У_30062015#0036	0	0
exp0178	48-МР_26122016#0037	0	0
exp0178	590-П_28062017#0123	1	1
exp0178	590-П_28062017#0010	1	1
exp0178	706-П_19122019#0352	0	0
exp0178	590-П_28062017#0066	0	0
exp0178	4212-У_24112016#0534	0	0
exp0178	590-П_28062017#0126	0	0
exp0178	4927-У_08102018#0615	0	0
exp0178	416-П_18022014#0039	0	0
exp0178	416-П_18022014#0028	0	0
exp0178	706-П_19122019#0147	0	0
exp0179	5114-У_02042019#0049	0	0
exp0179	6411-У_17042023#0031	0	0
exp0179	6043-У_28122021#0046	1	1
exp0179	6579-У_16102023#0037	1	1
exp0179	6043-У_28122021#0048	0	0
exp0179	4892-У_31082018#0035	1	1
exp0179	4892-У_31082018#0034	1	1
exp0179	4892-У_31082018#0032	1	1
exp0179	6411-У_17042023#0057	1	1
exp0179	6579-У_16102023#0002	1	1
exp0179	6579-У_16102023#0094	0	0
exp0179	6579-У_16102023#0090	0	0
exp0179	4892-У_31082018#0033	1	1
exp0179	7169-У_17092025#0100	0	0
exp0180	590-П_28062017#0057	1	1
exp0180	590-П_28062017#0073	0	0
exp0180	590-П_28062017#0066	0	0
exp0180	590-П_28062017#0068	0	0
exp0180	590-П_28062017#0067	0	0
exp0180	590-П_28062017#0092	0	0
exp0180	590-П_28062017#0065	1	1
exp0180	590-П_28062017#0069	0	0
exp0180	590-П_28062017#0070	0	0
exp0180	590-П_28062017#0064	0	0
exp0180	31-МР_28112017#0075	1	1
exp0180	199-И_29112019#0337	0	0
exp0180	590-П_28062017#0063	0	0
exp0180	31-МР_28112017#0086	0	0
exp0181	590-П_28062017#0068	0	0
exp0181	590-П_28062017#0069	0	0
exp0181	48-МР_26122016#0055	1	1
exp0181	199-И_29112019#0337	0	0
exp0181	590-П_28062017#0067	0	0
exp0181	31-МР_28112017#0074	1	1
exp0181	31-МР_28112017#0075	1	1
exp0181	590-П_28062017#0065	0	0
exp0181	590-П_28062017#0060	0	0
exp0181	590-П_28062017#0066	0	0
exp0181	31-МР_28112017#0086	1	1
exp0181	590-П_28062017#0063	0	0
exp0181	590-П_28062017#0029	0	0
exp0181	590-П_28062017#0064	0	0
exp0182	432-П_19092014#0004	0	0
exp0182	4892-У_31082018#0006	1	1
exp0182	6960-У_16122024#0063	0	0
exp0182	4927-У_08102018#0303	1	1
exp0182	6406-У_10042023#0702	1	1
exp0182	6869-У_27092024#0047	0	0
exp0182	755-П_04032021#0004	0	0
exp0182	31-МР_28112017#0073	0	0
exp0182	31-МР_28112017#0075	0	0
exp0182	4212-У_24112016#0083	1	1
exp0182	431-П_19092014#0055	0	0
exp0182	755-П_04032021#0003	0	0
exp0182	4212-У_24112016#0259	0	0
exp0182	6993-У_03022025#0003	1	1
exp0183	6960-У_16122024#0063	0	0
exp0183	590-П_28062017#0067	0	0
exp0183	4927-У_08102018#0605	0	0
exp0183	6993-У_03022025#0061	0	0
exp0183	646-П_04072018#0067	0	0
exp0183	4466-У_12072017#0033	0	0
exp0183	3924-У_28122015#0023	0	0
exp0183	6411-У_17042023#0120	0	0
exp0183	4212-У_24112016#0528	0	0
exp0183	864-П_31072025#0049	0	0
exp0183	199-И_29112019#0085	0	0
exp0183	590-П_28062017#0066	0	0
exp0183	4297-У_22022017#0029	0	0
exp0183	590-П_28062017#0065	0	0
exp0184	590-П_28062017#0071	0	0
exp0184	6411-У_17042023#0047	0	0
exp0184	6579-У_16102023#0025	0	0
exp0184	590-П_28062017#0031	1	1
exp0184	864-П_31072025#0049	0	0
exp0184	6406-У_10042023#1138	0	0
exp0184	590-П_28062017#0073	1	1
exp0184	590-П_28062017#0033	0	0
exp0184	6579-У_16102023#0026	0	0
exp0184	7227-У_05112025#0014	0	0
exp0184	590-П_28062017#0072	1	1
exp0184	590-П_28062017#0065	2	2
exp0184	590-П_28062017#0028	1	1
exp0184	6579-У_16102023#0054	0	0
exp0185	48-МР_26122016#0037	0	0
exp0185	590-П_28062017#0073	0	0
exp0185	590-П_28062017#0065	0	0
exp0185	590-П_28062017#0081	0	0
exp0185	590-П_28062017#0109	0	0
exp0185	590-П_28062017#0064	1	1
exp0185	590-П_28062017#0063	1	1
exp0185	878-П_12012026#0044	1	1
exp0185	590-П_28062017#0098	1	1
exp0185	3322-У_14072014#0004	0	0
exp0185	4298-У_22022017#0018	0	0
exp0185	753-П_11012021#0034	0	0
exp0185	590-П_28062017#0126	0	0
exp0185	590-П_28062017#0000	0	0
exp0186	590-П_28062017#0072	0	0
exp0186	590-П_28062017#0037	0	0
exp0186	590-П_28062017#0060	0	0
exp0186	590-П_28062017#0065	2	2
exp0186	611-П_23102017#0036	1	1
exp0186	878-П_12012026#0042	1	1
exp0186	486-П_02092015#0274	0	0
exp0186	590-П_28062017#0009	0	0
exp0186	590-П_28062017#0073	1	1
exp0186	590-П_28062017#0071	0	0
exp0186	873-П_10102025#0135	0	0
exp0186	590-П_28062017#0006	0	0
exp0186	590-П_28062017#0066	1	1
exp0186	612-П_25102017#0016	0	0
exp0187	590-П_28062017#0009	1	1
exp0187	590-П_28062017#0069	0	0
exp0187	590-П_28062017#0065	1	1
exp0187	878-П_12012026#0042	1	1
exp0187	590-П_28062017#0071	0	0
exp0187	590-П_28062017#0005	1	1
exp0187	878-П_12012026#0043	1	1
exp0187	878-П_12012026#0044	0	0
exp0187	590-П_28062017#0124	1	1
exp0187	611-П_23102017#0036	1	1
exp0187	590-П_28062017#0066	1	1
exp0187	590-П_28062017#0123	1	1
exp0187	3707-У_30062015#0034	0	0
exp0187	590-П_28062017#0073	0	0
exp0188	590-П_28062017#0031	1	1
exp0188	4466-У_12072017#0033	0	0
exp0188	6960-У_16122024#0032	0	0
exp0188	590-П_28062017#0029	1	1
exp0188	4927-У_08102018#0615	0	0
exp0188	590-П_28062017#0073	1	1
exp0188	590-П_28062017#0066	1	1
exp0188	4212-У_24112016#0534	0	0
exp0188	6406-У_10042023#1176	0	0
exp0188	878-П_12012026#0042	1	1
exp0188	590-П_28062017#0065	2	2
exp0188	4466-У_12072017#0035	0	0
exp0188	611-П_23102017#0036	1	1
exp0188	6960-У_16122024#0044	0	0
exp0189	590-П_28062017#0037	0	0
exp0189	4212-У_24112016#0534	0	0
exp0189	4927-У_08102018#0101	1	1
exp0189	199-И_29112019#0224	1	1
exp0189	3707-У_30062015#0036	0	0
exp0189	4466-У_12072017#0035	0	0
exp0189	590-П_28062017#0052	0	0
exp0189	221-И_26052025#0092	0	0
exp0189	590-П_28062017#0089	1	1
exp0189	590-П_28062017#0055	0	0
exp0189	590-П_28062017#0066	1	1
exp0189	590-П_28062017#0073	1	1
exp0189	220-И_26052025#0069	0	0
exp0189	590-П_28062017#0093	0	0
exp0190	220-И_26052025#0078	0	0
exp0190	4466-У_12072017#0034	0	0
exp0190	6411-У_17042023#0088	0	0
exp0190	4927-У_08102018#0086	0	0
exp0190	3707-У_30062015#0036	0	0
exp0190	31-МР_28112017#0084	0	0
exp0190	590-П_28062017#0073	0	0
exp0190	4297-У_22022017#0013	0	0
exp0190	590-П_28062017#0072	1	1
exp0190	6411-У_17042023#0004	0	0
exp0190	590-П_28062017#0077	0	0
exp0190	590-П_28062017#0068	0	0
exp0190	590-П_28062017#0066	1	1
exp0190	6406-У_10042023#0419	0	0
exp0191	579-П_27022017#0555	0	0
exp0191	6-МР_25042022#0008	0	0
exp0191	579-П_27022017#0548	0	0
exp0191	220-И_26052025#0227	0	0
exp0191	845-П_02112024#0017	0	0
exp0191	868-П_23092025#0243	0	0
exp0191	758-П_11052021#0104	0	0
exp0191	7043-У_11042025#0008	0	0
exp0191	6032-У_23122021#0008	0	0
exp0191	221-И_26052025#0092	0	0
exp0191	781-П_16112021#0013	0	0
exp0191	758-П_11052021#0048	0	0
exp0191	4015-У_13052016#0018	0	0
exp0191	579-П_27022017#0554	0	0
exp0192	590-П_28062017#0031	0	0
exp0192	590-П_28062017#0004	1	1
exp0192	590-П_28062017#0029	0	0
exp0192	590-П_28062017#0030	0	0
exp0192	448-П_22122014#0060	0	0
exp0192	490-П_04092015#0093	0	0
exp0192	873-П_10102025#0023	0	0
exp0192	492-П_22092015#0116	0	0
exp0192	4466-У_12072017#0033	0	0
exp0192	493-П_01102015#0011	0	0
exp0192	590-П_28062017#0027	0	0
exp0192	6406-У_10042023#0413	0	0
exp0192	612-П_25102017#0016	0	0
exp0192	590-П_28062017#0066	0	0
exp0193	590-П_28062017#0037	0	0
exp0193	590-П_28062017#0058	1	1
exp0193	3707-У_30062015#0026	0	0
exp0193	590-П_28062017#0031	0	0
exp0193	590-П_28062017#0032	1	1
exp0193	590-П_28062017#0006	0	0
exp0193	4466-У_12072017#0025	0	0
exp0193	590-П_28062017#0036	1	1
exp0193	590-П_28062017#0033	0	0
exp0193	590-П_28062017#0075	0	0
exp0193	590-П_28062017#0100	0	0
exp0193	590-П_28062017#0063	0	0
exp0193	590-П_28062017#0057	0	0
exp0193	590-П_28062017#0104	0	0
exp0194	590-П_28062017#0058	0	0
exp0194	590-П_28062017#0126	0	0
exp0194	4212-У_24112016#0534	0	0
exp0194	611-П_23102017#0036	0	0
exp0194	590-П_28062017#0073	0	0
exp0194	878-П_12012026#0042	0	0
exp0194	4927-У_08102018#0085	0	0
exp0194	4927-У_08102018#0619	0	0
exp0194	590-П_28062017#0123	1	1
exp0194	590-П_28062017#0065	0	0
exp0194	4466-У_12072017#0035	0	0
exp0194	590-П_28062017#0066	0	0
exp0194	6406-У_10042023#0413	0	0
exp0194	590-П_28062017#0069	0	0
exp0195	4015-У_13052016#0018	0	0
exp0195	489-П_04092015#0026	0	0
exp0195	4015-У_13052016#0024	0	0
exp0195	486-П_02092015#0097	0	0
exp0195	590-П_28062017#0069	0	0
exp0195	465-П_15042015#0022	0	0
exp0195	527-П_28122015#0373	0	0
exp0195	590-П_28062017#0070	0	0
exp0195	527-П_28122015#0140	0	0
exp0195	724-П_18062020#0013	0	0
exp0195	590-П_28062017#0067	2	2
exp0195	580-П_01032017#0032	0	0
exp0195	465-П_15042015#0027	0	0
exp0195	590-П_28062017#0066	1	1
exp0196	7092-У_19062025#0335	0	0
exp0196	611-П_23102017#0036	1	1
exp0196	48-МР_26122016#0071	0	0
exp0196	6406-У_10042023#1132	0	0
exp0196	878-П_12012026#0044	0	0
exp0196	5729-У_08022021#0002	0	0
exp0196	590-П_28062017#0029	0	0
exp0196	590-П_28062017#0066	0	0
exp0196	590-П_28062017#0073	0	0
exp0196	4212-У_24112016#0534	0	0
exp0196	6406-У_10042023#1176	0	0
exp0196	590-П_28062017#0065	1	1
exp0196	4927-У_08102018#0615	0	0
exp0196	5729-У_08022021#0003	0	0
exp0197	590-П_28062017#0029	1	1
exp0197	4212-У_24112016#0534	0	0
exp0197	612-П_25102017#0016	0	0
exp0197	590-П_28062017#0032	1	1
exp0197	590-П_28062017#0051	0	0
exp0197	590-П_28062017#0031	1	1
exp0197	590-П_28062017#0033	1	1
exp0197	5391-У_20012020#0003	0	0
exp0197	590-П_28062017#0066	0	0
exp0197	590-П_28062017#0052	0	0
exp0197	590-П_28062017#0065	1	1
exp0197	590-П_28062017#0073	1	1
exp0197	3670-У_10062015#0015	1	1
exp0197	493-П_01102015#0007	0	0
exp0198	31-МР_28112017#0086	1	1
exp0198	31-МР_28112017#0043	1	1
exp0198	590-П_28062017#0058	1	1
exp0198	590-П_28062017#0057	1	1
exp0198	3670-У_10062015#0015	1	1
exp0198	590-П_28062017#0029	1	1
exp0198	590-П_28062017#0100	0	0
exp0198	6406-У_10042023#0418	0	0
exp0198	4927-У_08102018#0083	1	1
exp0198	590-П_28062017#0031	1	1
exp0198	590-П_28062017#0034	2	2
exp0198	6406-У_10042023#0413	1	1
exp0198	590-П_28062017#0028	1	1
exp0198	6406-У_10042023#0422	1	1
exp0199	590-П_28062017#0072	0	0
exp0199	4466-У_12072017#0035	0	0
exp0199	579-П_27022017#0555	0	0
exp0199	845-П_02112024#0040	0	0
exp0199	647-П_04072018#0018	0	0
exp0199	590-П_28062017#0055	0	0
exp0199	590-П_28062017#0057	0	0
exp0199	590-П_28062017#0065	0	0
exp0199	590-П_28062017#0032	1	1
exp0199	590-П_28062017#0056	1	1
exp0199	590-П_28062017#0073	0	0
exp0199	744-П_07122020#0044	0	0
exp0199	864-П_31072025#0049	0	0
exp0199	590-П_28062017#0066	1	1
exp0200	220-И_26052025#0329	0	0
exp0200	590-П_28062017#0086	0	0
exp0200	590-П_28062017#0083	0	0
exp0200	611-П_23102017#0034	0	0
exp0200	180-И_28062017#0231	0	0
exp0200	658-П_01112018#0042	0	0
exp0200	31-МР_28112017#0034	0	0
exp0200	4927-У_08102018#0603	0	0
exp0200	878-П_12012026#0039	1	1
exp0200	221-И_26052025#0028	0	0
exp0200	590-П_28062017#0078	1	1
exp0200	590-П_28062017#0075	1	1
exp0200	220-И_26052025#0094	0	0
exp0200	199-И_29112019#0054	0	0
exp0201	31-МР_28112017#0034	0	0
exp0201	48-МР_26122016#0028	0	0
exp0201	590-П_28062017#0086	0	0
exp0201	4927-У_08102018#0603	1	1
exp0201	4212-У_24112016#0527	0	0
exp0201	590-П_28062017#0092	0	0
exp0201	590-П_28062017#0091	0	0
exp0201	570-П_26122016#0025	1	1
exp0201	590-П_28062017#0085	1	1
exp0201	3707-У_30062015#0033	2	2
exp0201	6406-У_10042023#1118	1	1
exp0201	590-П_28062017#0094	0	0
exp0201	590-П_28062017#0075	1	1
exp0201	6406-У_10042023#1176	0	0
exp0202	199-И_29112019#0137	1	1
exp0202	590-П_28062017#0086	1	1
exp0202	753-П_11012021#0014	0	0
exp0202	199-И_29112019#0122	0	0
exp0202	221-И_26052025#0092	0	0
exp0202	428-П_11082014#0117	0	0
exp0202	590-П_28062017#0073	0	0
exp0202	590-П_28062017#0062	0	0
exp0202	878-П_12012026#0044	0	0
exp0202	878-П_12012026#0045	0	0
exp0202	590-П_28062017#0093	1	1
exp0202	590-П_28062017#0089	0	0
exp0202	220-И_26052025#0074	0	0
exp0202	507-П_01122015#0029	0	0
exp0203	3707-У_30062015#0033	0	0
exp0203	579-П_27022017#0552	0	0
exp0203	579-П_27022017#0555	0	0
exp0203	579-П_27022017#0553	0	0
exp0203	590-П_28062017#0083	0	0
exp0203	579-П_27022017#0556	0	0
exp0203	590-П_28062017#0086	0	0
exp0203	4927-У_08102018#0603	1	1
exp0203	579-П_27022017#0516	0	0
exp0203	590-П_28062017#0100	0	0
exp0203	579-П_27022017#0548	0	0
exp0203	590-П_28062017#0075	1	1
exp0203	878-П_12012026#0039	0	0
exp0203	579-П_27022017#0550	0	0
exp0204	878-П_12012026#0029	1	1
exp0204	570-П_26122016#0008	0	0
exp0204	590-П_28062017#0013	0	0
exp0204	570-П_26122016#0005	1	1
exp0204	590-П_28062017#0125	0	0
exp0204	4638-У_06122017#0039	0	0
exp0204	590-П_28062017#0077	0	0
exp0204	4638-У_06122017#0041	0	0
exp0204	448-П_22122014#0003	0	0
exp0204	4638-У_06122017#0042	0	0
exp0204	590-П_28062017#0100	0	0
exp0204	590-П_28062017#0073	0	0
exp0204	590-П_28062017#0075	1	1
exp0204	872-П_10102025#0006	0	0
exp0205	590-П_28062017#0087	0	0
exp0205	706-П_19122019#0203	0	0
exp0205	590-П_28062017#0091	0	0
exp0205	570-П_26122016#0018	0	0
exp0205	714-П_27032020#0468	0	0
exp0205	590-П_28062017#0085	0	0
exp0205	590-П_28062017#0092	1	1
exp0205	580-П_01032017#0021	0	0
exp0205	483-П_06082015#0089	0	0
exp0205	590-П_28062017#0090	1	1
exp0205	570-П_26122016#0021	0	0
exp0205	590-П_28062017#0093	1	1
exp0205	590-П_28062017#0094	1	1
exp0205	176-И_20122016#0009	0	0
exp0206	5065-У_31012019#0011	0	0
exp0206	5065-У_31012019#0012	0	0
exp0206	590-П_28062017#0093	1	1
exp0206	590-П_28062017#0091	0	0
exp0206	590-П_28062017#0094	1	1
exp0206	590-П_28062017#0068	0	0
exp0206	590-П_28062017#0067	0	0
exp0206	878-П_12012026#0039	0	0
exp0206	180-И_28062017#0179	0	0
exp0206	590-П_28062017#0125	0	0
exp0206	611-П_23102017#0021	0	0
exp0206	590-П_28062017#0090	1	1
exp0206	503-П_13112015#0033	0	0
exp0206	590-П_28062017#0037	0	0
exp0207	5093-У_13032019#0000	0	0
exp0207	590-П_28062017#0094	1	1
exp0207	781-П_16112021#0058	0	0
exp0207	612-П_25102017#0309	0	0
exp0207	590-П_28062017#0090	0	0
exp0207	15-МР_30092024#0066	0	0
exp0207	776-П_23092021#0032	0	0
exp0207	590-П_28062017#0075	0	0
exp0207	590-П_28062017#0093	0	0
exp0207	4210-У_22112016#0009	0	0
exp0207	878-П_12012026#0039	0	0
exp0207	873-П_10102025#0020	0	0
exp0207	590-П_28062017#0037	0	0
exp0207	858-П_17062025#0078	0	0
exp0208	492-П_22092015#0103	0	0
exp0208	714-П_27032020#0466	0	0
exp0208	31-МР_28112017#0089	0	0
exp0208	590-П_28062017#0085	1	1
exp0208	845-П_02112024#0164	0	0
exp0208	590-П_28062017#0092	1	1
exp0208	590-П_28062017#0073	0	0
exp0208	590-П_28062017#0077	1	1
exp0208	590-П_28062017#0090	1	1
exp0208	590-П_28062017#0012	0	0
exp0208	590-П_28062017#0125	0	0
exp0208	483-П_06082015#0088	1	1
exp0208	590-П_28062017#0091	0	0
exp0208	706-П_19122019#0195	0	0
exp0209	611-П_23102017#0043	1	1
exp0209	590-П_28062017#0045	0	0
exp0209	590-П_28062017#0096	1	1
exp0209	590-П_28062017#0098	1	1
exp0209	4054-У_28062016#0006	0	0
exp0209	5238-У_23082019#0029	0	0
exp0209	590-П_28062017#0124	0	0
exp0209	7166-У_11092025#0001	0	0
exp0209	590-П_28062017#0037	0	0
exp0209	6366-У_21022023#0009	0	0
exp0209	3322-У_14072014#0004	1	1
exp0209	590-П_28062017#0097	1	1
exp0209	7166-У_11092025#0000	1	1
exp0209	6366-У_21022023#0007	0	0
exp0210	3073-У_07102013#0001	0	0
exp0210	6222-У_17082022#0023	0	0
exp0210	3210-У_11032014#0018	0	0
exp0210	3210-У_11032014#0017	0	0
exp0210	3210-У_11032014#0003	0	0
exp0210	3073-У_07102013#0002	0	0
exp0210	5348-У_09122019#0003	0	0
exp0210	3210-У_11032014#0020	0	0
exp0210	3073-У_07102013#0003	0	0
exp0210	5348-У_09122019#0004	1	1
exp0210	5348-У_09122019#0001	0	0
exp0210	3210-У_11032014#0004	0	0
exp0210	630-П_29012018#0010	0	0
exp0210	5348-У_09122019#0000	0	0
exp0211	876-П_03122025#0051	0	0
exp0211	5348-У_09122019#0000	0	0
exp0211	3210-У_11032014#0004	0	0
exp0211	3210-У_11032014#0003	0	0
exp0211	5348-У_09122019#0002	2	2
exp0211	3073-У_07102013#0001	0	0
exp0211	732-П_24092020#0173	0	0
exp0211	3073-У_07102013#0003	0	0
exp0211	3210-У_11032014#0020	0	0
exp0211	595-П_06072017#0045	0	0
exp0211	5348-У_09122019#0001	0	0
exp0211	5348-У_09122019#0004	0	0
exp0211	732-П_24092020#0046	0	0
exp0211	5348-У_09122019#0005	0	0
exp0212	3073-У_07102013#0003	1	1
exp0212	5348-У_09122019#0001	1	1
exp0212	630-П_29012018#0056	0	0
exp0212	3210-У_11032014#0004	0	0
exp0212	548-П_19072016#0021	0	0
exp0212	630-П_29012018#0033	0	0
exp0212	548-П_19072016#0014	0	0
exp0212	3073-У_07102013#0001	0	0
exp0212	4263-У_13012017#0032	0	0
exp0212	3073-У_07102013#0002	0	0
exp0212	5348-У_09122019#0003	0	0
exp0212	5348-У_09122019#0002	1	1
exp0212	7092-У_19062025#0083	0	0
exp0212	612-П_25102017#0042	0	0
exp0213	7118-У_30062025#0015	0	0
exp0213	524-П_28122015#0033	0	0
exp0213	5348-У_09122019#0003	0	0
exp0213	3210-У_11032014#0017	0	0
exp0213	7118-У_30062025#0016	0	0
exp0213	4927-У_08102018#0980	0	0
exp0213	579-П_27022017#0544	0	0
exp0213	3073-У_07102013#0001	0	0
exp0213	524-П_28122015#0031	0	0
exp0213	3073-У_07102013#0002	1	1
exp0213	524-П_28122015#0000	0	0
exp0213	5348-У_09122019#0001	1	1
exp0213	524-П_28122015#0025	0	0
exp0213	579-П_27022017#0394	0	0
exp0214	5436-У_13042020#0006	0	0
exp0214	5652-У_07122020#0004	0	0
exp0214	3234-У_18042014#0006	0	0
exp0214	6681-У_12022024#0000	0	0
exp0214	3234-У_18042014#0001	1	1
exp0214	5348-У_09122019#0003	1	1
exp0214	5636-У_26112020#0000	0	0
exp0214	5652-У_07122020#0001	0	0
exp0214	809-П_24112022#0431	0	0
exp0214	5652-У_07122020#0003	0	0
exp0214	5652-У_07122020#0005	0	0
exp0214	579-П_27022017#0395	0	0
exp0214	5652-У_07122020#0000	0	0
exp0214	5636-У_26112020#0008	0	0
exp0215	5348-У_09122019#0002	2	2
exp0215	6871-У_27092024#0014	0	0
exp0215	6871-У_27092024#0076	0	0
exp0215	6789-У_28062024#0004	0	0
exp0215	6789-У_28062024#0005	0	0
exp0215	5721-У_02022021#0016	0	0
exp0215	5348-У_09122019#0001	1	1
exp0215	5348-У_09122019#0005	0	0
exp0215	5318-У_18112019#0007	0	0
exp0215	6367-У_22022023#0004	0	0
exp0215	5215-У_22072019#0015	0	0
exp0215	5722-У_02022021#0060	0	0
exp0215	445-П_15122014#0072	0	0
exp0215	4297-У_22022017#0015	0	0
exp0216	762-П_29062021#0012	1	1
exp0216	762-П_29062021#0060	0	0
exp0216	762-П_29062021#0043	1	1
exp0216	762-П_29062021#0007	1	1
exp0216	762-П_29062021#0069	1	1
exp0216	762-П_29062021#0087	0	0
exp0216	813-П_09012023#0021	0	0
exp0216	762-П_29062021#0045	0	0
exp0216	595-П_06072017#0020	0	0
exp0216	762-П_29062021#0035	0	0
exp0216	762-П_29062021#0044	1	1
exp0216	7092-У_19062025#0178	0	0
exp0216	732-П_24092020#0026	1	1
exp0216	762-П_29062021#0004	1	1
exp0217	762-П_29062021#0087	0	0
exp0217	762-П_29062021#0076	1	1
exp0217	762-П_29062021#0113	0	0
exp0217	762-П_29062021#0042	0	0
exp0217	762-П_29062021#0133	1	1
exp0217	595-П_06072017#0118	0	0
exp0217	762-П_29062021#0036	1	1
exp0217	762-П_29062021#0008	1	1
exp0217	732-П_24092020#0066	0	0
exp0217	762-П_29062021#0037	1	1
exp0217	595-П_06072017#0197	0	0
exp0217	762-П_29062021#0077	0	0
exp0217	762-П_29062021#0117	0	0
exp0217	876-П_03122025#0072	0	0
exp0218	762-П_29062021#0033	0	0
exp0218	876-П_03122025#0047	0	0
exp0218	611-П_23102017#0019	0	0
exp0218	762-П_29062021#0024	1	1
exp0218	762-П_29062021#0020	0	0
exp0218	595-П_06072017#0131	0	0
exp0218	595-П_06072017#0034	0	0
exp0218	876-П_03122025#0026	0	0
exp0218	732-П_24092020#0042	0	0
exp0218	762-П_29062021#0026	1	1
exp0218	762-П_29062021#0027	0	0
exp0218	595-П_06072017#0049	1	1
exp0218	821-П_17082023#0019	0	0
exp0218	762-П_29062021#0025	1	1
exp0219	762-П_29062021#0130	0	0
exp0219	762-П_29062021#0012	0	0
exp0219	762-П_29062021#0008	1	1
exp0219	762-П_29062021#0102	0	0
exp0219	762-П_29062021#0042	0	0
exp0219	876-П_03122025#0035	1	1
exp0219	762-П_29062021#0087	0	0
exp0219	732-П_24092020#0030	0	0
exp0219	762-П_29062021#0011	0	0
exp0219	762-П_29062021#0067	0	0
exp0219	762-П_29062021#0058	0	0
exp0219	876-П_03122025#0231	0	0
exp0219	762-П_29062021#0132	0	0
exp0219	762-П_29062021#0091	0	0
exp0220	595-П_06072017#0212	0	0
exp0220	782-П_17112021#0014	0	0
exp0220	876-П_03122025#0190	0	0
exp0220	813-П_09012023#0010	0	0
exp0220	762-П_29062021#0079	1	1
exp0220	762-П_29062021#0058	0	0
exp0220	735-П_06102020#0005	0	0
exp0220	813-П_09012023#0008	0	0
exp0220	762-П_29062021#0059	0	0
exp0220	762-П_29062021#0107	2	2
exp0220	762-П_29062021#0060	0	0
exp0220	762-П_29062021#0069	0	0
exp0220	841-П_16092024#0012	1	1
exp0220	813-П_09012023#0017	0	0
exp0221	579-П_27022017#0552	0	0
exp0221	579-П_27022017#0548	0	0
exp0221	579-П_27022017#0556	0	0
exp0221	170-И_11112015#0008	0	0
exp0221	579-П_27022017#0550	0	0
exp0221	6231-У_01092022#0000	0	0
exp0221	762-П_29062021#0060	0	0
exp0221	4979-У_27112018#0046	0	0
exp0221	706-П_19122019#0146	0	0
exp0221	170-И_11112015#0009	0	0
exp0221	579-П_27022017#0243	0	0
exp0221	579-П_27022017#0554	0	0
exp0221	579-П_27022017#0549	0	0
exp0221	762-П_29062021#0059	1	1
exp0222	762-П_29062021#0017	1	1
exp0222	762-П_29062021#0012	0	0
exp0222	762-П_29062021#0001	0	0
exp0222	762-П_29062021#0008	1	1
exp0222	732-П_24092020#0030	0	0
exp0222	762-П_29062021#0028	0	0
exp0222	762-П_29062021#0039	0	0
exp0222	762-П_29062021#0013	1	1
exp0222	762-П_29062021#0003	0	0
exp0222	762-П_29062021#0004	0	0
exp0222	762-П_29062021#0005	0	0
exp0222	762-П_29062021#0006	0	0
exp0222	762-П_29062021#0042	0	0
exp0222	762-П_29062021#0115	0	0
exp0223	762-П_29062021#0040	0	0
exp0223	762-П_29062021#0027	1	1
exp0223	809-П_24112022#0370	0	0
exp0223	579-П_27022017#0329	0	0
exp0223	876-П_03122025#0068	0	0
exp0223	762-П_29062021#0026	1	1
exp0223	762-П_29062021#0028	1	1
exp0223	595-П_06072017#0050	0	0
exp0223	762-П_29062021#0025	1	1
exp0223	738-П_27102020#0046	0	0
exp0223	595-П_06072017#0133	0	0
exp0223	762-П_29062021#0037	0	0
exp0223	762-П_29062021#0020	0	0
exp0223	876-П_03122025#0069	0	0
exp0224	762-П_29062021#0032	1	1
exp0224	762-П_29062021#0039	0	0
exp0224	762-П_29062021#0030	1	1
exp0224	762-П_29062021#0016	1	1
exp0224	732-П_24092020#0034	0	0
exp0224	762-П_29062021#0035	1	1
exp0224	862-П_03072025#0029	0	0
exp0224	762-П_29062021#0028	0	0
exp0224	762-П_29062021#0040	1	1
exp0224	732-П_24092020#0175	0	0
exp0224	762-П_29062021#0018	1	1
exp0224	762-П_29062021#0041	1	1
exp0224	762-П_29062021#0017	2	2
exp0224	32-МР_18122017#0056	0	0
exp0225	6087-У_11032022#0002	1	1
exp0225	3565-У_16022015#0000	0	0
exp0225	6087-У_11032022#0001	1	1
exp0225	6087-У_11032022#0007	1	1
exp0225	612-П_25102017#0246	1	1
exp0225	7027-У_31032025#0000	1	1
exp0225	6086-У_11032022#0005	1	1
exp0225	6087-У_11032022#0004	2	2
exp0225	612-П_25102017#0233	1	1
exp0225	6087-У_11032022#0006	1	1
exp0225	6087-У_11032022#0000	1	1
exp0225	612-П_25102017#0255	1	1
exp0225	7027-У_31032025#0007	1	1
exp0225	7027-У_31032025#0006	1	1
exp0226	3054-У_04092013#0010	1	1
exp0226	3054-У_04092013#0026	1	1
exp0226	3054-У_04092013#0015	2	2
exp0226	3054-У_04092013#0000	0	0
exp0226	3054-У_04092013#0028	0	0
exp0226	3054-У_04092013#0001	0	0
exp0226	3054-У_04092013#0004	1	1
exp0226	3054-У_04092013#0030	1	1
exp0226	3054-У_04092013#0027	2	2
exp0226	3054-У_04092013#0011	1	1
exp0226	3054-У_04092013#0003	1	1
exp0226	3054-У_04092013#0014	1	1
exp0226	3054-У_04092013#0002	1	1
exp0226	3054-У_04092013#0005	1	1
exp0227	3054-У_04092013#0023	0	0
exp0227	3054-У_04092013#0003	1	1
exp0227	4212-У_24112016#1178	1	1
exp0227	4212-У_24112016#1165	1	1
exp0227	4983-У_27112018#0003	1	1
exp0227	3054-У_04092013#0001	0	0
exp0227	3054-У_04092013#0014	1	1
exp0227	4638-У_06122017#0002	1	1
exp0227	3054-У_04092013#0011	0	0
exp0227	3054-У_04092013#0030	0	0
exp0227	3054-У_04092013#0000	0	0
exp0227	3054-У_04092013#0005	0	0
exp0227	3054-У_04092013#0002	0	0
exp0227	3054-У_04092013#0004	0	0
exp0228	809-П_24112022#0186	0	0
exp0228	605-П_02102017#0054	0	0
exp0228	579-П_27022017#0622	1	1
exp0228	809-П_24112022#0187	1	1
exp0228	605-П_02102017#0120	1	1
exp0228	605-П_02102017#0053	1	1
exp0228	605-П_02102017#0084	1	1
exp0228	579-П_27022017#0170	1	1
exp0228	793-П_25042022#0042	1	1
exp0228	579-П_27022017#0582	0	0
exp0228	579-П_27022017#0171	0	0
exp0228	809-П_24112022#0238	1	1
exp0228	579-П_27022017#0169	1	1
exp0228	579-П_27022017#0619	1	1
exp0229	803-П_01082022#0087	0	0
exp0229	494-П_01102015#0003	0	0
exp0229	503-П_13112015#0002	0	0
exp0229	873-П_10102025#0154	0	0
exp0229	532-П_03022016#0248	0	0
exp0229	579-П_27022017#0611	0	0
exp0229	3533-У_15012015#0098	1	1
exp0229	4927-У_08102018#1223	1	1
exp0229	579-П_27022017#0558	1	1
exp0229	803-П_01082022#0086	0	0
exp0229	532-П_03022016#0255	0	0
exp0229	4212-У_24112016#1049	1	1
exp0229	579-П_27022017#0247	1	1
exp0229	803-П_01082022#0079	0	0
exp0230	503-П_13112015#0001	0	0
exp0230	503-П_13112015#0013	0	0
exp0230	503-П_13112015#0002	1	1
exp0230	199-И_29112019#0023	1	1
exp0230	503-П_13112015#0008	1	1
exp0230	503-П_13112015#0018	0	0
exp0230	503-П_13112015#0037	0	0
exp0230	503-П_13112015#0004	0	0
exp0230	503-П_13112015#0015	0	0
exp0230	503-П_13112015#0017	0	0
exp0230	503-П_13112015#0023	1	1
exp0230	503-П_13112015#0033	0	0
exp0230	503-П_13112015#0000	0	0
exp0230	503-П_13112015#0005	1	1
exp0231	492-П_22092015#0025	1	1
exp0231	446-П_22122014#0007	1	1
exp0231	446-П_22122014#0008	1	1
exp0231	492-П_22092015#0072	0	0
exp0231	612-П_25102017#0276	0	0
exp0231	604-П_02102017#0008	0	0
exp0231	448-П_22122014#0048	0	0
exp0231	612-П_25102017#0309	1	1
exp0231	492-П_22092015#0182	1	1
exp0231	446-П_22122014#0059	1	1
exp0231	487-П_02092015#0037	0	0
exp0231	446-П_22122014#0061	1	1
exp0231	448-П_22122014#0012	0	0
exp0231	487-П_02092015#0289	0	0
exp0232	448-П_22122014#0100	1	1
exp0232	448-П_22122014#0113	0	0
exp0232	492-П_22092015#0141	0	0
exp0232	448-П_22122014#0101	0	0
exp0232	448-П_22122014#0084	1	1
exp0232	448-П_22122014#0110	0	0
exp0232	612-П_25102017#0071	1	1
exp0232	448-П_22122014#0141	1	1
exp0232	492-П_22092015#0140	1	1
exp0232	448-П_22122014#0137	0	0
exp0232	448-П_22122014#0106	0	0
exp0232	448-П_22122014#0116	0	0
exp0232	448-П_22122014#0098	1	1
exp0232	492-П_22092015#0161	0	0
exp0233	492-П_22092015#0054	0	0
exp0233	8-МР_09072020#0019	0	0
exp0233	448-П_22122014#0005	1	1
exp0233	448-П_22122014#0036	1	1
exp0233	492-П_22092015#0012	0	0
exp0233	448-П_22122014#0007	0	0
exp0233	448-П_22122014#0035	1	1
exp0233	612-П_25102017#0304	0	0
exp0233	448-П_22122014#0020	2	2
exp0233	448-П_22122014#0006	1	1
exp0233	872-П_10102025#0035	0	0
exp0233	492-П_22092015#0037	0	0
exp0233	448-П_22122014#0100	0	0
exp0233	448-П_22122014#0068	0	0
exp0234	492-П_22092015#0161	0	0
exp0234	448-П_22122014#0100	1	1
exp0234	448-П_22122014#0112	0	0
exp0234	448-П_22122014#0114	0	0
exp0234	492-П_22092015#0155	0	0
exp0234	448-П_22122014#0111	0	0
exp0234	448-П_22122014#0123	0	0
exp0234	448-П_22122014#0110	0	0
exp0234	448-П_22122014#0101	0	0
exp0234	448-П_22122014#0099	0	0
exp0234	492-П_22092015#0142	0	0
exp0234	448-П_22122014#0098	0	0
exp0234	446-П_22122014#0008	0	0
exp0234	448-П_22122014#0113	0	0
exp0235	448-П_22122014#0004	0	0
exp0235	448-П_22122014#0003	0	0
exp0235	448-П_22122014#0021	0	0
exp0235	448-П_22122014#0143	0	0
exp0235	448-П_22122014#0002	1	1
exp0235	448-П_22122014#0098	0	0
exp0235	448-П_22122014#0006	0	0
exp0235	448-П_22122014#0097	0	0
exp0235	448-П_22122014#0007	0	0
exp0235	448-П_22122014#0116	0	0
exp0235	448-П_22122014#0101	1	1
exp0235	448-П_22122014#0005	1	1
exp0235	448-П_22122014#0069	0	0
exp0235	448-П_22122014#0147	0	0
exp0236	465-П_15042015#0037	1	1
exp0236	465-П_15042015#0046	1	1
exp0236	465-П_15042015#0000	0	0
exp0236	465-П_15042015#0010	0	0
exp0236	465-П_15042015#0013	1	1
exp0236	465-П_15042015#0004	0	0
exp0236	465-П_15042015#0057	0	0
exp0236	465-П_15042015#0006	0	0
exp0236	465-П_15042015#0002	1	1
exp0236	465-П_15042015#0001	0	0
exp0236	465-П_15042015#0024	0	0
exp0236	465-П_15042015#0003	0	0
exp0236	465-П_15042015#0008	0	0
exp0236	465-П_15042015#0053	1	1
exp0237	489-П_04092015#0016	0	0
exp0237	465-П_15042015#0004	1	1
exp0237	579-П_27022017#0275	0	0
exp0237	465-П_15042015#0040	0	0
exp0237	465-П_15042015#0017	0	0
exp0237	465-П_15042015#0013	1	1
exp0237	809-П_24112022#0319	0	0
exp0237	465-П_15042015#0007	0	0
exp0237	465-П_15042015#0034	0	0
exp0237	465-П_15042015#0024	0	0
exp0237	465-П_15042015#0006	1	1
exp0237	465-П_15042015#0016	0	0
exp0237	465-П_15042015#0008	0	0
exp0237	465-П_15042015#0014	1	1
exp0238	465-П_15042015#0007	1	1
exp0238	612-П_25102017#0412	1	1
exp0238	465-П_15042015#0011	0	0
exp0238	489-П_04092015#0002	1	1
exp0238	465-П_15042015#0008	1	1
exp0238	465-П_15042015#0009	1	1
exp0238	612-П_25102017#0409	1	1
exp0238	7025-У_31032025#0006	0	0
exp0238	438-П_23102014#0012	0	0
exp0238	438-П_23102014#0001	0	0
exp0238	489-П_04092015#0010	0	0
exp0238	465-П_15042015#0002	1	1
exp0238	465-П_15042015#0003	0	0
exp0238	489-П_04092015#0003	0	0
exp0239	490-П_04092015#0088	0	0
exp0239	496-П_05102015#0022	0	0
exp0239	465-П_15042015#0003	1	1
exp0239	465-П_15042015#0013	0	0
exp0239	465-П_15042015#0014	0	0
exp0239	465-П_15042015#0035	0	0
exp0239	465-П_15042015#0055	0	0
exp0239	7025-У_31032025#0008	0	0
exp0239	489-П_04092015#0010	0	0
exp0239	465-П_15042015#0011	1	1
exp0239	465-П_15042015#0005	0	0
exp0239	465-П_15042015#0006	0	0
exp0239	465-П_15042015#0008	0	0
exp0239	612-П_25102017#0413	0	0
exp0240	579-П_27022017#0073	0	0
exp0240	32-МР_29092016#0133	0	0
exp0240	605-П_02102017#0042	0	0
exp0240	32-МР_29092016#0107	0	0
exp0240	605-П_02102017#0061	0	0
exp0240	579-П_27022017#0273	0	0
exp0240	606-П_02102017#0033	0	0
exp0240	3054-У_04092013#0015	1	1
exp0240	810-П_24112022#0024	0	0
exp0240	809-П_24112022#0086	0	0
exp0240	465-П_15042015#0034	1	1
exp0240	605-П_02102017#0090	0	0
exp0240	677-П_28022019#0004	0	0
exp0240	677-П_28022019#0000	0	0
exp0241	465-П_15042015#0010	1	1
exp0241	465-П_15042015#0021	1	1
exp0241	489-П_04092015#0005	0	0
exp0241	465-П_15042015#0012	0	0
exp0241	465-П_15042015#0024	0	0
exp0241	465-П_15042015#0004	0	0
exp0241	465-П_15042015#0047	1	1
exp0241	489-П_04092015#0009	1	1
exp0241	489-П_04092015#0020	1	1
exp0241	612-П_25102017#0412	1	1
exp0241	465-П_15042015#0044	0	0
exp0241	465-П_15042015#0006	0	0
exp0241	465-П_15042015#0009	1	1
exp0241	489-П_04092015#0008	1	1
exp0242	612-П_25102017#0382	0	0
exp0242	604-П_02102017#0030	0	0
exp0242	446-П_22122014#0066	0	0
exp0242	465-П_15042015#0006	0	0
exp0242	465-П_15042015#0020	0	0
exp0242	465-П_15042015#0051	0	0
exp0242	446-П_22122014#0036	0	0
exp0242	446-П_22122014#0061	0	0
exp0242	446-П_22122014#0082	0	0
exp0242	446-П_22122014#0026	0	0
exp0242	810-П_24112022#0057	0	0
exp0242	446-П_22122014#0027	1	1
exp0242	465-П_15042015#0052	1	1
exp0242	446-П_22122014#0087	0	0
exp0243	465-П_15042015#0049	1	1
exp0243	489-П_04092015#0051	0	0
exp0243	465-П_15042015#0051	1	1
exp0243	465-П_15042015#0047	1	1
exp0243	465-П_15042015#0017	0	0
exp0243	489-П_04092015#0016	0	0
exp0243	465-П_15042015#0014	0	0
exp0243	465-П_15042015#0020	0	0
exp0243	7025-У_31032025#0018	1	1
exp0243	489-П_04092015#0007	0	0
exp0243	465-П_15042015#0053	1	1
exp0243	465-П_15042015#0006	1	1
exp0243	489-П_04092015#0053	0	0
exp0243	489-П_04092015#0049	1	1
exp0244	489-П_04092015#0010	1	1
exp0244	465-П_15042015#0055	0	0
exp0244	465-П_15042015#0056	0	0
exp0244	465-П_15042015#0051	1	1
exp0244	465-П_15042015#0053	1	1
exp0244	3860-У_30112015#0267	0	0
exp0244	446-П_22122014#0093	0	0
exp0244	465-П_15042015#0015	1	1
exp0244	490-П_04092015#0088	0	0
exp0244	465-П_15042015#0034	0	0
exp0244	465-П_15042015#0028	0	0
exp0244	465-П_15042015#0037	0	0
exp0244	465-П_15042015#0011	1	1
exp0244	612-П_25102017#0413	1	1
exp0245	490-П_04092015#0089	0	0
exp0245	612-П_25102017#0410	0	0
exp0245	810-П_24112022#0016	0	0
exp0245	465-П_15042015#0011	1	1
exp0245	489-П_04092015#0010	0	0
exp0245	465-П_15042015#0050	1	1
exp0245	486-П_02092015#0317	0	0
exp0245	7025-У_31032025#0009	0	0
exp0245	612-П_25102017#0443	0	0
exp0245	465-П_15042015#0034	0	0
exp0245	612-П_25102017#0413	0	0
exp0245	465-П_15042015#0045	0	0
exp0245	465-П_15042015#0014	0	0
exp0245	490-П_04092015#0088	0	0
exp0246	489-П_04092015#0010	0	0
exp0246	465-П_15042015#0017	0	0
exp0246	7025-У_31032025#0007	0	0
exp0246	579-П_27022017#0276	0	0
exp0246	465-П_15042015#0024	0	0
exp0246	465-П_15042015#0014	1	1
exp0246	7025-У_31032025#0008	0	0
exp0246	465-П_15042015#0004	1	1
exp0246	489-П_04092015#0005	0	0
exp0246	465-П_15042015#0006	1	1
exp0246	489-П_04092015#0007	0	0
exp0246	7025-У_31032025#0012	0	0
exp0246	489-П_04092015#0013	0	0
exp0246	465-П_15042015#0011	1	1
exp0247	465-П_15042015#0008	0	0
exp0247	465-П_15042015#0023	0	0
exp0247	465-П_15042015#0021	0	0
exp0247	465-П_15042015#0014	1	1
exp0247	465-П_15042015#0017	1	1
exp0247	465-П_15042015#0003	0	0
exp0247	465-П_15042015#0051	1	1
exp0247	465-П_15042015#0006	0	0
exp0247	465-П_15042015#0002	0	0
exp0247	465-П_15042015#0013	0	0
exp0247	489-П_04092015#0006	0	0
exp0247	465-П_15042015#0001	0	0
exp0247	465-П_15042015#0053	0	0
exp0247	465-П_15042015#0004	0	0
exp0248	810-П_24112022#0029	1	1
exp0248	809-П_24112022#0002	0	0
exp0248	446-П_22122014#0089	0	0
exp0248	6406-У_10042023#0232	0	0
exp0248	487-П_02092015#0002	0	0
exp0248	810-П_24112022#0026	1	1
exp0248	612-П_25102017#0404	0	0
exp0248	810-П_24112022#0068	0	0
exp0248	809-П_24112022#0112	1	1
exp0248	810-П_24112022#0091	0	0
exp0248	4927-У_08102018#0068	0	0
exp0248	810-П_24112022#0084	1	1
exp0248	810-П_24112022#0087	0	0
exp0248	487-П_02092015#0042	1	1
exp0249	606-П_02102017#0067	1	1
exp0249	446-П_22122014#0063	0	0
exp0249	446-П_22122014#0059	1	1
exp0249	606-П_02102017#0068	0	0
exp0249	810-П_24112022#0055	1	1
exp0249	494-П_01102015#0076	0	0
exp0249	612-П_25102017#0140	0	0
exp0249	494-П_01102015#0101	1	1
exp0249	446-П_22122014#0061	0	0
exp0249	494-П_01102015#0084	1	1
exp0249	446-П_22122014#0062	0	0
exp0249	606-П_02102017#0069	1	1
exp0249	612-П_25102017#0148	1	1
exp0249	612-П_25102017#0122	1	1
exp0250	446-П_22122014#0069	1	1
exp0250	494-П_01102015#0108	1	1
exp0250	446-П_22122014#0020	1	1
exp0250	494-П_01102015#0101	1	1
exp0250	606-П_02102017#0073	2	2
exp0250	446-П_22122014#0070	1	1
exp0250	494-П_01102015#0104	1	1
exp0250	494-П_01102015#0074	1	1
exp0250	606-П_02102017#0077	2	2
exp0250	3502-У_22122014#0036	1	1
exp0250	810-П_24112022#0068	1	1
exp0250	494-П_01102015#0105	1	1
exp0250	606-П_02102017#0067	1	1
exp0250	606-П_02102017#0080	1	1
exp0251	810-П_24112022#0084	1	1
exp0251	810-П_24112022#0086	0	0
exp0251	487-П_02092015#0042	0	0
exp0251	446-П_22122014#0090	0	0
exp0251	810-П_24112022#0090	0	0
exp0251	487-П_02092015#0002	0	0
exp0251	487-П_02092015#0044	0	0
exp0251	446-П_22122014#0089	1	1
exp0251	612-П_25102017#0403	0	0
exp0251	810-П_24112022#0087	0	0
exp0251	446-П_22122014#0093	0	0
exp0251	612-П_25102017#0404	1	1
exp0251	487-П_02092015#0045	0	0
exp0251	446-П_22122014#0017	0	0
exp0252	604-П_02102017#0042	0	0
exp0252	604-П_02102017#0021	0	0
exp0252	446-П_22122014#0033	1	1
exp0252	612-П_25102017#0036	0	0
exp0252	604-П_02102017#0024	1	1
exp0252	604-П_02102017#0013	0	0
exp0252	606-П_02102017#0028	0	0
exp0252	612-П_25102017#0051	0	0
exp0252	810-П_24112022#0031	0	0
exp0252	604-П_02102017#0020	0	0
exp0252	810-П_24112022#0063	0	0
exp0252	446-П_22122014#0007	0	0
exp0252	446-П_22122014#0067	0	0
exp0252	493-П_01102015#0038	0	0
exp0253	446-П_22122014#0059	0	0
exp0253	487-П_02092015#0007	0	0
exp0253	446-П_22122014#0020	0	0
exp0253	810-П_24112022#0031	1	1
exp0253	810-П_24112022#0063	1	1
exp0253	446-П_22122014#0067	1	1
exp0253	493-П_01102015#0039	0	0
exp0253	4212-У_24112016#0630	0	0
exp0253	604-П_02102017#0021	0	0
exp0253	446-П_22122014#0033	1	1
exp0253	446-П_22122014#0007	0	0
exp0253	604-П_02102017#0042	1	1
exp0253	446-П_22122014#0034	0	0
exp0253	810-П_24112022#0005	0	0
exp0254	446-П_22122014#0047	1	1
exp0254	446-П_22122014#0020	1	1
exp0254	446-П_22122014#0016	1	1
exp0254	446-П_22122014#0026	1	1
exp0254	446-П_22122014#0059	1	1
exp0254	446-П_22122014#0058	1	1
exp0254	3466-У_02122014#0005	0	0
exp0254	446-П_22122014#0027	1	1
exp0254	446-П_22122014#0043	1	1
exp0254	3337-У_22072014#0011	0	0
exp0254	446-П_22122014#0010	1	1
exp0254	4212-У_24112016#0265	1	1
exp0254	810-П_24112022#0014	0	0
exp0254	446-П_22122014#0015	1	1
exp0255	486-П_02092015#0292	0	0
exp0255	446-П_22122014#0020	0	0
exp0255	494-П_01102015#0012	0	0
exp0255	579-П_27022017#0349	1	1
exp0255	606-П_02102017#0029	0	0
exp0255	713-П_24032020#0395	0	0
exp0255	446-П_22122014#0026	0	0
exp0255	606-П_02102017#0030	0	0
exp0255	446-П_22122014#0025	1	1
exp0255	810-П_24112022#0020	0	0
exp0255	494-П_01102015#0124	0	0
exp0255	612-П_25102017#0099	0	0
exp0255	446-П_22122014#0024	1	1
exp0255	612-П_25102017#0089	0	0
exp0256	454-П_30122014#0510	0	0
exp0256	526-П_28122015#0394	0	0
exp0256	606-П_02102017#0116	0	0
exp0256	4641-У_07122017#0000	0	0
exp0256	6890-У_02102024#0004	0	0
exp0256	446-П_22122014#0094	1	1
exp0256	809-П_24112022#0457	0	0
exp0256	4966-У_12112018#0004	0	0
exp0256	520-П_16122015#0008	1	1
exp0256	809-П_24112022#0582	0	0
exp0256	3054-У_04092013#0020	0	0
exp0256	579-П_27022017#0425	1	1
exp0256	579-П_27022017#0625	0	0
exp0256	3054-У_04092013#0019	0	0
exp0257	487-П_02092015#0032	0	0
exp0257	446-П_22122014#0027	0	0
exp0257	446-П_22122014#0055	0	0
exp0257	754-П_12012021#0004	0	0
exp0257	446-П_22122014#0142	1	1
exp0257	446-П_22122014#0036	1	1
exp0257	6406-У_10042023#0813	1	1
exp0257	446-П_22122014#0070	1	1
exp0257	809-П_24112022#0661	0	0
exp0257	446-П_22122014#0086	0	0
exp0257	4983-У_27112018#0026	0	0
exp0257	446-П_22122014#0114	1	1
exp0257	446-П_22122014#0143	2	2
exp0257	754-П_12012021#0049	0	0
exp0258	612-П_25102017#0358	1	1
exp0258	446-П_22122014#0080	0	0
exp0258	446-П_22122014#0082	0	0
exp0258	487-П_02092015#0036	0	0
exp0258	487-П_02092015#0033	0	0
exp0258	446-П_22122014#0051	0	0
exp0258	524-П_28122015#0015	0	0
exp0258	579-П_27022017#0549	0	0
exp0258	446-П_22122014#0081	2	2
exp0258	446-П_22122014#0050	1	1
exp0258	579-П_27022017#0555	1	1
exp0258	810-П_24112022#0076	0	0
exp0258	524-П_28122015#0023	1	1
exp0258	446-П_22122014#0066	0	0
exp0259	446-П_22122014#0070	0	0
exp0259	579-П_27022017#0252	0	0
exp0259	605-П_02102017#0063	0	0
exp0259	446-П_22122014#0086	0	0
exp0259	606-П_02102017#0113	0	0
exp0259	810-П_24112022#0069	0	0
exp0259	809-П_24112022#0291	1	1
exp0259	446-П_22122014#0069	1	1
exp0259	810-П_24112022#0061	0	0
exp0259	446-П_22122014#0065	0	0
exp0259	446-П_22122014#0080	0	0
exp0259	446-П_22122014#0064	0	0
exp0259	446-П_22122014#0073	0	0
exp0259	446-П_22122014#0066	0	0
exp0260	809-П_24112022#0618	0	0
exp0260	446-П_22122014#0040	0	0
exp0260	810-П_24112022#0046	0	0
exp0260	6896-У_03102024#0000	0	0
exp0260	446-П_22122014#0116	1	1
exp0260	446-П_22122014#0041	0	0
exp0260	487-П_02092015#0023	0	0
exp0260	446-П_22122014#0115	0	0
exp0260	446-П_22122014#0043	1	1
exp0260	873-П_10102025#0257	0	0
exp0260	446-П_22122014#0042	0	0
exp0260	810-П_24112022#0038	0	0
exp0260	810-П_24112022#0040	1	1
exp0260	810-П_24112022#0039	0	0
exp0261	810-П_24112022#0069	0	0
exp0261	810-П_24112022#0063	0	0
exp0261	810-П_24112022#0037	0	0
exp0261	446-П_22122014#0008	0	0
exp0261	446-П_22122014#0067	1	1
exp0261	446-П_22122014#0073	0	0
exp0261	810-П_24112022#0031	0	0
exp0261	446-П_22122014#0033	0	0
exp0261	612-П_25102017#0138	0	0
exp0261	446-П_22122014#0007	0	0
exp0261	487-П_02092015#0009	0	0
exp0261	604-П_02102017#0040	0	0
exp0261	446-П_22122014#0040	0	0
exp0261	604-П_02102017#0021	0	0
exp0262	810-П_24112022#0055	1	1
exp0262	446-П_22122014#0031	1	1
exp0262	810-П_24112022#0025	1	1
exp0262	446-П_22122014#0027	1	1
exp0262	494-П_01102015#0074	1	1
exp0262	446-П_22122014#0059	1	1
exp0262	606-П_02102017#0067	0	0
exp0262	446-П_22122014#0020	1	1
exp0262	494-П_01102015#0085	1	1
exp0262	446-П_22122014#0026	1	1
exp0262	810-П_24112022#0057	1	1
exp0262	446-П_22122014#0061	1	1
exp0262	606-П_02102017#0108	1	1
exp0262	612-П_25102017#0122	1	1
exp0263	446-П_22122014#0058	1	1
exp0263	446-П_22122014#0008	1	1
exp0263	579-П_27022017#0350	0	0
exp0263	810-П_24112022#0007	1	1
exp0263	579-П_27022017#0229	0	0
exp0263	605-П_02102017#0007	0	0
exp0263	4983-У_27112018#0071	1	1
exp0263	487-П_02092015#0009	1	1
exp0263	446-П_22122014#0009	1	1
exp0263	446-П_22122014#0019	1	1
exp0263	486-П_02092015#0193	0	0
exp0263	487-П_02092015#0015	1	1
exp0263	487-П_02092015#0010	0	0
exp0263	446-П_22122014#0010	1	1
exp0264	612-П_25102017#0206	1	1
exp0264	810-П_24112022#0063	0	0
exp0264	446-П_22122014#0033	0	0
exp0264	446-П_22122014#0095	1	1
exp0264	446-П_22122014#0094	1	1
exp0264	810-П_24112022#0031	0	0
exp0264	493-П_01102015#0035	1	1
exp0264	532-П_03022016#0425	0	0
exp0264	810-П_24112022#0014	0	0
exp0264	446-П_22122014#0007	1	1
exp0264	487-П_02092015#0233	1	1
exp0264	493-П_01102015#0034	2	2
exp0264	486-П_02092015#0342	0	0
exp0264	487-П_02092015#0007	1	1
exp0265	525-П_28122015#0031	0	0
exp0265	525-П_28122015#0001	1	1
exp0265	525-П_28122015#0011	0	0
exp0265	873-П_10102025#0197	0	0
exp0265	7026-У_31032025#0023	0	0
exp0265	525-П_28122015#0000	0	0
exp0265	7026-У_31032025#0022	0	0
exp0265	617-П_21112017#0015	0	0
exp0265	525-П_28122015#0014	1	1
exp0265	873-П_10102025#0191	0	0
exp0265	617-П_21112017#0019	0	0
exp0265	525-П_28122015#0027	0	0
exp0265	525-П_28122015#0015	0	0
exp0265	525-П_28122015#0002	0	0
exp0266	617-П_21112017#0005	0	0
exp0266	496-П_05102015#0009	0	0
exp0266	525-П_28122015#0002	0	0
exp0266	525-П_28122015#0010	2	2
exp0266	525-П_28122015#0031	1	1
exp0266	525-П_28122015#0015	0	0
exp0266	525-П_28122015#0025	0	0
exp0266	525-П_28122015#0013	0	0
exp0266	525-П_28122015#0009	0	0
exp0266	496-П_05102015#0012	0	0
exp0266	525-П_28122015#0011	0	0
exp0266	525-П_28122015#0006	0	0
exp0266	525-П_28122015#0001	0	0
exp0266	7026-У_31032025#0006	0	0
exp0267	525-П_28122015#0003	1	1
exp0267	754-П_12012021#0008	0	0
exp0267	527-П_28122015#0262	0	0
exp0267	496-П_05102015#0027	0	0
exp0267	496-П_05102015#0010	1	1
exp0267	496-П_05102015#0020	0	0
exp0267	612-П_25102017#0263	0	0
exp0267	496-П_05102015#0008	1	1
exp0267	19-МР_27122023#0029	0	0
exp0267	199-И_29112019#0426	0	0
exp0267	496-П_05102015#0004	0	0
exp0267	496-П_05102015#0021	0	0
exp0267	525-П_28122015#0011	1	1
exp0267	525-П_28122015#0006	1	1
exp0268	525-П_28122015#0000	0	0
exp0268	525-П_28122015#0005	0	0
exp0268	525-П_28122015#0010	1	1
exp0268	612-П_25102017#0264	0	0
exp0268	525-П_28122015#0006	1	1
exp0268	612-П_25102017#0267	0	0
exp0268	525-П_28122015#0025	0	0
exp0268	605-П_02102017#0011	1	1
exp0268	873-П_10102025#0193	1	1
exp0268	525-П_28122015#0013	1	1
exp0268	446-П_22122014#0008	1	1
exp0268	612-П_25102017#0014	1	1
exp0268	525-П_28122015#0031	0	0
exp0268	612-П_25102017#0011	1	1
exp0269	511-П_03122015#0008	0	0
exp0269	647-П_04072018#0002	0	0
exp0269	511-П_03122015#0034	1	1
exp0269	511-П_03122015#0032	1	1
exp0269	6960-У_16122024#0076	0	0
exp0269	483-П_06082015#0087	0	0
exp0269	4630-У_30112017#0080	0	0
exp0269	511-П_03122015#0016	0	0
exp0269	220-И_26052025#0160	1	1
exp0269	180-И_28062017#0229	0	0
exp0269	421-П_30052014#0017	0	0
exp0269	511-П_03122015#0003	0	0
exp0269	845-П_02112024#0163	0	0
exp0269	845-П_02112024#0008	0	0
exp0270	525-П_28122015#0006	0	0
exp0270	525-П_28122015#0010	1	1
exp0270	617-П_21112017#0005	0	0
exp0270	525-П_28122015#0000	0	0
exp0270	525-П_28122015#0011	0	0
exp0270	496-П_05102015#0011	0	0
exp0270	525-П_28122015#0002	0	0
exp0270	511-П_03122015#0013	0	0
exp0270	525-П_28122015#0013	0	0
exp0270	525-П_28122015#0015	0	0
exp0270	178-И_28122016#0016	0	0
exp0270	496-П_05102015#0015	0	0
exp0270	511-П_03122015#0011	0	0
exp0270	525-П_28122015#0012	0	0
exp0271	7190-У_29092025#0000	0	0
exp0271	437-П_17102014#0029	0	0
exp0271	432-П_19092014#0034	0	0
exp0271	511-П_03122015#0015	1	1
exp0271	845-П_02112024#0074	0	0
exp0271	5873-У_02082021#0125	1	1
exp0271	754-П_12012021#0027	0	0
exp0271	437-П_17102014#0041	0	0
exp0271	1-МР_17012023#0002	0	0
exp0271	4630-У_30112017#0081	0	0
exp0271	4-МР_28032025#0005	0	0
exp0271	511-П_03122015#0011	0	0
exp0271	437-П_17102014#0042	0	0
exp0271	3234-У_18042014#0029	0	0
exp0272	511-П_03122015#0043	0	0
exp0272	511-П_03122015#0044	0	0
exp0272	511-П_03122015#0016	0	0
exp0272	511-П_03122015#0058	0	0
exp0272	511-П_03122015#0003	0	0
exp0272	511-П_03122015#0004	0	0
exp0272	511-П_03122015#0040	0	0
exp0272	511-П_03122015#0045	0	0
exp0272	511-П_03122015#0007	0	0
exp0272	511-П_03122015#0037	0	0
exp0272	511-П_03122015#0011	0	0
exp0272	510-П_03122015#0016	0	0
exp0272	511-П_03122015#0028	0	0
exp0272	511-П_03122015#0014	0	0
exp0273	511-П_03122015#0022	1	1
exp0273	511-П_03122015#0017	0	0
exp0273	4983-У_27112018#0033	0	0
exp0273	532-П_03022016#0263	0	0
exp0273	511-П_03122015#0021	2	2
exp0273	727-П_29062020#0217	0	0
exp0273	511-П_03122015#0007	0	0
exp0273	532-П_03022016#0246	0	0
exp0273	532-П_03022016#0258	0	0
exp0273	488-П_02092015#0010	0	0
exp0273	4638-У_06122017#0035	0	0
exp0273	488-П_02092015#0012	0	0
exp0273	4336-У_03042017#0036	0	0
exp0273	614-П_25102017#0170	0	0
exp0275	646-П_04072018#0117	0	0
exp0275	646-П_04072018#0115	0	0
exp0275	221-И_26052025#0074	0	0
exp0275	483-П_06082015#0005	0	0
exp0275	646-П_04072018#0019	1	1
exp0275	646-П_04072018#0069	0	0
exp0275	646-П_04072018#0134	0	0
exp0275	646-П_04072018#0133	0	0
exp0275	483-П_06082015#0003	0	0
exp0275	646-П_04072018#0124	0	0
exp0275	511-П_03122015#0008	0	0
exp0275	511-П_03122015#0022	1	1
exp0275	511-П_03122015#0021	1	1
exp0275	646-П_04072018#0120	0	0
exp0276	713-П_24032020#0400	0	0
exp0276	617-П_21112017#0009	1	1
exp0276	872-П_10102025#0090	0	0
exp0276	810-П_24112022#0088	0	0
exp0276	809-П_24112022#0673	0	0
exp0276	492-П_22092015#0086	0	0
exp0276	532-П_03022016#0268	0	0
exp0276	612-П_25102017#0265	1	1
exp0276	612-П_25102017#0245	0	0
exp0276	605-П_02102017#0027	0	0
exp0276	511-П_03122015#0021	2	2
exp0276	4927-У_08102018#1488	0	0
exp0276	511-П_03122015#0022	1	1
exp0276	612-П_25102017#0201	0	0
exp0277	511-П_03122015#0034	0	0
exp0277	647-П_04072018#0002	0	0
exp0277	511-П_03122015#0011	0	0
exp0277	511-П_03122015#0036	1	1
exp0277	4172-У_28102016#0002	0	0
exp0277	511-П_03122015#0037	1	1
exp0277	511-П_03122015#0016	0	0
exp0277	3234-У_18042014#0004	0	0
exp0277	511-П_03122015#0003	0	0
exp0277	3453-У_25112014#0001	1	1
exp0277	4630-У_30112017#0032	0	0
exp0277	845-П_02112024#0186	0	0
exp0277	511-П_03122015#0028	0	0
exp0277	511-П_03122015#0032	0	0
exp0278	511-П_03122015#0026	1	1
exp0278	221-И_26052025#0064	0	0
exp0278	220-И_26052025#0156	0	0
exp0278	580-П_01032017#0017	0	0
exp0278	647-П_04072018#0019	0	0
exp0278	511-П_03122015#0008	0	0
exp0278	534-П_24022016#0057	0	0
exp0278	511-П_03122015#0032	0	0
exp0278	4455-У_10072017#0017	0	0
exp0278	511-П_03122015#0018	0	0
exp0278	4297-У_22022017#0013	0	0
exp0278	534-П_24022016#0030	0	0
exp0278	4927-У_08102018#0170	1	1
exp0278	491-П_04092015#0017	0	0
exp0279	421-П_30052014#0057	1	1
exp0279	596-П_26072017#0031	0	0
exp0279	4212-У_24112016#0170	0	0
exp0279	6406-У_10042023#0645	1	1
exp0279	4212-У_24112016#0173	0	0
exp0279	4300-У_27022017#0014	0	0
exp0279	4402-У_06062017#0007	0	0
exp0279	421-П_30052014#0011	0	0
exp0279	4212-У_24112016#0165	0	0
exp0279	421-П_30052014#0021	1	1
exp0279	4212-У_24112016#0197	0	0
exp0279	510-П_03122015#0009	0	0
exp0279	4212-У_24112016#0193	0	0
exp0279	421-П_30052014#0020	1	1
exp0280	446-П_22122014#0082	1	1
exp0280	446-П_22122014#0016	1	1
exp0280	4212-У_24112016#0164	0	0
exp0280	446-П_22122014#0147	1	1
exp0280	810-П_24112022#0063	0	0
exp0280	8-МР_09072020#0023	0	0
exp0280	4212-У_24112016#1323	0	0
exp0280	810-П_24112022#0014	1	1
exp0280	612-П_25102017#0029	0	0
exp0280	446-П_22122014#0067	0	0
exp0280	446-П_22122014#0148	1	1
exp0280	446-П_22122014#0083	1	1
exp0280	809-П_24112022#0668	1	1
exp0280	810-П_24112022#0015	1	1
exp0281	421-П_30052014#0053	0	0
exp0281	803-П_01082022#0448	1	1
exp0281	5436-У_13042020#0019	0	0
exp0281	421-П_30052014#0045	0	0
exp0281	579-П_27022017#0220	0	0
exp0281	421-П_30052014#0032	0	0
exp0281	421-П_30052014#0056	1	1
exp0281	421-П_30052014#0004	0	0
exp0281	486-П_02092015#0196	0	0
exp0281	421-П_30052014#0051	1	1
exp0281	421-П_30052014#0007	0	0
exp0281	421-П_30052014#0059	1	1
exp0281	421-П_30052014#0037	1	1
exp0281	421-П_30052014#0039	0	0
exp0282	421-П_30052014#0029	1	1
exp0282	421-П_30052014#0049	0	0
exp0282	421-П_30052014#0058	1	1
exp0282	421-П_30052014#0033	0	0
exp0282	421-П_30052014#0028	0	0
exp0282	421-П_30052014#0030	0	0
exp0282	421-П_30052014#0042	0	0
exp0282	8-МР_09072020#0021	1	1
exp0282	421-П_30052014#0051	0	0
exp0282	4402-У_06062017#0014	0	0
exp0282	421-П_30052014#0050	0	0
exp0282	8-МР_09072020#0009	0	0
exp0282	421-П_30052014#0052	0	0
exp0282	510-П_03122015#0020	0	0
exp0283	6406-У_10042023#0637	0	0
exp0283	845-П_02112024#0099	0	0
exp0283	3348-У_25072014#0006	0	0
exp0283	845-П_02112024#0107	0	0
exp0283	421-П_30052014#0023	1	1
exp0283	6406-У_10042023#0612	0	0
exp0283	596-П_26072017#0031	0	0
exp0283	781-П_16112021#0151	0	0
exp0283	463-П_12032015#0007	0	0
exp0283	845-П_02112024#0106	0	0
exp0283	442-П_30112014#0061	0	0
exp0283	732-П_24092020#0004	1	1
exp0283	421-П_30052014#0032	0	0
exp0283	221-И_26052025#0104	0	0
exp0284	4927-У_08102018#1144	0	0
exp0284	714-П_27032020#0024	0	0
exp0284	714-П_27032020#0037	0	0
exp0284	714-П_27032020#0254	1	1
exp0284	714-П_27032020#0274	1	1
exp0284	714-П_27032020#0005	0	0
exp0284	714-П_27032020#0053	0	0
exp0284	454-П_30122014#0058	0	0
exp0284	714-П_27032020#0052	2	2
exp0284	714-П_27032020#0268	1	1
exp0284	714-П_27032020#0007	1	1
exp0284	714-П_27032020#0029	0	0
exp0284	714-П_27032020#0009	0	0
exp0284	714-П_27032020#0028	1	1
exp0285	714-П_27032020#0267	2	2
exp0285	714-П_27032020#0249	1	1
exp0285	714-П_27032020#0412	1	1
exp0285	714-П_27032020#0264	0	0
exp0285	714-П_27032020#0268	0	0
exp0285	714-П_27032020#0263	1	1
exp0285	714-П_27032020#0265	1	1
exp0285	714-П_27032020#0250	0	0
exp0285	7278-У_12012026#0156	0	0
exp0285	7278-У_12012026#0155	1	1
exp0285	714-П_27032020#0252	0	0
exp0285	714-П_27032020#0266	1	1
exp0285	714-П_27032020#0251	0	0
exp0285	714-П_27032020#0269	2	2
exp0286	714-П_27032020#0119	1	1
exp0286	714-П_27032020#0077	0	0
exp0286	714-П_27032020#0141	1	1
exp0286	714-П_27032020#0226	0	0
exp0286	714-П_27032020#0009	0	0
exp0286	751-П_11012021#0056	0	0
exp0286	714-П_27032020#0122	1	1
exp0286	714-П_27032020#0139	1	1
exp0286	714-П_27032020#0118	1	1
exp0286	714-П_27032020#0121	2	2
exp0286	714-П_27032020#0124	1	1
exp0286	714-П_27032020#0117	2	2
exp0286	714-П_27032020#0120	1	1
exp0286	714-П_27032020#0142	0	0
exp0287	4212-У_24112016#0119	0	0
exp0287	6406-У_10042023#1700	0	0
exp0287	6406-У_10042023#2279	0	0
exp0287	6406-У_10042023#1714	0	0
exp0287	6406-У_10042023#1202	0	0
exp0287	6406-У_10042023#0070	0	0
exp0287	6406-У_10042023#0944	0	0
exp0287	6406-У_10042023#0998	0	0
exp0287	6406-У_10042023#2046	0	0
exp0287	6406-У_10042023#0094	0	0
exp0287	6406-У_10042023#0484	0	0
exp0287	6406-У_10042023#0748	0	0
exp0287	4212-У_24112016#1250	0	0
exp0287	6406-У_10042023#0071	0	0
exp0288	6406-У_10042023#1735	0	0
exp0288	6406-У_10042023#0774	0	0
exp0288	6406-У_10042023#0862	0	0
exp0288	4927-У_08102018#0794	0	0
exp0288	6406-У_10042023#1298	0	0
exp0288	6406-У_10042023#0035	1	1
exp0288	6406-У_10042023#0122	0	0
exp0288	6406-У_10042023#0028	1	1
exp0288	6406-У_10042023#1289	0	0
exp0288	4212-У_24112016#0702	0	0
exp0288	6406-У_10042023#0041	1	1
exp0288	6406-У_10042023#1411	0	0
exp0288	6406-У_10042023#0245	0	0
exp0288	6406-У_10042023#0681	0	0
exp0289	735-П_06102020#0005	0	0
exp0289	841-П_16092024#0009	0	0
exp0289	595-П_06072017#0188	0	0
exp0289	782-П_17112021#0013	0	0
exp0289	735-П_06102020#0003	0	0
exp0289	5409-У_04032020#0003	0	0
exp0289	618-П_29112017#0108	0	0
exp0289	5749-У_03032021#0003	0	0
exp0289	813-П_09012023#0015	0	0
exp0289	762-П_29062021#0073	0	0
exp0289	813-П_09012023#0022	0	0
exp0289	762-П_29062021#0074	0	0
exp0289	595-П_06072017#0184	0	0
exp0289	595-П_06072017#0187	0	0
exp0290	762-П_29062021#0036	0	0
exp0290	735-П_06102020#0002	0	0
exp0290	762-П_29062021#0012	0	0
exp0290	732-П_24092020#0081	0	0
exp0290	735-П_06102020#0001	0	0
exp0290	735-П_06102020#0014	0	0
exp0290	813-П_09012023#0025	0	0
exp0290	762-П_29062021#0004	1	1
exp0290	4979-У_27112018#0047	0	0
exp0290	735-П_06102020#0013	1	1
exp0290	732-П_24092020#0026	1	1
exp0290	813-П_09012023#0023	1	1
exp0290	735-П_06102020#0007	0	0
exp0290	762-П_29062021#0098	0	0
exp0291	595-П_06072017#0205	0	0
exp0291	762-П_29062021#0004	0	0
exp0291	777-П_26102021#0192	0	0
exp0291	762-П_29062021#0094	0	0
exp0291	762-П_29062021#0100	0	0
exp0291	762-П_29062021#0103	0	0
exp0291	777-П_26102021#0234	0	0
exp0291	762-П_29062021#0098	0	0
exp0291	777-П_26102021#0102	0	0
exp0291	762-П_29062021#0116	0	0
exp0291	762-П_29062021#0099	1	1
exp0291	595-П_06072017#0203	0	0
exp0291	762-П_29062021#0102	0	0
exp0291	762-П_29062021#0096	1	1
exp0292	735-П_06102020#0005	1	1
exp0292	813-П_09012023#0005	0	0
exp0292	735-П_06102020#0003	1	1
exp0292	735-П_06102020#0007	0	0
exp0292	735-П_06102020#0004	1	1
exp0292	735-П_06102020#0002	1	1
exp0292	735-П_06102020#0008	0	0
exp0292	735-П_06102020#0028	0	0
exp0292	735-П_06102020#0001	1	1
exp0292	735-П_06102020#0009	1	1
exp0292	735-П_06102020#0011	1	1
exp0292	813-П_09012023#0001	0	0
exp0292	813-П_09012023#0014	0	0
exp0292	813-П_09012023#0019	0	0
exp0293	6406-У_10042023#1143	1	1
exp0293	7092-У_19062025#0023	0	0
exp0293	6406-У_10042023#0122	0	0
exp0293	6406-У_10042023#0770	1	1
exp0293	4927-У_08102018#1090	0	0
exp0293	4927-У_08102018#0351	1	1
exp0293	6406-У_10042023#1217	0	0
exp0293	6406-У_10042023#1705	0	0
exp0293	6406-У_10042023#2061	0	0
exp0293	4927-У_08102018#0380	1	1
exp0293	6406-У_10042023#0772	1	1
exp0293	4927-У_08102018#0623	1	1
exp0293	4927-У_08102018#0079	1	1
exp0293	6406-У_10042023#1572	0	0
exp0294	6406-У_10042023#1122	0	0
exp0294	4212-У_24112016#0109	0	0
exp0294	6406-У_10042023#1801	1	1
exp0294	6406-У_10042023#1092	0	0
exp0294	4927-У_08102018#0119	0	0
exp0294	6406-У_10042023#1096	0	0
exp0294	4927-У_08102018#0583	0	0
exp0294	6406-У_10042023#0468	0	0
exp0294	6406-У_10042023#1262	0	0
exp0294	4927-У_08102018#0660	0	0
exp0294	4927-У_08102018#0607	0	0
exp0294	6406-У_10042023#1093	0	0
exp0294	6406-У_10042023#0778	1	1
exp0294	6406-У_10042023#1095	0	0
exp0295	4927-У_08102018#0446	0	0
exp0295	4212-У_24112016#0393	0	0
exp0295	6411-У_17042023#0002	1	1
exp0295	4212-У_24112016#0394	0	0
exp0295	6406-У_10042023#0952	0	0
exp0295	4927-У_08102018#0356	1	1
exp0295	4927-У_08102018#0503	0	0
exp0295	4927-У_08102018#0622	1	1
exp0295	6406-У_10042023#1801	1	1
exp0295	6960-У_16122024#0047	0	0
exp0295	4927-У_08102018#0455	0	0
exp0295	6406-У_10042023#0757	1	1
exp0295	6960-У_16122024#0003	1	1
exp0295	4927-У_08102018#0445	0	0
exp0296	6411-У_17042023#0026	1	1
exp0296	6044-У_28122021#0033	0	0
exp0296	6411-У_17042023#0027	0	0
exp0296	4892-У_31082018#0018	1	1
exp0296	5-МР_20042022#0004	1	1
exp0296	6579-У_16102023#0013	0	0
exp0296	6411-У_17042023#0053	1	1
exp0296	6411-У_17042023#0034	1	1
exp0296	6579-У_16102023#0034	0	0
exp0296	3-МР_14022020#0002	1	1
exp0296	5-МР_20042022#0001	0	0
exp0296	6411-У_17042023#0045	1	1
exp0296	6043-У_28122021#0043	0	0
exp0296	6043-У_28122021#0036	0	0
exp0297	6406-У_10042023#0340	1	1
exp0297	4212-У_24112016#0539	0	0
exp0297	810-П_24112022#0059	1	1
exp0297	4927-У_08102018#1326	1	1
exp0297	4892-У_31082018#0006	1	1
exp0297	4927-У_08102018#0622	1	1
exp0297	4892-У_31082018#0056	1	1
exp0297	6960-У_16122024#0036	1	1
exp0297	199-И_29112019#0295	0	0
exp0297	220-И_26052025#0281	1	1
exp0297	5115-У_02042019#0054	0	0
exp0297	6406-У_10042023#0780	1	1
exp0297	6960-У_16122024#0064	1	1
exp0297	4927-У_08102018#0102	0	0
exp0298	4927-У_08102018#0622	0	0
exp0298	3355-У_05082014#0017	0	0
exp0298	6406-У_10042023#0729	0	0
exp0298	4212-У_24112016#0539	0	0
exp0298	6406-У_10042023#2007	0	0
exp0298	4083-У_25072016#0028	0	0
exp0298	4927-У_08102018#0713	0	0
exp0298	4927-У_08102018#0501	0	0
exp0298	4927-У_08102018#0356	0	0
exp0298	4927-У_08102018#1288	0	0
exp0298	6406-У_10042023#1812	0	0
exp0298	4927-У_08102018#0671	0	0
exp0298	4927-У_08102018#0322	1	1
exp0298	6406-У_10042023#1322	0	0
exp0299	6406-У_10042023#2222	0	0
exp0299	6406-У_10042023#0179	0	0
exp0299	14-МР_30092024#0078	0	0
exp0299	6406-У_10042023#0181	0	0
exp0299	6406-У_10042023#1234	0	0
exp0299	4700-У_23012018#0019	0	0
exp0299	6406-У_10042023#2345	0	0
exp0299	6-МР_01032016#0007	0	0
exp0299	6406-У_10042023#2288	0	0
exp0299	864-П_31072025#0004	0	0
exp0299	6406-У_10042023#2309	0	0
exp0299	6406-У_10042023#2354	0	0
exp0299	6677-У_05022024#0004	0	0
exp0299	14-МР_30092024#0209	0	0
exp0300	199-И_29112019#0166	1	1
exp0300	199-И_29112019#0000	0	0
exp0300	199-И_29112019#0171	0	0
exp0300	180-И_28062017#0105	0	0
exp0300	220-И_26052025#0157	0	0
exp0300	220-И_26052025#0151	0	0
exp0300	199-И_29112019#0167	1	1
exp0300	199-И_29112019#0382	0	0
exp0300	199-И_29112019#0001	0	0
exp0300	220-И_26052025#0181	1	1
exp0300	6406-У_10042023#0819	1	1
exp0300	6406-У_10042023#1785	1	1
exp0300	199-И_29112019#0395	1	1
exp0300	199-И_29112019#0161	1	1
exp0301	180-И_28062017#0110	0	0
exp0301	180-И_28062017#0111	0	0
exp0301	6960-У_16122024#0036	1	1
exp0301	180-И_28062017#0054	1	1
exp0301	180-И_28062017#0039	1	1
exp0301	180-И_28062017#0222	0	0
exp0301	180-И_28062017#0294	0	0
exp0301	6406-У_10042023#0779	1	1
exp0301	4927-У_08102018#0620	2	2
exp0301	180-И_28062017#0026	0	0
exp0301	6406-У_10042023#1139	1	1
exp0301	6960-У_16122024#0016	1	1
exp0301	199-И_29112019#0192	0	0
exp0301	180-И_28062017#0271	0	0
exp0302	4927-У_08102018#0581	0	0
exp0302	3608-У_26032015#0021	0	0
exp0302	590-П_28062017#0037	1	1
exp0302	590-П_28062017#0125	0	0
exp0302	4466-У_12072017#0013	1	1
exp0302	6406-У_10042023#0094	0	0
exp0302	6406-У_10042023#1202	0	0
exp0302	590-П_28062017#0032	0	0
exp0302	612-П_25102017#0531	0	0
exp0302	4927-У_08102018#1518	0	0
exp0302	4927-У_08102018#0618	1	1
exp0302	4212-У_24112016#0537	1	1
exp0302	6869-У_27092024#0031	0	0
exp0302	4212-У_24112016#0697	0	0
exp0304	4262-У_13012017#0005	0	0
exp0304	4212-У_24112016#1178	0	0
exp0304	4927-У_08102018#1454	0	0
exp0304	1-ОР_30092020#0026	0	0
exp0304	1-ОР_30092020#0028	0	0
exp0304	4927-У_08102018#0079	0	0
exp0304	454-П_30122014#0623	0	0
exp0304	5386-У_14012020#0006	0	0
exp0304	5420-У_24032020#0014	0	0
exp0304	4212-У_24112016#1165	0	0
exp0304	6985-У_09012025#0040	0	0
exp0304	7092-У_19062025#0094	0	0
exp0304	7092-У_19062025#0356	0	0
exp0304	4212-У_24112016#0065	0	0
exp0305	6411-У_17042023#0061	1	1
exp0305	809-П_24112022#0187	0	0
exp0305	809-П_24112022#0272	0	0
exp0305	3054-У_04092013#0006	0	0
exp0305	6406-У_10042023#1799	1	1
exp0305	4638-У_06122017#0017	0	0
exp0305	6406-У_10042023#0209	0	0
exp0305	6406-У_10042023#0200	0	0
exp0305	809-П_24112022#0348	0	0
exp0305	6406-У_10042023#0204	0	0
exp0305	4927-У_08102018#0794	0	0
exp0305	4927-У_08102018#0063	0	0
exp0305	3054-У_04092013#0007	0	0
exp0305	4927-У_08102018#0062	0	0
exp0306	6406-У_10042023#1241	0	0
exp0306	6037-У_24122021#0009	0	0
exp0306	6043-У_28122021#0026	0	0
exp0306	6406-У_10042023#2425	0	0
exp0306	6406-У_10042023#2419	1	1
exp0306	31-МР_28112017#0041	0	0
exp0306	4927-У_08102018#0639	0	0
exp0306	6406-У_10042023#0647	0	0
exp0306	6579-У_16102023#0041	1	1
exp0306	5510-У_20072020#0001	0	0
exp0306	6406-У_10042023#0412	0	0
exp0306	6406-У_10042023#1074	0	0
exp0306	6406-У_10042023#1799	2	2
exp0306	6411-У_17042023#0061	1	1
exp0307	6406-У_10042023#0612	0	0
exp0307	6579-У_16102023#0015	0	0
exp0307	4212-У_24112016#0256	0	0
exp0307	6406-У_10042023#0699	1	1
exp0307	4383-У_24052017#0110	0	0
exp0307	6406-У_10042023#1799	1	1
exp0307	6411-У_17042023#0061	0	0
exp0307	180-И_28062017#0170	0	0
exp0307	4212-У_24112016#0271	0	0
exp0307	181-И_16082017#0219	0	0
exp0307	4212-У_24112016#0087	0	0
exp0307	6406-У_10042023#2419	1	1
exp0307	4927-У_08102018#0300	0	0
exp0307	6579-У_16102023#0041	0	0
exp0308	873-П_10102025#0032	1	1
exp0308	4927-У_08102018#0327	1	1
exp0308	4212-У_24112016#0285	1	1
exp0308	486-П_02092015#0052	1	1
exp0308	4927-У_08102018#0669	1	1
exp0308	6406-У_10042023#1221	0	0
exp0308	612-П_25102017#0029	0	0
exp0308	4927-У_08102018#0556	0	0
exp0308	4927-У_08102018#0640	0	0
exp0308	4212-У_24112016#0286	1	1
exp0308	4212-У_24112016#0576	1	1
exp0308	3348-У_25072014#0006	0	0
exp0308	416-П_18022014#0048	0	0
exp0308	4212-У_24112016#0287	1	1
exp0309	6406-У_10042023#1800	1	1
exp0309	6406-У_10042023#1217	1	1
exp0309	4927-У_08102018#0633	1	1
exp0309	579-П_27022017#0618	0	0
exp0309	579-П_27022017#0619	0	0
exp0309	6406-У_10042023#0789	1	1
exp0309	579-П_27022017#0615	1	1
exp0309	4927-У_08102018#0953	1	1
exp0309	4212-У_24112016#0081	1	1
exp0309	6406-У_10042023#0412	1	1
exp0309	4927-У_08102018#0866	1	1
exp0309	4212-У_24112016#0260	2	2
exp0309	4383-У_24052017#0087	1	1
exp0309	4383-У_24052017#0033	0	0
exp0310	5911-У_02092021#0001	1	1
exp0310	4212-У_24112016#0040	1	1
exp0310	5441-У_14042020#0008	0	0
exp0310	4212-У_24112016#0918	1	1
exp0310	4927-У_08102018#1054	1	1
exp0310	3220-У_31032014#0007	0	0
exp0310	4927-У_08102018#0048	2	2
exp0310	6406-У_10042023#1686	1	1
exp0310	6406-У_10042023#0743	1	1
exp0310	4927-У_08102018#0976	1	1
exp0310	5441-У_14042020#0007	0	0
exp0310	3219-У_31032014#0007	0	0
exp0310	4927-У_08102018#1457	1	1
exp0310	4927-У_08102018#0442	2	2
exp0311	758-П_11052021#0082	0	0
exp0311	4927-У_08102018#0119	2	2
exp0311	454-П_30122014#0726	0	0
exp0311	6406-У_10042023#1813	1	1
exp0311	6406-У_10042023#0467	1	1
exp0311	31-МР_28112017#0042	1	1
exp0311	6579-У_16102023#0086	1	1
exp0311	758-П_11052021#0048	0	0
exp0311	758-П_11052021#0047	0	0
exp0311	6579-У_16102023#0015	1	1
exp0311	454-П_30122014#0558	0	0
exp0311	4212-У_24112016#0109	1	1
exp0311	6406-У_10042023#1812	2	2
exp0311	758-П_11052021#0067	0	0
exp0312	4212-У_24112016#0542	0	0
exp0312	4927-У_08102018#0645	0	0
exp0312	4927-У_08102018#0574	0	0
exp0312	4927-У_08102018#0593	1	1
exp0312	4927-У_08102018#0302	0	0
exp0312	4927-У_08102018#0612	0	0
exp0312	4927-У_08102018#1097	0	0
exp0312	4212-У_24112016#0540	0	0
exp0312	6406-У_10042023#1078	0	0
exp0312	4927-У_08102018#0625	0	0
exp0312	4212-У_24112016#0503	0	0
exp0312	4927-У_08102018#0613	0	0
exp0312	6406-У_10042023#1238	0	0
exp0312	4212-У_24112016#0258	0	0
exp0313	4927-У_08102018#0303	1	1
exp0313	4212-У_24112016#0288	1	1
exp0313	6406-У_10042023#1808	1	1
exp0313	6406-У_10042023#1237	0	0
exp0313	6406-У_10042023#1807	0	0
exp0313	3249-У_29042014#0000	0	0
exp0313	6406-У_10042023#1809	0	0
exp0313	6406-У_10042023#1801	0	0
exp0313	6406-У_10042023#1228	0	0
exp0313	4212-У_24112016#0260	0	0
exp0313	4927-У_08102018#0302	0	0
exp0313	6406-У_10042023#1806	1	1
exp0313	4212-У_24112016#0258	0	0
exp0313	6406-У_10042023#0702	1	1
exp0314	4927-У_08102018#0642	1	1
exp0314	6960-У_16122024#0053	0	0
exp0314	6411-У_17042023#0116	1	1
exp0314	5115-У_02042019#0053	0	0
exp0314	5115-У_02042019#0052	0	0
exp0314	6960-У_16122024#0051	0	0
exp0314	4892-У_31082018#0059	0	0
exp0314	31-МР_28112017#0034	0	0
exp0314	220-И_26052025#0185	0	0
exp0314	5864-У_16072021#0010	0	0
exp0314	6411-У_17042023#0113	0	0
exp0314	6960-У_16122024#0055	0	0
exp0314	6411-У_17042023#0115	0	0
exp0314	6411-У_17042023#0111	0	0
exp0315	199-И_29112019#0410	0	0
exp0315	4212-У_24112016#0506	0	0
exp0315	6406-У_10042023#1207	0	0
exp0315	6406-У_10042023#0911	0	0
exp0315	579-П_27022017#0469	0	0
exp0315	4927-У_08102018#0044	0	0
exp0315	6406-У_10042023#1100	0	0
exp0315	6411-У_17042023#0097	1	1
exp0315	6406-У_10042023#0094	0	0
exp0315	6960-У_16122024#0028	1	1
exp0315	181-И_16082017#0237	0	0
exp0315	4356-У_21042017#0236	0	0
exp0315	6406-У_10042023#1907	0	0
exp0315	6406-У_10042023#0536	0	0
exp0316	3-МР_14022020#0000	1	1
exp0316	6406-У_10042023#1246	2	2
exp0316	4927-У_08102018#0652	1	1
exp0316	6406-У_10042023#1251	1	1
exp0316	6406-У_10042023#1224	0	0
exp0316	6406-У_10042023#0439	0	0
exp0316	5-МР_20042022#0000	1	1
exp0316	6406-У_10042023#1212	1	1
exp0316	6406-У_10042023#1223	1	1
exp0316	6406-У_10042023#1226	0	0
exp0316	6406-У_10042023#1225	1	1
exp0316	6406-У_10042023#1227	1	1
exp0316	6406-У_10042023#1213	1	1
exp0316	4927-У_08102018#0642	1	1
exp0317	4212-У_24112016#0258	0	0
exp0317	4212-У_24112016#0450	0	0
exp0317	4927-У_08102018#0446	0	0
exp0317	4927-У_08102018#0302	0	0
exp0317	4927-У_08102018#0622	1	1
exp0317	605-П_02102017#0086	0	0
exp0317	6406-У_10042023#1801	1	1
exp0317	4212-У_24112016#0384	0	0
exp0317	4927-У_08102018#0509	0	0
exp0317	4927-У_08102018#0164	0	0
exp0317	6406-У_10042023#0529	0	0
exp0317	4212-У_24112016#0146	0	0
exp0317	6406-У_10042023#0701	0	0
exp0317	4927-У_08102018#0445	0	0
exp0318	180-И_28062017#0158	0	0
exp0318	4212-У_24112016#0556	0	0
exp0318	6406-У_10042023#0439	0	0
exp0318	6406-У_10042023#1209	0	0
exp0318	4927-У_08102018#0642	1	1
exp0318	6406-У_10042023#1251	0	0
exp0318	6406-У_10042023#1212	0	0
exp0318	4212-У_24112016#0555	1	1
exp0318	4212-У_24112016#0083	1	1
exp0318	4212-У_24112016#0557	1	1
exp0318	6406-У_10042023#1225	0	0
exp0318	6406-У_10042023#1224	0	0
exp0318	4927-У_08102018#0099	1	1
exp0318	6406-У_10042023#1210	0	0
exp0319	6406-У_10042023#0446	0	0
exp0319	6406-У_10042023#0704	1	1
exp0319	4212-У_24112016#0555	1	1
exp0319	4212-У_24112016#0557	1	1
exp0319	4297-У_22022017#0013	0	0
exp0319	4927-У_08102018#0641	2	2
exp0319	6993-У_03022025#0003	1	1
exp0319	6406-У_10042023#1217	0	0
exp0319	4927-У_08102018#0642	1	1
exp0319	6993-У_03022025#0002	1	1
exp0319	6406-У_10042023#1224	1	1
exp0319	6406-У_10042023#1223	1	1
exp0319	48-МР_26122016#0028	1	1
exp0319	6406-У_10042023#1227	0	0
exp0320	486-П_02092015#0023	0	0
exp0320	4892-У_31082018#0050	1	1
exp0320	5123-У_09042019#0037	0	0
exp0320	4892-У_31082018#0043	0	0
exp0320	4212-У_24112016#0971	0	0
exp0320	5115-У_02042019#0052	0	0
exp0320	6406-У_10042023#0402	0	0
exp0320	6960-У_16122024#0041	0	0
exp0320	4927-У_08102018#0044	0	0
exp0320	6960-У_16122024#0042	0	0
exp0320	4892-У_31082018#0044	1	1
exp0320	487-П_02092015#0176	0	0
exp0320	6406-У_10042023#2061	0	0
exp0320	4892-У_31082018#0042	0	0
exp0321	5395-У_29012020#0030	0	0
exp0321	5395-У_29012020#0087	0	0
exp0321	5395-У_29012020#0014	0	0
exp0321	5395-У_29012020#0069	0	0
exp0321	5395-У_29012020#0091	0	0
exp0321	5395-У_29012020#0096	0	0
exp0321	5395-У_29012020#0046	0	0
exp0321	5395-У_29012020#0013	1	1
exp0321	5395-У_29012020#0092	0	0
exp0321	5395-У_29012020#0029	0	0
exp0321	5395-У_29012020#0002	0	0
exp0321	5395-У_29012020#0088	0	0
exp0321	5395-У_29012020#0015	1	1
exp0321	5395-У_29012020#0016	1	1
exp0322	5395-У_29012020#0096	0	0
exp0322	5395-У_29012020#0002	0	0
exp0322	5395-У_29012020#0059	0	0
exp0322	5395-У_29012020#0099	0	0
exp0322	5395-У_29012020#0014	0	0
exp0322	5395-У_29012020#0054	0	0
exp0322	5395-У_29012020#0058	0	0
exp0322	5395-У_29012020#0062	0	0
exp0322	5395-У_29012020#0092	0	0
exp0322	5395-У_29012020#0001	0	0
exp0322	5718-У_02022021#0033	0	0
exp0322	5395-У_29012020#0060	0	0
exp0322	5395-У_29012020#0061	0	0
exp0322	5395-У_29012020#0088	0	0
exp0323	5395-У_29012020#0068	0	0
exp0323	6406-У_10042023#2372	0	0
exp0323	4927-У_08102018#1365	1	1
exp0323	6406-У_10042023#2336	0	0
exp0323	5395-У_29012020#0001	1	1
exp0323	3860-У_30112015#0435	1	1
exp0323	5395-У_29012020#0025	0	0
exp0323	6985-У_09012025#0006	0	0
exp0323	5718-У_02022021#0034	1	1
exp0323	6985-У_09012025#0011	0	0
exp0323	526-П_28122015#0334	1	1
exp0323	5718-У_02022021#0027	1	1
exp0323	6985-У_09012025#0018	1	1
exp0323	6406-У_10042023#2200	1	1
exp0324	5395-У_29012020#0035	0	0
exp0324	5395-У_29012020#0014	0	0
exp0324	5395-У_29012020#0069	2	2
exp0324	5395-У_29012020#0063	0	0
exp0324	5342-У_04122019#0002	0	0
exp0324	5395-У_29012020#0097	0	0
exp0324	5395-У_29012020#0092	0	0
exp0324	5395-У_29012020#0067	0	0
exp0324	5395-У_29012020#0088	0	0
exp0324	5395-У_29012020#0002	0	0
exp0324	5395-У_29012020#0079	0	0
exp0324	5395-У_29012020#0071	0	0
exp0324	5395-У_29012020#0070	0	0
exp0324	5395-У_29012020#0072	0	0
exp0325	4395-У_05062017#0045	1	1
exp0325	4395-У_05062017#0053	1	1
exp0325	6614-У_29112023#0033	1	1
exp0325	6406-У_10042023#0044	0	0
exp0325	6406-У_10042023#0028	0	0
exp0325	6406-У_10042023#0153	0	0
exp0325	6406-У_10042023#1829	0	0
exp0325	5273-У_30092019#0002	0	0
exp0325	6614-У_29112023#0020	1	1
exp0325	6614-У_29112023#0000	1	1
exp0325	6406-У_10042023#0655	0	0
exp0325	6406-У_10042023#0675	0	0
exp0325	6406-У_10042023#0149	1	1
exp0325	5273-У_30092019#0009	0	0
exp0326	714-П_27032020#0417	0	0
exp0326	454-П_30122014#0012	0	0
exp0326	611-П_23102017#0038	1	1
exp0326	843-П_02102024#0091	0	0
exp0326	845-П_02112024#0127	0	0
exp0326	6406-У_10042023#0312	1	1
exp0326	714-П_27032020#0523	0	0
exp0326	714-П_27032020#0047	0	0
exp0326	590-П_28062017#0118	0	0
exp0326	213-И_10012024#0056	0	0
exp0326	590-П_28062017#0036	1	1
exp0326	714-П_27032020#0048	0	0
exp0326	590-П_28062017#0011	0	0
exp0326	611-П_23102017#0028	0	0
exp0327	590-П_28062017#0043	0	0
exp0327	6445-У_13062023#0056	0	0
exp0327	590-П_28062017#0023	0	0
exp0327	6445-У_13062023#0046	0	0
exp0327	180-И_28062017#0222	0	0
exp0327	454-П_30122014#0627	0	0
exp0327	590-П_28062017#0118	1	1
exp0327	590-П_28062017#0011	1	1
exp0327	714-П_27032020#0377	0	0
exp0327	590-П_28062017#0035	0	0
exp0327	590-П_28062017#0027	1	1
exp0327	590-П_28062017#0056	1	1
exp0327	5640-У_30112020#0009	0	0
exp0327	7278-У_12012026#0161	0	0
exp0328	48-МР_26122016#0004	0	0
exp0328	221-И_26052025#0031	0	0
exp0328	207-И_08112022#0004	0	0
exp0328	4336-У_03042017#0054	0	0
exp0328	48-МР_26122016#0011	0	0
exp0328	6406-У_10042023#2407	0	0
exp0328	220-И_26052025#0055	0	0
exp0328	4952-У_29102018#0007	0	0
exp0328	199-И_29112019#0109	1	1
exp0328	199-И_29112019#0074	0	0
exp0328	579-П_27022017#0081	0	0
exp0328	220-И_26052025#0056	0	0
exp0328	199-И_29112019#0110	1	1
exp0328	207-И_08112022#0007	0	0
exp0329	590-П_28062017#0029	1	1
exp0329	590-П_28062017#0058	1	1
exp0329	3670-У_10062015#0015	1	1
exp0329	4927-У_08102018#0083	0	0
exp0329	6406-У_10042023#0413	1	1
exp0329	590-П_28062017#0034	1	1
exp0329	5510-У_20072020#0022	1	1
exp0329	31-МР_28112017#0086	1	1
exp0329	31-МР_28112017#0043	1	1
exp0329	4466-У_12072017#0023	0	0
exp0329	1-ОР_30092020#0009	1	1
exp0329	590-П_28062017#0051	0	0
exp0329	590-П_28062017#0066	0	0
exp0329	4927-У_08102018#0085	0	0
exp0330	590-П_28062017#0082	0	0
exp0330	590-П_28062017#0060	0	0
exp0330	878-П_12012026#0017	0	0
exp0330	6208-У_27072022#0002	0	0
exp0330	590-П_28062017#0008	0	0
exp0330	590-П_28062017#0037	0	0
exp0330	6406-У_10042023#1136	0	0
exp0330	590-П_28062017#0110	0	0
exp0330	590-П_28062017#0109	0	0
exp0330	590-П_28062017#0107	0	0
exp0330	590-П_28062017#0059	1	1
exp0330	4466-У_12072017#0016	0	0
exp0330	590-П_28062017#0103	0	0
exp0330	590-П_28062017#0058	1	1
exp0331	590-П_28062017#0028	0	0
exp0331	526-П_28122015#0295	0	0
exp0331	4383-У_24052017#0076	0	0
exp0331	4383-У_24052017#0074	0	0
exp0331	809-П_24112022#0543	0	0
exp0331	809-П_24112022#0014	0	0
exp0331	590-П_28062017#0030	0	0
exp0331	3322-У_14072014#0003	0	0
exp0331	31-МР_28112017#0042	0	0
exp0331	4054-У_28062016#0004	0	0
exp0331	590-П_28062017#0029	0	0
exp0331	590-П_28062017#0033	0	0
exp0331	590-П_28062017#0070	0	0
exp0331	5500-У_07072020#0002	0	0
exp0332	864-П_31072025#0117	0	0
exp0332	510-П_03122015#0013	0	0
exp0332	590-П_28062017#0017	1	1
exp0332	864-П_31072025#0000	0	0
exp0332	590-П_28062017#0051	0	0
exp0332	590-П_28062017#0037	0	0
exp0332	421-П_30052014#0062	0	0
exp0332	221-И_26052025#0092	0	0
exp0332	864-П_31072025#0014	0	0
exp0332	1-ОР_30092020#0007	0	0
exp0332	590-П_28062017#0058	0	0
exp0332	590-П_28062017#0045	0	0
exp0332	4927-У_08102018#0083	0	0
exp0332	6406-У_10042023#0422	0	0
exp0333	415-П_18022014#0082	1	1
exp0333	415-П_18022014#0086	0	0
exp0333	6406-У_10042023#0418	0	0
exp0333	590-П_28062017#0032	1	1
exp0333	415-П_18022014#0034	0	0
exp0333	415-П_18022014#0099	0	0
exp0333	31-МР_28112017#0043	0	0
exp0333	415-П_18022014#0103	0	0
exp0333	590-П_28062017#0022	1	1
exp0333	590-П_28062017#0120	1	1
exp0333	590-П_28062017#0025	1	1
exp0333	590-П_28062017#0031	1	1
exp0333	590-П_28062017#0033	1	1
exp0333	590-П_28062017#0034	1	1
exp0334	48-МР_26122016#0036	0	0
exp0334	220-И_26052025#0457	0	0
exp0334	590-П_28062017#0032	1	1
exp0334	590-П_28062017#0057	1	1
exp0334	590-П_28062017#0028	1	1
exp0334	590-П_28062017#0033	1	1
exp0334	590-П_28062017#0029	1	1
exp0334	590-П_28062017#0034	1	1
exp0334	590-П_28062017#0058	1	1
exp0334	483-П_06082015#0063	1	1
exp0334	590-П_28062017#0031	1	1
exp0334	31-МР_28112017#0086	0	0
exp0334	590-П_28062017#0100	1	1
exp0334	6406-У_10042023#1136	0	0
exp0335	7206-У_10102025#0020	0	0
exp0335	534-П_24022016#0051	0	0
exp0335	878-П_12012026#0022	0	0
exp0335	611-П_23102017#0004	0	0
exp0335	611-П_23102017#0015	0	0
exp0335	6406-У_10042023#1910	0	0
exp0335	611-П_23102017#0011	0	0
exp0335	611-П_23102017#0042	0	0
exp0335	611-П_23102017#0032	1	1
exp0335	611-П_23102017#0018	1	1
exp0335	611-П_23102017#0012	0	0
exp0335	534-П_24022016#0084	0	0
exp0335	878-П_12012026#0079	0	0
exp0335	4983-У_27112018#0033	0	0
exp0336	590-П_28062017#0060	0	0
exp0336	590-П_28062017#0032	1	1
exp0336	611-П_23102017#0011	1	1
exp0336	5275-У_30092019#0014	0	0
exp0336	611-П_23102017#0018	1	1
exp0336	611-П_23102017#0037	1	1
exp0336	590-П_28062017#0040	0	0
exp0336	611-П_23102017#0004	1	1
exp0336	590-П_28062017#0090	0	0
exp0336	590-П_28062017#0058	1	1
exp0336	611-П_23102017#0032	1	1
exp0336	590-П_28062017#0013	0	0
exp0336	810-П_24112022#0024	0	0
exp0336	878-П_12012026#0022	1	1
exp0337	845-П_02112024#0132	0	0
exp0337	31-МР_28112017#0037	0	0
exp0337	590-П_28062017#0027	0	0
exp0337	845-П_02112024#0130	0	0
exp0337	845-П_02112024#0139	0	0
exp0337	3670-У_10062015#0015	1	1
exp0337	7240-У_12112025#0011	1	1
exp0337	590-П_28062017#0025	0	0
exp0337	590-П_28062017#0058	1	1
exp0337	31-МР_28112017#0043	0	0
exp0337	590-П_28062017#0030	0	0
exp0337	1-ОР_30092020#0010	0	0
exp0337	590-П_28062017#0029	1	1
exp0337	1-ОР_30092020#0008	0	0
exp0338	878-П_12012026#0039	0	0
exp0338	611-П_23102017#0008	0	0
exp0338	590-П_28062017#0120	0	0
exp0338	611-П_23102017#0018	0	0
exp0338	590-П_28062017#0058	0	0
exp0338	4927-У_08102018#0296	0	0
exp0338	878-П_12012026#0044	0	0
exp0338	611-П_23102017#0037	1	1
exp0338	198-И_06062019#0008	0	0
exp0338	611-П_23102017#0013	0	0
exp0338	611-П_23102017#0021	0	0
exp0338	611-П_23102017#0011	0	0
exp0338	590-П_28062017#0060	0	0
exp0338	590-П_28062017#0037	0	0
exp0339	611-П_23102017#0013	0	0
exp0339	590-П_28062017#0032	0	0
exp0339	590-П_28062017#0031	0	0
exp0339	590-П_28062017#0022	1	1
exp0339	590-П_28062017#0017	1	1
exp0339	3421-У_21102014#0014	0	0
exp0339	590-П_28062017#0020	0	0
exp0339	590-П_28062017#0058	1	1
exp0339	590-П_28062017#0016	1	1
exp0339	590-П_28062017#0034	0	0
exp0339	590-П_28062017#0120	0	0
exp0339	3670-У_10062015#0017	1	1
exp0339	483-П_06082015#0063	0	0
exp0339	3489-У_15122014#0003	1	1
exp0340	5930-У_15092021#0002	0	0
exp0340	590-П_28062017#0030	1	1
exp0340	590-П_28062017#0037	0	0
exp0340	590-П_28062017#0033	1	1
exp0340	873-П_10102025#0023	0	0
exp0340	590-П_28062017#0052	0	0
exp0340	590-П_28062017#0065	1	1
exp0340	611-П_23102017#0036	1	1
exp0340	590-П_28062017#0032	1	1
exp0340	5930-У_15092021#0000	0	0
exp0340	590-П_28062017#0029	1	1
exp0340	590-П_28062017#0031	1	1
exp0340	4801-У_22052018#0001	0	0
exp0340	590-П_28062017#0066	0	0
exp0341	590-П_28062017#0023	0	0
exp0341	4927-У_08102018#0569	0	0
exp0341	590-П_28062017#0031	1	1
exp0341	3670-У_10062015#0017	0	0
exp0341	590-П_28062017#0028	1	1
exp0341	590-П_28062017#0058	1	1
exp0341	199-И_29112019#0118	0	0
exp0341	590-П_28062017#0033	0	0
exp0341	590-П_28062017#0029	1	1
exp0341	590-П_28062017#0030	0	0
exp0341	590-П_28062017#0026	0	0
exp0341	31-МР_28112017#0042	0	0
exp0341	590-П_28062017#0037	0	0
exp0341	590-П_28062017#0034	1	1
exp0342	4135-У_16092016#0001	0	0
exp0342	3433-У_31102014#0006	0	0
exp0342	3489-У_15122014#0003	0	0
exp0342	3433-У_31102014#0005	0	0
exp0342	3550-У_30012015#0001	0	0
exp0342	4927-У_08102018#0083	0	0
exp0342	5636-У_26112020#0033	0	0
exp0342	845-П_02112024#0128	0	0
exp0342	6406-У_10042023#0413	0	0
exp0342	220-И_26052025#0102	0	0
exp0342	3593-У_13032015#0001	0	0
exp0342	3745-У_31072015#0001	0	0
exp0342	3495-У_18122014#0000	0	0
exp0342	871-П_30092025#0023	0	0
exp0343	590-П_28062017#0109	0	0
exp0343	590-П_28062017#0040	0	0
exp0343	590-П_28062017#0052	0	0
exp0343	590-П_28062017#0058	1	1
exp0343	590-П_28062017#0057	0	0
exp0343	590-П_28062017#0123	1	1
exp0343	4927-У_08102018#0085	0	0
exp0343	590-П_28062017#0032	1	1
exp0343	590-П_28062017#0029	0	0
exp0343	590-П_28062017#0100	1	1
exp0343	4927-У_08102018#0619	0	0
exp0343	590-П_28062017#0103	1	1
exp0343	221-И_26052025#0092	0	0
exp0343	590-П_28062017#0033	1	1
exp0344	758-П_11052021#0175	0	0
exp0344	758-П_11052021#0003	0	0
exp0344	758-П_11052021#0179	0	0
exp0344	5704-У_11012021#0012	0	0
exp0344	758-П_11052021#0183	0	0
exp0344	758-П_11052021#0113	0	0
exp0344	758-П_11052021#0014	0	0
exp0344	758-П_11052021#0013	0	0
exp0344	758-П_11052021#0012	0	0
exp0344	758-П_11052021#0126	0	0
exp0344	758-П_11052021#0189	0	0
exp0344	758-П_11052021#0187	0	0
exp0344	758-П_11052021#0188	0	0
exp0344	758-П_11052021#0156	0	0
exp0345	5-МР_20042022#0001	0	0
exp0345	4927-У_08102018#0044	0	0
exp0345	5-МР_20042022#0000	1	1
exp0345	4927-У_08102018#0713	0	0
exp0345	4641-У_07122017#0000	0	0
exp0345	4966-У_12112018#0000	0	0
exp0345	5-МР_20042022#0002	0	0
exp0345	6411-У_17042023#0028	0	0
exp0345	4927-У_08102018#1312	0	0
exp0345	4927-У_08102018#0858	0	0
exp0345	32-МР_29092016#0065	0	0
exp0345	4927-У_08102018#0927	0	0
exp0345	3-МР_14022020#0002	0	0
exp0345	809-П_24112022#0454	0	0
exp0346	798-П_29062022#0080	0	0
exp0346	625-П_27122017#0132	0	0
exp0346	742-П_03122020#0051	0	0
exp0346	192-И_17102018#0072	0	0
exp0346	625-П_27122017#0145	0	0
exp0346	748-П_25122020#0081	0	0
exp0346	192-И_17102018#0017	0	0
exp0346	625-П_27122017#0179	0	0
exp0346	192-И_17102018#0022	0	0
exp0346	798-П_29062022#0030	1	1
exp0346	798-П_29062022#0019	0	0
exp0346	631-П_07022018#0021	0	0
exp0346	798-П_29062022#0049	0	0
exp0346	6864-У_26092024#0024	0	0
man0000	199-И_29112019#0147	1	1
man0000	595-П_06072017#0167	0	0
man0000	175-И_14112016#0026	0	0
man0000	6472-У_28062023#0017	0	0
man0000	180-И_28062017#0085	1	1
man0000	752-П_11012021#0001	0	0
man0000	510-П_03122015#0044	0	0
man0000	732-П_24092020#0104	1	1
man0000	595-П_06072017#0100	0	0
man0000	6472-У_28062023#0012	0	0
man0000	3624-У_15042015#0064	0	0
man0000	510-П_03122015#0042	0	0
man0000	175-И_14112016#0021	0	0
man0000	4466-У_12072017#0005	0	0
man0001	180-И_28062017#0086	1	1
man0001	421-П_30052014#0048	1	1
man0001	4336-У_03042017#0027	1	1
man0001	180-И_28062017#0085	1	1
man0001	199-И_29112019#0158	0	0
man0001	199-И_29112019#0147	1	1
man0001	3624-У_15042015#0062	0	0
man0001	3624-У_15042015#0064	0	0
man0001	199-И_29112019#0151	1	1
man0001	3624-У_15042015#0063	1	1
man0001	220-И_26052025#0135	1	1
man0001	421-П_30052014#0065	1	1
man0001	180-И_28062017#0089	1	1
man0001	180-И_28062017#0095	1	1
man0002	752-П_11012021#0003	0	0
man0002	199-И_29112019#0336	0	0
man0002	221-И_26052025#0024	0	0
man0002	4212-У_24112016#0996	0	0
man0002	5970-У_05102021#0013	0	0
man0002	809-П_24112022#0567	0	0
man0002	199-И_29112019#0003	0	0
man0002	6018-У_16122021#0026	0	0
man0002	6018-У_16122021#0024	1	1
man0002	6406-У_10042023#1242	0	0
man0002	180-И_28062017#0165	0	0
man0002	220-И_26052025#0003	0	0
man0002	752-П_11012021#0026	0	0
man0002	6018-У_16122021#0025	1	1
man0003	6614-У_29112023#0031	0	0
man0003	845-П_02112024#0250	0	0
man0003	648-П_16072018#0008	0	0
man0003	431-П_19092014#0034	0	0
man0003	5884-У_16082021#0007	0	0
man0003	5884-У_16082021#0022	0	0
man0003	5065-У_31012019#0019	0	0
man0003	676-П_25022019#0035	0	0
man0003	4963-У_12112018#0007	0	0
man0003	5884-У_16082021#0018	0	0
man0003	676-П_25022019#0034	1	1
man0003	5884-У_16082021#0000	0	0
man0003	6716-У_11042024#0012	0	0
man0003	5884-У_16082021#0011	0	0
man0004	878-П_12012026#0016	0	0
man0004	4927-У_08102018#1522	0	0
man0004	753-П_11012021#0029	0	0
man0004	753-П_11012021#0022	0	0
man0004	3978-У_09032016#0005	2	2
man0004	6406-У_10042023#2384	0	0
man0004	507-П_01122015#0031	0	0
man0004	611-П_23102017#0016	0	0
man0004	507-П_01122015#0028	0	0
man0004	6406-У_10042023#2411	0	0
man0004	3924-У_28122015#0062	1	1
man0004	507-П_01122015#0053	1	1
man0004	753-П_11012021#0057	0	0
man0004	4253-У_27122016#0001	2	2
man0005	6928-У_05112024#0001	0	0
man0005	5452-У_30042020#0002	0	0
man0005	6928-У_05112024#0000	0	0
man0005	860-П_18062025#0043	0	0
man0005	833-П_07122023#0001	0	0
man0005	7089-У_18062025#0046	0	0
man0005	833-П_07122023#0012	0	0
man0005	860-П_18062025#0042	0	0
man0005	3234-У_18042014#0031	0	0
man0005	833-П_07122023#0005	0	0
man0005	860-П_18062025#0074	0	0
man0005	579-П_27022017#0324	0	0
man0005	833-П_07122023#0018	0	0
man0005	833-П_07122023#0017	0	0
man0006	3463-У_30112014#0023	0	0
man0006	860-П_18062025#0008	0	0
man0006	157-И_06112014#0018	0	0
man0006	3901-У_16122015#0012	0	0
man0006	3078-У_25102013#0019	0	0
man0006	445-П_15122014#0016	0	0
man0006	3463-У_30112014#0063	0	0
man0006	3471-У_05122014#0014	0	0
man0006	860-П_18062025#0001	0	0
man0006	154-И_17062014#0101	0	0
man0006	868-П_23092025#0034	0	0
man0006	445-П_15122014#0011	0	0
man0006	698-П_24102019#0002	0	0
man0006	445-П_15122014#0019	0	0
man0007	4356-У_21042017#0529	0	0
man0007	7089-У_18062025#0053	0	0
man0007	858-П_17062025#0051	0	0
man0007	475-П_29062015#0007	0	0
man0007	199-И_29112019#0188	0	0
man0007	220-И_26052025#0178	0	0
man0007	777-П_26102021#0068	0	0
man0007	475-П_29062015#0064	0	0
man0007	3348-У_25072014#0010	0	0
man0007	220-И_26052025#0179	0	0
man0007	5365-У_23122019#0003	0	0
man0007	4015-У_13052016#0018	0	0
man0007	704-П_04122019#0136	0	0
man0007	827-П_02102023#0007	0	0
man0008	421-П_30052014#0017	0	0
man0008	6993-У_03022025#0031	1	1
man0008	3-МР_14022020#0000	1	1
man0008	180-И_28062017#0158	0	0
man0008	6993-У_03022025#0029	2	2
man0008	199-И_29112019#0125	2	2
man0008	6044-У_28122021#0038	0	0
man0008	4212-У_24112016#0564	0	0
man0008	4795-У_15052018#0001	2	2
man0008	714-П_27032020#0478	0	0
man0008	6993-У_03022025#0035	1	1
man0008	845-П_02112024#0013	1	1
man0008	6993-У_03022025#0030	1	1
man0008	6993-У_03022025#0032	1	1
man0009	6889-У_02102024#0005	1	1
man0009	838-П_21052024#0034	0	0
man0009	6889-У_02102024#0000	1	1
man0009	508-П_03122015#0014	2	2
man0009	605-П_02102017#0061	0	0
man0009	605-П_02102017#0047	1	1
man0009	723-П_18062020#0031	0	0
man0009	776-П_23092021#0034	0	0
man0009	6889-У_02102024#0004	1	1
man0009	508-П_03122015#0009	0	0
man0009	612-П_25102017#0377	1	1
man0009	508-П_03122015#0013	1	1
man0009	829-П_17102023#0024	0	0
man0009	606-П_02102017#0035	1	1
man0010	1-ОР_30092020#0003	0	0
man0010	6139-У_17052022#0008	0	0
man0010	6139-У_17052022#0001	1	1
man0010	199-И_29112019#0057	0	0
man0010	180-И_28062017#0052	0	0
man0010	5704-У_11012021#0015	0	0
man0010	6139-У_17052022#0024	0	0
man0010	6139-У_17052022#0012	0	0
man0010	3860-У_30112015#0390	0	0
man0010	5704-У_11012021#0014	0	0
man0010	4927-У_08102018#0606	0	0
man0010	3860-У_30112015#0380	0	0
man0010	6139-У_17052022#0011	0	0
man0010	3924-У_28122015#0036	0	0
